vibration,temperature,current,anomaly_score,health_raw,health_state,trend_slope_per_day,remaining_days,maintenance_level,maintenance_reason,fail_prob_0.25d,fail_prob_0.5d,fail_prob_0.75d,fail_prob_1d,top_contributors,timestamp
1.46,37.0,4.55,-0.48707,83.2,64.04,0.0,90,OK,No action needed.,0.0,0.0,0.0,0.0,,2026-08-05 14:28:18.351979
1.35,37.1,4.4,-0.49189,79.31,71.68,0.0,90,OK,No action needed.,0.0,0.0,0.0,0.0,,2026-08-05 14:28:18.427111
1.36,38.4,4.38,-0.49453,77.17,73.51,0.0,90,OK,No action needed.,0.0,0.0,0.0,0.0,,2026-08-05 14:28:18.516587
1.1,34.8,4.26,-0.49467,77.06,74.4,0.0,90,OK,No action needed.,0.0,0.0,0.0,0.0,,2026-08-05 14:28:18.570654
1.25,37.6,4.49,-0.50174,71.34,73.79,0.0,90,OK,No action needed.,0.0,0.0,0.0,0.0,,2026-08-05 14:28:18.622956
1.4,35.6,4.88,-0.5428,38.13,67.78,0.0,90,OK,No action needed.,0.0,0.0,0.0,0.0,,2026-08-05 14:28:18.671453
1.34,35.5,4.34,-0.53554,44.0,64.34,0.0,90,OK,No action needed.,0.0,0.0,0.0,0.0,,2026-08-05 14:28:18.719744
1.1,34.4,4.36,-0.51476,60.81,63.89,0.0,90,OK,No action needed.,0.0,0.0,0.0,0.0,,2026-08-05 14:28:18.778972
1.34,36.4,4.67,-0.50209,71.06,64.7,0.0,90,OK,No action needed.,0.0,0.0,0.0,0.0,,2026-08-05 14:28:18.841736
0.89,34.9,4.64,-0.49526,76.58,65.93,0.0,90,OK,No action needed.,0.0,0.0,0.0,0.0,,2026-08-05 14:28:18.898404
1.18,37.3,4.18,-0.48558,84.42,67.67,0.0,90,OK,No action needed.,0.0,0.0,0.0,0.0,,2026-08-05 14:28:18.956926
1.17,37.2,4.2,-0.48685,83.39,69.04,0.0,90,OK,No action needed.,0.0,0.0,0.0,0.0,,2026-08-05 14:28:19.012149
1.45,40.6,4.41,-0.48717,83.13,70.19,0.0,90,OK,No action needed.,0.0,0.0,0.0,0.0,,2026-08-05 14:28:19.063742
1.4,39.3,4.81,-0.47926,89.52,71.66,0.0,90,OK,No action needed.,0.0,0.0,0.0,0.0,,2026-08-05 14:28:19.115475
1.61,36.0,4.54,-0.48062,88.42,72.86,0.0,90,OK,No action needed.,0.0,0.0,0.0,0.0,,2026-08-05 14:28:19.165072
1.38,34.9,4.66,-0.47787,90.65,74.06,0.0,90,OK,No action needed.,0.0,0.0,0.0,0.0,,2026-08-05 14:28:19.216333
1.45,33.0,4.7,-0.48284,86.63,74.87,0.0,90,OK,No action needed.,0.0,0.0,0.0,0.0,,2026-08-05 14:28:19.265133
1.11,35.4,4.93,-0.47985,89.05,75.74,0.0,90,OK,No action needed.,0.0,0.0,0.0,0.0,,2026-08-05 14:28:19.316461
1.04,33.0,4.73,-0.48611,83.98,76.23,0.0,90,OK,No action needed.,0.0,0.0,0.0,0.0,,2026-08-05 14:28:19.366304
1.05,39.0,4.45,-0.47985,89.04,76.96,0.0,90,OK,No action needed.,0.0,0.0,0.0,0.0,,2026-08-05 14:28:19.417027
1.21,37.2,4.52,-0.47127,95.99,78.0,0.0,90,OK,No action needed.,0.0,0.0,0.0,0.0,,2026-08-05 14:28:19.470236
0.96,35.1,4.74,-0.4866,83.59,78.29,0.0,90,OK,No action needed.,0.0,0.0,0.0,0.0,,2026-08-05 14:28:19.520048
1.2,35.9,4.4,-0.49543,76.44,78.2,0.0,90,OK,No action needed.,0.0,0.0,0.0,0.0,,2026-08-05 14:28:19.572963
1.29,37.1,4.72,-0.49054,80.4,78.31,0.0,90,OK,No action needed.,0.0,0.0,0.0,0.0,,2026-08-05 14:28:19.623392
1.17,35.6,4.81,-0.47757,90.89,78.91,0.0,90,OK,No action needed.,0.0,0.0,0.0,0.0,,2026-08-05 14:28:19.673624
1.2,33.9,4.56,-0.47761,90.86,79.48,0.0,90,OK,No action needed.,0.0,0.0,0.0,0.0,,2026-08-05 14:28:19.725657
1.27,35.5,4.78,-0.48595,84.11,79.69,0.0,90,OK,No action needed.,0.0,0.0,0.0,0.0,,2026-08-05 14:28:19.776328
1.3,33.0,4.44,-0.49805,74.33,79.45,0.0,90,OK,No action needed.,0.0,0.0,0.0,0.0,,2026-08-05 14:28:19.831869
1.14,35.3,4.64,-0.50118,71.79,79.11,0.0,90,OK,No action needed.,0.0,0.0,0.0,0.0,,2026-08-05 14:28:19.884522
1.0,37.1,4.46,-0.50173,71.35,78.78,0.0,90,OK,No action needed.,0.0,0.0,0.0,0.0,,2026-08-05 14:28:19.949196
1.47,32.2,4.63,-0.48703,83.24,78.96,0.0,90,OK,No action needed.,0.0,0.0,0.0,0.0,,2026-08-05 14:28:20.010435
1.34,37.3,4.17,-0.48545,84.52,79.2,0.0,90,OK,No action needed.,0.0,0.0,0.0,0.0,,2026-08-05 14:28:20.061802
1.29,32.9,4.51,-0.49039,80.52,79.25,0.0,90,OK,No action needed.,0.0,0.0,0.0,0.0,,2026-08-05 14:28:20.114062
1.17,35.7,4.85,-0.47584,92.29,79.78,0.0,90,OK,No action needed.,0.0,0.0,0.0,0.0,,2026-08-05 14:28:20.171063
1.12,37.5,4.39,-0.47051,96.6,80.45,0.0,90,OK,No action needed.,0.0,0.0,0.0,0.0,,2026-08-05 14:28:20.221900
1.34,36.2,4.8,-0.47302,94.57,81.01,0.0,90,OK,No action needed.,0.0,0.0,0.0,0.0,,2026-08-05 14:28:20.274845
1.21,31.8,4.71,-0.4674,99.12,81.71,0.0,90,OK,No action needed.,0.0,0.0,0.0,0.0,,2026-08-05 14:28:20.329248
1.05,32.9,4.39,-0.46982,97.16,82.31,0.0,90,OK,No action needed.,0.0,0.0,0.0,0.0,,2026-08-05 14:28:20.389895
0.86,33.6,4.69,-0.48371,85.92,82.45,0.0,90,OK,No action needed.,0.0,0.0,0.0,0.0,,2026-08-05 14:28:20.444151
1.07,37.7,4.3,-0.48704,83.23,82.48,0.0,90,OK,No action needed.,0.0,0.0,0.0,0.0,,2026-08-05 14:28:20.493889
1.39,38.1,4.42,-0.47495,93.01,82.87,0.0,90,OK,No action needed.,0.0,0.0,0.0,0.0,,2026-08-05 14:28:20.552992
1.25,38.0,4.27,-0.48666,83.54,82.9,0.0,90,OK,No action needed.,0.0,0.0,0.0,0.0,,2026-08-05 14:28:20.610301
1.22,37.1,4.31,-0.49619,75.83,82.64,0.0,90,OK,No action needed.,0.0,0.0,0.0,0.0,,2026-08-05 14:28:20.663154
1.37,32.6,4.16,-0.48633,83.81,82.68,0.0,90,OK,No action needed.,0.0,0.0,0.0,0.0,,2026-08-05 14:28:20.718018
1.37,37.3,4.08,-0.50172,71.36,82.27,0.0,90,OK,No action needed.,0.0,0.0,0.0,0.0,,2026-08-05 14:28:20.773429
1.12,36.3,4.28,-0.49932,73.3,81.94,0.0,90,OK,No action needed.,0.0,0.0,0.0,0.0,,2026-08-05 14:28:20.824226
1.37,37.0,4.4,-0.51289,62.32,81.24,0.0,90,OK,No action needed.,0.0,0.0,0.0,0.0,,2026-08-05 14:28:20.878542
1.21,33.7,4.93,-0.5116,63.36,80.6,0.0,90,OK,No action needed.,0.0,0.0,0.0,0.0,,2026-08-05 14:28:20.932153
1.01,33.0,4.88,-0.52139,55.45,79.71,0.0,90,OK,No action needed.,0.0,0.0,0.0,0.0,,2026-08-05 14:28:20.986967
1.21,33.6,4.37,-0.52205,54.91,78.84,0.0,90,OK,No action needed.,0.0,0.0,0.0,0.0,,2026-08-05 14:28:21.048157
1.02,33.4,4.18,-0.51583,59.94,78.18,0.0,90,OK,No action needed.,0.0,0.0,0.0,0.0,,2026-08-05 14:28:21.099796
1.18,33.9,4.38,-0.50907,65.41,77.73,0.0,90,OK,No action needed.,0.0,0.0,0.0,0.0,,2026-08-05 14:28:21.150407
1.27,37.0,4.66,-0.4979,74.45,77.62,0.0,90,OK,No action needed.,0.0,0.0,0.0,0.0,,2026-08-05 14:28:21.200780
1.24,36.6,4.68,-0.49162,79.52,77.68,0.0,90,OK,No action needed.,0.0,0.0,0.0,0.0,,2026-08-05 14:28:21.250419
1.29,34.8,4.86,-0.48965,81.12,77.8,0.0,90,OK,No action needed.,0.0,0.0,0.0,0.0,,2026-08-05 14:28:21.301943
1.37,38.5,4.35,-0.48072,88.34,78.16,0.0,90,OK,No action needed.,0.0,0.0,0.0,0.0,,2026-08-05 14:28:21.349593
1.14,33.5,4.35,-0.4901,80.76,78.25,0.0,90,OK,No action needed.,0.0,0.0,0.0,0.0,,2026-08-05 14:28:21.442321
1.35,33.0,4.02,-0.49323,78.23,78.25,0.0,90,OK,No action needed.,0.0,0.0,0.0,0.0,,2026-08-05 14:28:21.491526
1.23,31.3,4.42,-0.49091,80.1,78.31,0.0,90,OK,No action needed.,0.0,0.0,0.0,0.0,,2026-08-05 14:28:21.541535
1.21,36.1,4.72,-0.48251,86.89,78.61,308.4309,90,OK,No action needed.,0.0237,0.0139,0.0072,0.0037,,2026-08-05 14:28:21.603828
1.47,34.0,4.65,-0.47524,92.77,79.09,298.8301,90,OK,No action needed.,0.0255,0.0158,0.0086,0.0045,,2026-08-05 14:28:21.652651
1.3,36.2,4.84,-0.47997,88.95,79.42,290.4085,90,OK,No action needed.,0.0272,0.0175,0.0098,0.0054,,2026-08-05 14:28:21.702841
1.59,36.9,4.62,-0.46483,100.0,80.12,283.8222,90,OK,No action needed.,0.0277,0.0184,0.0106,0.006,,2026-08-05 14:28:21.751496
1.43,39.3,4.78,-0.47107,96.15,80.66,278.5485,90,OK,No action needed.,0.0279,0.019,0.0112,0.0064,,2026-08-05 14:28:21.801964
1.37,39.3,4.57,-0.4863,83.83,80.76,273.5725,90,OK,No action needed.,0.0285,0.0198,0.0118,0.0069,,2026-08-05 14:28:21.852618
1.39,35.7,4.53,-0.49446,77.23,80.65,268.4318,90,OK,No action needed.,0.0294,0.0208,0.0126,0.0075,,2026-08-05 14:28:21.903897
1.47,36.4,4.9,-0.50594,67.94,80.22,262.5759,90,OK,No action needed.,0.031,0.0223,0.0139,0.0084,,2026-08-05 14:28:21.957790
1.24,36.5,4.6,-0.47486,93.08,80.65,257.6795,90,OK,No action needed.,0.0314,0.0231,0.0146,0.0089,,2026-08-05 14:28:22.010951
1.28,35.9,4.53,-0.47712,91.26,81.01,253.5117,90,OK,No action needed.,0.0315,0.0236,0.0151,0.0094,,2026-08-05 14:28:22.062489
1.18,35.1,4.06,-0.50432,69.26,80.61,248.7024,90,OK,No action needed.,0.0329,0.025,0.0162,0.0102,,2026-08-05 14:28:22.115967
0.91,35.9,4.16,-0.53643,43.28,79.37,241.8906,90,OK,No action needed.,0.0365,0.0282,0.0188,0.0121,,2026-08-05 14:28:22.178294
0.91,36.8,4.15,-0.54154,39.15,78.03,233.1509,90,OK,No action needed.,0.0421,0.0334,0.023,0.0153,,2026-08-05 14:28:22.235353
1.14,35.0,4.54,-0.53253,46.43,76.97,223.1686,90,OK,No action needed.,0.0493,0.0404,0.0289,0.0201,,2026-08-05 14:28:22.289907
1.21,37.9,4.7,-0.51635,59.52,76.39,212.829,90,OK,No action needed.,0.0568,0.0483,0.0359,0.026,,2026-08-05 14:28:22.340707
1.27,35.7,4.86,-0.52806,50.05,75.52,201.7438,90,OK,No action needed.,0.0666,0.0585,0.0453,0.0341,,2026-08-05 14:28:22.391302
1.34,37.0,4.56,-0.51963,56.87,74.9,190.3899,90,OK,No action needed.,0.0772,0.0701,0.0564,0.0442,,2026-08-05 14:28:22.442672
1.36,33.8,4.41,-0.50838,65.97,74.6,179.2818,90,OK,No action needed.,0.0875,0.0821,0.0683,0.0554,,2026-08-05 14:28:22.494354
1.35,32.8,4.57,-0.51018,64.51,74.27,168.3628,90,OK,No action needed.,0.0984,0.0949,0.0813,0.068,,2026-08-05 14:28:22.549065
1.58,34.1,4.76,-0.53028,48.26,73.41,156.9145,90,OK,No action needed.,0.112,0.1105,0.0974,0.0838,,2026-08-05 14:28:22.606103
1.23,36.3,5.19,-0.53023,48.29,72.57,145.0498,90,OK,No action needed.,0.1271,0.1281,0.1159,0.1024,,2026-08-05 14:28:22.655606
1.26,33.5,4.66,-0.51234,62.76,72.25,133.4892,90,OK,No action needed.,0.1409,0.1451,0.1345,0.1216,,2026-08-05 14:28:22.709149
1.21,36.4,4.76,-0.50743,66.74,72.07,122.4052,90,OK,No action needed.,0.1539,0.1616,0.1528,0.141,,2026-08-05 14:28:22.764014
1.19,36.8,4.93,-0.50854,65.84,71.86,111.743,90,OK,No action needed.,0.1666,0.1778,0.1711,0.1606,,2026-08-05 14:28:22.818557
1.15,32.5,4.56,-0.49692,75.24,71.97,101.8654,90,OK,No action needed.,0.1772,0.1921,0.1877,0.1788,,2026-08-05 14:28:22.871752
1.19,33.9,4.44,-0.50357,69.86,71.9,92.5026,90,OK,No action needed.,0.1876,0.2061,0.204,0.1968,,2026-08-05 14:28:22.919424
1.43,33.3,4.24,-0.49193,79.27,72.15,83.9847,90,OK,No action needed.,0.1959,0.2179,0.2182,0.2128,,2026-08-05 14:28:22.970323
1.65,32.5,4.29,-0.50217,71.0,72.11,75.9322,90,OK,No action needed.,0.2045,0.2297,0.2323,0.2286,,2026-08-05 14:28:23.019703
1.16,35.2,4.76,-0.49466,77.07,72.27,68.5385,90,OK,No action needed.,0.2115,0.24,0.2448,0.2428,,2026-08-05 14:28:23.070299
1.02,33.5,4.8,-0.52481,52.68,71.63,60.8844,90,OK,No action needed.,0.2218,0.253,0.2599,0.2596,,2026-08-05 14:28:23.120093
1.14,34.4,4.61,-0.51355,61.78,71.3,53.3426,90,OK,No action needed.,0.231,0.2652,0.2743,0.2758,,2026-08-05 14:28:23.168302
1.27,32.8,4.84,-0.51335,61.95,70.99,45.9311,90,OK,No action needed.,0.2402,0.2773,0.2887,0.292,,2026-08-05 14:28:23.221645
1.44,34.2,4.38,-0.49682,75.32,71.14,39.1042,90,OK,No action needed.,0.2469,0.2872,0.3009,0.3061,,2026-08-05 14:28:23.274551
1.46,33.1,4.6,-0.50118,71.79,71.16,32.7029,90,OK,No action needed.,0.2534,0.2967,0.3125,0.3195,,2026-08-05 14:28:23.330756
1.28,32.3,4.86,-0.50396,69.54,71.11,26.6282,90,OK,No action needed.,0.2599,0.3059,0.3237,0.3325,,2026-08-05 14:28:23.392976
1.26,38.6,4.57,-0.517,59.0,70.71,20.5342,90,OK,No action needed.,0.2677,0.3161,0.3359,0.3463,,2026-08-05 14:28:23.446161
1.25,39.4,4.13,-0.4929,78.49,70.96,15.0376,90,OK,No action needed.,0.2723,0.3235,0.3454,0.3574,,2026-08-05 14:28:23.504107
1.5,36.1,4.48,-0.49363,77.9,71.19,10.072,90,OK,No action needed.,0.2763,0.3301,0.3538,0.3674,,2026-08-05 14:28:23.558646
1.4,32.5,4.57,-0.48372,85.92,71.68,5.8293,90,OK,No action needed.,0.2784,0.3347,0.3602,0.3753,,2026-08-05 14:28:23.614590
1.59,31.9,4.53,-0.47032,96.75,72.5,2.5546,90,OK,No action needed.,0.278,0.3367,0.3639,0.3802,,2026-08-05 14:28:23.666770
1.27,31.7,4.65,-0.4772,91.19,73.11,-0.0034,90,OK,No action needed.,0.2775,0.3382,0.3666,0.3839,,2026-08-05 14:28:23.724207
1.48,36.2,4.52,-0.4779,90.62,73.69,-1.93,27,OK,No action needed.,0.2764,0.3387,0.3682,0.3864,,2026-08-05 14:28:23.775455
1.49,37.3,4.15,-0.47086,96.32,74.43,-3.1328,17,OK,No action needed.,0.2738,0.3376,0.368,0.3869,,2026-08-05 14:28:23.830176
1.65,38.1,4.11,-0.47797,90.56,74.96,-3.8377,14,OK,No action needed.,0.2715,0.3364,0.3674,0.3867,,2026-08-05 14:28:23.881591
1.44,37.8,4.66,-0.47238,95.09,75.62,-3.9775,13,OK,No action needed.,0.2682,0.3339,0.3655,0.3851,,2026-08-05 14:28:23.932915
1.34,41.4,5.04,-0.49272,78.64,75.72,-4.0305,13,OK,No action needed.,0.2669,0.3329,0.3647,0.3844,,2026-08-05 14:28:23.985253
1.39,32.7,4.82,-0.50035,72.46,75.62,-4.16,13,OK,No action needed.,0.2665,0.3327,0.3646,0.3844,,2026-08-05 14:28:24.039647
1.41,30.6,4.44,-0.5081,66.19,75.31,-4.5115,12,OK,No action needed.,0.267,0.3334,0.3654,0.3853,,2026-08-05 14:28:24.092924
1.31,37.8,4.54,-0.50493,68.76,75.09,-4.9993,11,OK,No action needed.,0.2674,0.334,0.3663,0.3864,,2026-08-05 14:28:24.145000
1.28,35.5,4.74,-0.50403,69.49,74.91,-5.5908,9,OK,No action needed.,0.2677,0.3348,0.3673,0.3876,,2026-08-05 14:28:24.197862
1.3,38.1,4.42,-0.50541,68.37,74.69,-6.2997,8,OK,No action needed.,0.2683,0.3358,0.3686,0.3892,,2026-08-05 14:28:24.251216
1.33,35.0,4.2,-0.52726,50.69,73.91,-7.5154,7,OK,No action needed.,0.2718,0.3394,0.3724,0.3933,,2026-08-05 14:28:24.305740
1.45,32.5,4.33,-0.53126,47.46,73.04,-9.2561,5,OK,No action needed.,0.2762,0.3442,0.3776,0.3988,,2026-08-05 14:28:24.360342
1.3,36.3,4.68,-0.50508,68.64,72.89,-10.9985,4,OK,No action needed.,0.2779,0.3469,0.381,0.4028,,2026-08-05 14:28:24.428699
1.34,32.9,4.52,-0.50982,64.81,72.63,-12.8205,4,OK,No action needed.,0.2802,0.3501,0.3849,0.4073,,2026-08-05 14:28:24.498502
1.32,34.7,4.56,-0.47993,88.98,73.16,-14.1959,3,OK,No action needed.,0.2788,0.3501,0.3858,0.4089,,2026-08-05 14:28:24.555477
1.4,37.5,4.74,-0.48738,82.95,73.49,-15.2906,3,OK,No action needed.,0.2778,0.3503,0.3867,0.4104,,2026-08-05 14:28:24.620415
1.17,36.4,4.86,-0.49713,75.07,73.54,-16.2911,3,OK,No action needed.,0.2779,0.3511,0.3882,0.4122,,2026-08-05 14:28:24.675438
1.26,35.3,4.67,-0.49117,79.89,73.75,-17.1063,3,OK,No action needed.,0.2771,0.3512,0.3888,0.4133,,2026-08-05 14:28:24.737004
1.12,35.8,4.28,-0.47887,89.84,74.27,-17.5545,3,OK,No action needed.,0.2746,0.3497,0.3878,0.4128,,2026-08-05 14:28:24.788783
1.15,40.4,4.57,-0.48392,85.76,74.65,-17.7492,3,OK,No action needed.,0.2725,0.3482,0.3868,0.412,,2026-08-05 14:28:24.845309
1.34,36.6,4.79,-0.48019,88.77,75.11,-17.6561,3,OK,No action needed.,0.2697,0.346,0.3849,0.4103,,2026-08-05 14:28:24.915078
1.48,35.9,4.46,-0.48851,82.04,75.34,-17.4295,3,OK,No action needed.,0.2677,0.3443,0.3834,0.4089,,2026-08-05 14:28:24.976022
1.25,35.0,4.68,-0.48797,82.48,75.58,-17.0744,3,OK,No action needed.,0.2656,0.3424,0.3816,0.4071,,2026-08-05 14:28:25.034415
1.25,34.4,4.38,-0.49274,78.62,75.68,-16.6738,3,OK,No action needed.,0.264,0.3409,0.38,0.4056,,2026-08-05 14:28:25.091095
1.28,37.8,4.4,-0.47956,89.28,76.12,-16.0409,3,OK,No action needed.,0.2608,0.3379,0.3771,0.4027,,2026-08-05 14:28:25.142115
1.45,37.1,4.18,-0.4873,83.02,76.35,-15.3095,3,OK,No action needed.,0.2584,0.3354,0.3746,0.4,,2026-08-05 14:28:25.201516
1.61,36.4,4.64,-0.48221,87.14,76.7,-14.4184,3,OK,No action needed.,0.2554,0.3324,0.3714,0.3967,,2026-08-05 14:28:25.252257
1.34,34.6,4.12,-0.47526,92.76,77.23,-13.2876,4,OK,No action needed.,0.2516,0.3284,0.3673,0.3925,,2026-08-05 14:28:25.306628
1.17,35.7,4.25,-0.47788,90.64,77.67,-11.9773,4,OK,No action needed.,0.248,0.3245,0.3632,0.388,,2026-08-05 14:28:25.359849
1.19,34.9,4.23,-0.4823,87.06,77.98,-10.566,5,OK,No action needed.,0.2449,0.321,0.3592,0.3837,,2026-08-05 14:28:25.427889
1.29,36.0,4.34,-0.48817,82.32,78.12,-9.1436,6,OK,No action needed.,0.2425,0.3179,0.3556,0.3797,,2026-08-05 14:28:25.482840
1.46,38.6,4.37,-0.47925,89.53,78.49,-7.5976,7,OK,No action needed.,0.2392,0.314,0.3513,0.3749,,2026-08-05 14:28:25.548010
1.54,39.0,4.56,-0.47352,94.17,79.01,-5.8686,10,OK,No action needed.,0.2352,0.3095,0.3463,0.3695,,2026-08-05 14:28:25.613951
1.19,38.4,4.67,-0.46918,97.68,79.62,-3.9215,15,OK,No action needed.,0.231,0.3045,0.3407,0.3634,,2026-08-05 14:28:25.677215
1.39,35.9,4.49,-0.47219,95.24,80.13,-1.8173,33,OK,No action needed.,0.2271,0.2997,0.3352,0.3573,,2026-08-05 14:28:25.732463
1.12,36.3,4.1,-0.47369,94.03,80.59,0.4073,90,OK,No action needed.,0.2235,0.2951,0.3298,0.3512,,2026-08-05 14:28:25.790414
0.93,36.5,4.7,-0.47475,93.17,81.0,2.7243,90,OK,No action needed.,0.2202,0.2906,0.3244,0.3451,,2026-08-05 14:28:25.845436
1.13,38.7,4.77,-0.47634,91.89,81.36,5.102,90,OK,No action needed.,0.2171,0.2863,0.3192,0.3391,,2026-08-05 14:28:25.962032
1.3,39.8,4.31,-0.46682,99.59,81.95,7.6424,90,OK,No action needed.,0.2132,0.2812,0.3133,0.3324,,2026-08-05 14:28:26.032242
1.11,33.7,4.29,-0.46911,97.73,82.47,10.2995,90,OK,No action needed.,0.2098,0.2765,0.3075,0.3258,,2026-08-05 14:28:26.085781
1.2,32.9,4.47,-0.47313,94.48,82.87,13.012,90,OK,No action needed.,0.2069,0.2722,0.3022,0.3196,,2026-08-05 14:28:26.135888
1.71,35.2,4.77,-0.48471,85.12,82.94,15.639,90,OK,No action needed.,0.2052,0.2689,0.2978,0.3143,,2026-08-05 14:28:26.186398
1.48,35.9,4.51,-0.49687,75.28,82.69,18.0474,90,OK,No action needed.,0.2046,0.2667,0.2944,0.31,,2026-08-05 14:28:26.235794
1.05,32.1,4.84,-0.49767,74.63,82.42,20.2424,90,OK,No action needed.,0.204,0.2647,0.2914,0.3062,,2026-08-05 14:28:26.296254
1.31,33.9,4.7,-0.51446,61.05,81.72,22.056,90,OK,No action needed.,0.2049,0.2641,0.2898,0.3038,,2026-08-05 14:28:26.382674
1.43,35.6,4.35,-0.49122,79.85,81.66,23.7652,90,OK,No action needed.,0.2036,0.2619,0.2868,0.3002,,2026-08-05 14:28:26.437752
1.55,41.0,4.63,-0.48027,88.71,81.89,25.4909,90,OK,No action needed.,0.2013,0.2588,0.2832,0.2961,,2026-08-05 14:28:26.488171
1.39,38.7,4.66,-0.48053,88.5,82.11,27.2254,90,OK,No action needed.,0.1991,0.2558,0.2796,0.292,,2026-08-05 14:28:26.538532
1.31,36.7,4.58,-0.4868,83.42,82.15,28.9004,90,OK,No action needed.,0.1975,0.2533,0.2765,0.2884,,2026-08-05 14:28:26.589243
1.37,35.4,4.22,-0.47734,91.08,82.45,30.6132,90,OK,No action needed.,0.1951,0.2502,0.2728,0.2842,,2026-08-05 14:28:26.646146
1.36,37.8,4.72,-0.48135,87.83,82.62,32.3173,90,OK,No action needed.,0.1931,0.2474,0.2694,0.2804,,2026-08-05 14:28:26.703950
1.4,37.7,4.58,-0.50012,72.65,82.29,33.8253,90,OK,No action needed.,0.1929,0.2461,0.2675,0.2779,,2026-08-05 14:28:26.758600
1.1,32.8,4.55,-0.47682,91.5,82.6,35.3769,90,OK,No action needed.,0.1905,0.2432,0.264,0.274,,2026-08-05 14:28:26.813214
1.46,33.5,4.53,-0.49748,74.79,82.34,36.7673,90,OK,No action needed.,0.19,0.2418,0.2621,0.2716,,2026-08-05 14:28:26.865087
1.39,37.3,4.31,-0.50178,71.31,81.98,37.9662,90,OK,No action needed.,0.1899,0.2409,0.2605,0.2696,,2026-08-05 14:28:26.916404
1.41,34.6,4.36,-0.50947,65.09,81.43,38.9149,90,OK,No action needed.,0.1905,0.2407,0.2598,0.2684,,2026-08-05 14:28:26.968689
1.55,37.0,4.64,-0.49694,75.23,81.22,39.7476,90,OK,No action needed.,0.19,0.2396,0.2583,0.2667,,2026-08-05 14:28:27.022279
1.66,35.1,4.54,-0.4766,91.67,81.56,40.6575,90,OK,No action needed.,0.1876,0.237,0.2556,0.2637,,2026-08-05 14:28:27.073071
1.49,36.0,5.0,-0.4889,81.73,81.57,41.5257,90,OK,No action needed.,0.1864,0.2354,0.2536,0.2615,,2026-08-05 14:28:27.124909
1.76,41.7,4.63,-0.48258,86.84,81.74,42.41,90,OK,No action needed.,0.1846,0.2333,0.2513,0.259,,2026-08-05 14:28:27.179172
1.66,36.5,4.51,-0.50547,68.32,81.3,43.1063,90,OK,No action needed.,0.1849,0.233,0.2506,0.258,,2026-08-05 14:28:27.230725
1.28,30.8,4.67,-0.50108,71.88,80.99,43.6661,90,OK,No action needed.,0.1848,0.2325,0.2498,0.2569,,2026-08-05 14:28:27.284231
1.33,30.8,4.31,-0.48663,83.56,81.08,44.2231,90,OK,No action needed.,0.1835,0.2309,0.2481,0.2551,,2026-08-05 14:28:27.344319
1.49,35.3,4.47,-0.48788,82.55,81.13,44.7655,90,OK,No action needed.,0.1823,0.2295,0.2465,0.2534,,2026-08-05 14:28:27.396392
1.33,36.0,4.5,-0.49361,77.92,81.02,45.2455,90,OK,No action needed.,0.1816,0.2286,0.2453,0.2521,,2026-08-05 14:28:27.449017
1.06,38.4,4.91,-0.48833,82.18,81.06,45.7104,90,OK,No action needed.,0.1804,0.2272,0.2439,0.2505,,2026-08-05 14:28:27.499860
1.14,40.3,4.77,-0.49371,77.84,80.95,46.1166,90,OK,No action needed.,0.1798,0.2264,0.2428,0.2493,,2026-08-05 14:28:27.552085
1.32,37.4,4.02,-0.49639,75.67,80.78,46.4459,90,OK,No action needed.,0.1794,0.2258,0.242,0.2484,,2026-08-05 14:28:27.601998
1.14,34.9,3.77,-0.53394,45.29,79.62,46.4041,90,OK,No action needed.,0.1826,0.2283,0.2441,0.2502,,2026-08-05 14:28:27.655071
1.03,35.3,4.34,-0.52192,55.02,78.81,46.1145,90,OK,No action needed.,0.1849,0.2303,0.2459,0.2518,,2026-08-05 14:28:27.707266
1.12,37.4,4.7,-0.51724,58.8,78.15,45.6328,90,OK,No action needed.,0.187,0.2322,0.2477,0.2536,,2026-08-05 14:28:27.764234
1.26,36.6,4.9,-0.50153,71.51,77.94,45.0953,90,OK,No action needed.,0.1876,0.233,0.2487,0.2546,,2026-08-05 14:28:27.826212
1.15,33.4,4.83,-0.5082,66.11,77.55,44.456,90,OK,No action needed.,0.189,0.2345,0.2503,0.2563,,2026-08-05 14:28:27.918919
1.21,33.1,4.39,-0.50909,65.39,77.15,43.7166,90,OK,No action needed.,0.1907,0.2363,0.2522,0.2583,,2026-08-05 14:28:27.974724
1.21,33.1,4.45,-0.52495,52.56,76.34,42.7677,90,OK,No action needed.,0.1941,0.2396,0.2556,0.2618,,2026-08-05 14:28:28.026030
1.49,34.2,4.94,-0.55334,29.6,74.81,41.4174,90,OK,No action needed.,0.201,0.2462,0.2619,0.2681,,2026-08-05 14:28:28.077813
1.58,32.3,4.75,-0.5278,50.26,74.01,39.8838,90,OK,No action needed.,0.2059,0.2512,0.2671,0.2735,,2026-08-05 14:28:28.129498
1.57,34.4,4.51,-0.53541,44.1,73.03,38.128,90,OK,No action needed.,0.2121,0.2574,0.2736,0.2802,,2026-08-05 14:28:28.182235
1.42,35.5,4.32,-0.47888,89.83,73.58,36.571,90,OK,No action needed.,0.2121,0.2586,0.2756,0.2828,,2026-08-05 14:28:28.239390
1.71,34.9,21.92,-0.61571,0.0,71.17,34.4189,90,OK,No action needed.,0.2249,0.2705,0.287,0.2942,,2026-08-05 14:28:28.310552
1.33,34.4,4.25,-0.61248,0.0,68.83,31.7192,90,WARN,Failure probability within 1d is 31% — schedule maintenance.,0.2394,0.2841,0.3004,0.3077,current_std (z=+90.7); current_crest_factor (z=+67.2); current_trend_slope (z=+26.0),2026-08-05 14:28:28.392735
1.25,34.7,4.32,-0.60558,0.0,66.58,28.5165,90,WARN,Failure probability within 1d is 32% — schedule maintenance.,0.2556,0.2994,0.3156,0.323,current_std (z=+91.1); current_crest_factor (z=+67.6); current_trend_slope (z=+18.3),2026-08-05 14:28:28.445890
1.29,36.1,4.23,-0.60589,0.0,64.39,24.8525,90,WARN,Failure probability within 1d is 34% — schedule maintenance.,0.2732,0.316,0.3322,0.3399,current_std (z=+91.4); current_crest_factor (z=+68.1); current_trend_slope (z=+10.4),2026-08-05 14:28:28.501226
1.07,39.5,4.46,-0.61899,0.0,62.28,20.7665,90,WARN,Failure probability within 1d is 36% — schedule maintenance.,0.2917,0.3336,0.3498,0.3579,current_std (z=+91.4); current_crest_factor (z=+68.0); current_max (z=+10.4),2026-08-05 14:28:28.552243
1.45,36.0,4.81,-0.61383,0.0,60.24,16.2953,90,OK,No action needed.,0.3108,0.3516,0.3679,0.3764,,2026-08-05 14:28:28.606073
1.54,38.7,5.08,-0.60278,0.0,58.27,11.4734,90,OK,No action needed.,0.3299,0.3696,0.3861,0.3951,,2026-08-05 14:28:28.660085
1.16,35.7,4.73,-0.60557,0.0,56.36,6.3332,90,OK,No action needed.,0.3486,0.3872,0.4039,0.4134,,2026-08-05 14:28:28.715475
1.3,36.2,4.15,-0.60637,0.0,54.51,0.905,90,OK,No action needed.,0.3667,0.4042,0.421,0.4311,,2026-08-05 14:28:28.768884
1.27,35.8,4.25,-0.61192,0.0,52.72,-4.7827,6,OK,No action needed.,0.3838,0.4203,0.4374,0.4479,,2026-08-05 14:28:28.823510
1.3,30.6,4.61,-0.49664,75.46,53.47,-10.1145,3,OK,No action needed.,0.3899,0.428,0.4463,0.458,,2026-08-05 14:28:28.889272
1.29,31.2,4.78,-0.50834,66.0,53.88,-15.182,2,OK,No action needed.,0.3961,0.4353,0.4547,0.4674,,2026-08-05 14:28:28.956360
1.06,37.8,4.4,-0.49313,78.31,54.68,-19.9037,1,OK,No action needed.,0.3999,0.4407,0.4612,0.4749,,2026-08-05 14:28:29.013129
1.22,35.4,4.58,-0.49292,78.48,55.46,-24.2968,1,CRITICAL,Estimated remaining life (1d) is critically short.,0.403,0.4452,0.4669,0.4814,current_crest_factor (z=+1.9); temperature_trend_slope (z=-1.7); vibration_current_corr (z=+1.7),2026-08-05 14:28:29.069527
1.51,35.0,4.53,-0.47748,90.96,56.62,-28.2858,1,CRITICAL,Estimated remaining life (1d) is critically short.,0.404,0.448,0.4709,0.4863,current_crest_factor (z=+1.8); vibration_max (z=-1.6); vibration_rms (z=-1.5),2026-08-05 14:28:29.122561
1.32,35.1,4.43,-0.47928,89.51,57.7,-31.9052,1,CRITICAL,Estimated remaining life (1d) is critically short.,0.4047,0.4503,0.4743,0.4906,current_crest_factor (z=+2.2); vibration_max (z=-1.6); vibration_rms (z=-1.5),2026-08-05 14:28:29.177028
1.4,33.9,4.77,-0.47642,91.82,58.82,-35.1596,1,CRITICAL,Estimated remaining life (1d) is critically short.,0.4047,0.452,0.477,0.4941,vibration_max (z=-1.6); vibration_rms (z=-1.5); vibration_mean (z=-1.5),2026-08-05 14:28:29.231317
1.36,35.6,4.29,-0.48441,85.36,59.69,-38.1178,1,CRITICAL,Estimated remaining life (1d) is critically short.,0.405,0.4537,0.4796,0.4975,vibration_std (z=-1.6); vibration_max (z=-1.6); vibration_rms (z=-1.5),2026-08-05 14:28:29.287537
1.2,34.8,4.37,-0.47487,93.08,60.78,-40.7415,1,CRITICAL,Estimated remaining life (1d) is critically short.,0.4041,0.4544,0.4813,0.4999,vibration_max (z=-1.6); vibration_rms (z=-1.5); vibration_mean (z=-1.5),2026-08-05 14:28:29.343868
1.22,35.2,4.33,-0.47657,91.7,61.8,-43.0607,1,CRITICAL,Estimated remaining life (1d) is critically short.,0.4032,0.4549,0.4827,0.502,vibration_max (z=-1.6); vibration_rms (z=-1.5); vibration_mean (z=-1.5),2026-08-05 14:28:29.403029
1.36,35.4,4.14,-0.48819,82.3,62.47,-45.1601,1,CRITICAL,Estimated remaining life (1d) is critically short.,0.403,0.4559,0.4844,0.5042,temperature_kurtosis (z=+2.6); current_trend_slope (z=-1.8); vibration_max (z=-1.6),2026-08-05 14:28:29.458965
1.35,36.0,4.28,-0.50943,65.12,62.56,-47.1723,1,CRITICAL,Estimated remaining life (1d) is critically short.,0.4045,0.458,0.487,0.5072,temperature_kurtosis (z=+2.7); temperature_std (z=-2.4); temperature_skew (z=+1.8),2026-08-05 14:28:29.514644
1.34,36.8,4.58,-0.49713,75.07,62.97,-49.032,1,CRITICAL,Estimated remaining life (1d) is critically short.,0.4048,0.4592,0.4888,0.5095,temperature_std (z=-2.9); vibration_std (z=-2.1); vibration_max (z=-1.6),2026-08-05 14:28:29.573973
1.44,37.2,4.65,-0.50252,70.71,63.22,-50.7771,1,CRITICAL,Estimated remaining life (1d) is critically short.,0.4055,0.4607,0.4907,0.5118,temperature_std (z=-2.5); vibration_std (z=-2.1); vibration_max (z=-1.6),2026-08-05 14:28:29.632998
1.34,36.6,4.71,-0.50682,67.23,63.35,-52.4371,1,CRITICAL,Estimated remaining life (1d) is critically short.,0.4064,0.4622,0.4927,0.5142,vibration_std (z=-2.5); temperature_std (z=-2.4); vibration_max (z=-1.6),2026-08-05 14:28:29.690632
1.16,36.9,4.51,-0.50221,70.96,63.6,-53.9904,1,CRITICAL,Estimated remaining life (1d) is critically short.,0.4069,0.4634,0.4944,0.5162,temperature_std (z=-2.3); vibration_std (z=-2.1); vibration_max (z=-1.6),2026-08-05 14:28:29.743629
1.31,37.8,4.38,-0.49981,72.9,63.91,-55.4295,1,CRITICAL,Estimated remaining life (1d) is critically short.,0.4071,0.4643,0.4958,0.518,temperature_std (z=-2.5); vibration_std (z=-2.2); vibration_max (z=-1.6),2026-08-05 14:28:29.797003
1.37,35.3,4.25,-0.49717,75.04,64.27,-56.7464,1,CRITICAL,Estimated remaining life (1d) is critically short.,0.407,0.465,0.4969,0.5195,temperature_std (z=-2.4); vibration_std (z=-2.2); vibration_max (z=-1.6),2026-08-05 14:28:29.852442
1.39,40.3,4.11,-0.50362,69.82,64.45,-57.9817,1,CRITICAL,Estimated remaining life (1d) is critically short.,0.4073,0.4659,0.4983,0.5211,vibration_std (z=-2.3); temperature_kurtosis (z=+2.0); temperature_skew (z=+1.9),2026-08-05 14:28:29.907859
1.39,36.1,4.76,-0.5428,38.13,63.59,-59.3438,1,CRITICAL,Estimated remaining life (1d) is critically short.,0.411,0.4693,0.5017,0.5246,vibration_kurtosis (z=+3.5); vibration_skew (z=-2.6); vibration_std (z=-2.5),2026-08-05 14:28:29.977007
1.5,36.7,5.33,-0.57045,15.76,62.02,-60.965,1,CRITICAL,Estimated remaining life (1d) is critically short.,0.4171,0.4746,0.5067,0.5295,current_crest_factor (z=+4.4); temperature_kurtosis (z=+3.0); temperature_skew (z=+2.4),2026-08-05 14:28:30.092026
1.38,38.9,5.12,-0.54989,32.39,61.05,-62.72,1,CRITICAL,Estimated remaining life (1d) is critically short.,0.4216,0.4787,0.5108,0.5337,current_crest_factor (z=+3.5); current_std (z=+2.3); vibration_std (z=-2.2),2026-08-05 14:28:30.147236
1.2,39.0,4.6,-0.52662,51.21,60.73,-64.4792,1,CRITICAL,Estimated remaining life (1d) is critically short.,0.424,0.4814,0.5137,0.5368,current_crest_factor (z=+3.5); current_std (z=+2.3); vibration_std (z=-1.9),2026-08-05 14:28:30.202076
1.19,39.6,4.26,-0.51904,57.35,60.62,-66.2018,1,CRITICAL,Estimated remaining life (1d) is critically short.,0.4258,0.4835,0.5162,0.5396,current_crest_factor (z=+3.9); current_std (z=+2.7); vibration_std (z=-1.8),2026-08-05 14:28:30.256816
1.5,38.1,4.24,-0.51552,60.19,60.6,-67.8706,1,CRITICAL,Estimated remaining life (1d) is critically short.,0.4272,0.4854,0.5184,0.5421,current_crest_factor (z=+4.4); current_std (z=+2.9); vibration_max (z=-1.6),2026-08-05 14:28:30.309980
1.44,38.6,3.94,-0.52199,54.96,60.42,-69.5189,1,CRITICAL,Estimated remaining life (1d) is critically short.,0.4292,0.4876,0.5209,0.5449,current_crest_factor (z=+4.9); current_std (z=+3.7); vibration_std (z=-1.8),2026-08-05 14:28:30.362667
1.29,34.4,4.58,-0.51443,61.08,60.44,-71.1089,1,CRITICAL,Estimated remaining life (1d) is critically short.,0.4304,0.4893,0.523,0.5472,current_crest_factor (z=+4.7); current_std (z=+3.6); vibration_std (z=-1.8),2026-08-05 14:28:30.419409
1.48,34.5,4.53,-0.52293,54.2,60.24,-72.6837,1,CRITICAL,Estimated remaining life (1d) is critically short.,0.4323,0.4915,0.5254,0.5499,current_crest_factor (z=+4.4); current_std (z=+3.5); current_trend_slope (z=-1.7),2026-08-05 14:28:30.474079
1.39,32.1,4.84,-0.52672,51.13,59.94,-74.2605,1,CRITICAL,Estimated remaining life (1d) is critically short.,0.4345,0.4939,0.528,0.5527,current_crest_factor (z=+3.7); current_std (z=+3.1); current_trend_slope (z=-2.2),2026-08-05 14:28:30.530586
1.28,35.4,4.73,-0.52684,51.04,59.65,-75.8375,1,CRITICAL,Estimated remaining life (1d) is critically short.,0.4367,0.4962,0.5306,0.5554,current_crest_factor (z=+3.7); current_std (z=+3.1); temperature_trend_slope (z=-2.2),2026-08-05 14:28:30.585687
1.08,36.7,4.69,-0.49726,74.96,60.15,-77.2734,1,CRITICAL,Estimated remaining life (1d) is critically short.,0.4363,0.4967,0.5315,0.5568,current_crest_factor (z=+2.5); temperature_trend_slope (z=-2.2); current_std (z=+1.7),2026-08-05 14:28:30.641183
0.88,34.2,4.84,-0.51274,62.44,60.22,-78.6478,1,CRITICAL,Estimated remaining life (1d) is critically short.,0.4371,0.498,0.5332,0.5588,current_trend_slope (z=+2.3); temperature_trend_slope (z=-2.2); vibration_min (z=-1.6),2026-08-05 14:28:30.697474
1.08,33.5,4.45,-0.51498,60.63,60.24,-79.9737,1,CRITICAL,Estimated remaining life (1d) is critically short.,0.4381,0.4995,0.5349,0.5607,current_trend_slope (z=+2.4); temperature_trend_slope (z=-2.1); vibration_trend_slope (z=-2.0),2026-08-05 14:28:30.752628
1.23,36.9,4.77,-0.50971,64.89,60.39,-81.2281,1,CRITICAL,Estimated remaining life (1d) is critically short.,0.4386,0.5005,0.5363,0.5624,vibration_trend_slope (z=-2.3); current_trend_slope (z=+2.3); current_skew (z=-1.8),2026-08-05 14:28:30.807731
1.03,37.9,4.26,-0.50329,70.08,60.71,-82.3851,1,CRITICAL,Estimated remaining life (1d) is critically short.,0.4386,0.5011,0.5373,0.5637,vibration_trend_slope (z=-2.2); current_skew (z=-1.9); vibration_min (z=-1.6),2026-08-05 14:28:30.864475
1.32,36.3,4.4,-0.48828,82.23,61.41,-83.3819,1,CRITICAL,Estimated remaining life (1d) is critically short.,0.4371,0.5006,0.5374,0.5641,vibration_crest_factor (z=+1.7); vibration_min (z=-1.6); vibration_max (z=-1.6),2026-08-05 14:28:30.921834
1.42,40.6,4.42,-0.49527,76.57,61.91,-84.2591,1,CRITICAL,Estimated remaining life (1d) is critically short.,0.4362,0.5005,0.5377,0.5648,temperature_trend_slope (z=+2.1); temperature_crest_factor (z=+2.0); vibration_min (z=-1.6),2026-08-05 14:28:30.981095
1.55,37.9,4.92,-0.48889,81.74,62.56,-84.9949,1,CRITICAL,Estimated remaining life (1d) is critically short.,0.4347,0.4999,0.5376,0.565,vibration_crest_factor (z=+2.3); temperature_trend_slope (z=+2.2); temperature_crest_factor (z=+1.7),2026-08-05 14:28:31.040933
1.26,37.1,4.89,-0.4882,82.29,63.21,-85.5948,1,CRITICAL,Estimated remaining life (1d) is critically short.,0.4331,0.4991,0.5373,0.565,vibration_crest_factor (z=+2.5); vibration_trend_slope (z=+1.7); vibration_min (z=-1.6),2026-08-05 14:28:31.106159
1.32,35.3,4.4,-0.48619,83.91,63.88,-86.058,1,CRITICAL,Estimated remaining life (1d) is critically short.,0.4313,0.4981,0.5368,0.5648,vibration_crest_factor (z=+2.4); vibration_trend_slope (z=+2.2); vibration_min (z=-1.6),2026-08-05 14:28:31.177257
1.49,35.9,4.38,-0.48065,88.4,64.69,-86.3687,1,CRITICAL,Estimated remaining life (1d) is critically short.,0.4289,0.4967,0.5358,0.5642,vibration_trend_slope (z=+2.5); vibration_crest_factor (z=+1.8); vibration_min (z=-1.6),2026-08-05 14:28:31.236734
1.23,37.4,4.25,-0.46449,100.0,65.85,-86.4752,1,CRITICAL,Estimated remaining life (1d) is critically short.,0.4253,0.4943,0.534,0.5627,vibration_max (z=-1.6); vibration_rms (z=-1.5); vibration_mean (z=-1.5),2026-08-05 14:28:31.290007
1.31,37.1,4.33,-0.48682,83.41,66.42,-86.4773,1,CRITICAL,Estimated remaining life (1d) is critically short.,0.4234,0.493,0.533,0.562,temperature_kurtosis (z=+2.1); temperature_skew (z=+1.7); temperature_std (z=-1.7),2026-08-05 14:28:31.345599
1.41,36.0,4.21,-0.49669,75.43,66.72,-86.4231,1,CRITICAL,Estimated remaining life (1d) is critically short.,0.4223,0.4923,0.5325,0.5616,current_skew (z=+1.9); temperature_kurtosis (z=+1.9); current_crest_factor (z=+1.8),2026-08-05 14:28:31.400663
1.37,39.8,4.17,-0.48311,86.41,67.36,-86.2594,1,CRITICAL,Estimated remaining life (1d) is critically short.,0.4201,0.4907,0.5312,0.5604,current_trend_slope (z=-2.0); vibration_std (z=-1.9); current_crest_factor (z=+1.9),2026-08-05 14:28:31.459850
1.61,34.8,4.4,-0.47801,90.54,68.12,-85.9721,1,CRITICAL,Estimated remaining life (1d) is critically short.,0.4174,0.4886,0.5295,0.5589,current_trend_slope (z=-2.1); current_crest_factor (z=+1.9); current_skew (z=+1.8),2026-08-05 14:28:31.524756
1.52,38.5,4.35,-0.48172,87.53,68.76,-85.5846,1,CRITICAL,Estimated remaining life (1d) is critically short.,0.415,0.4868,0.5279,0.5575,current_trend_slope (z=-2.3); current_crest_factor (z=+2.0); current_skew (z=+1.9),2026-08-05 14:28:31.588765
1.34,37.7,4.42,-0.51466,60.89,68.5,-85.2371,1,CRITICAL,Estimated remaining life (1d) is critically short.,0.4153,0.487,0.5279,0.5574,current_kurtosis (z=+3.9); current_skew (z=+2.8); current_crest_factor (z=+2.3),2026-08-05 14:28:31.651884
1.24,40.5,4.37,-0.48848,82.07,68.95,-84.8219,1,CRITICAL,Estimated remaining life (1d) is critically short.,0.4135,0.4855,0.5266,0.5562,current_std (z=-2.6); current_max (z=-1.7); current_crest_factor (z=-1.6),2026-08-05 14:28:31.706289
1.29,37.5,4.33,-0.48656,83.62,69.43,-84.3356,1,CRITICAL,Estimated remaining life (1d) is critically short.,0.4115,0.4838,0.5251,0.5548,current_std (z=-2.7); current_max (z=-1.7); current_crest_factor (z=-1.6),2026-08-05 14:28:31.762580
1.11,33.8,4.54,-0.46362,100.0,70.43,-83.7029,1,CRITICAL,Estimated remaining life (1d) is critically short.,0.4078,0.4809,0.5225,0.5523,current_std (z=-2.2); current_max (z=-1.6); vibration_max (z=-1.5),2026-08-05 14:28:31.817813
1.27,37.5,4.79,-0.49033,80.57,70.76,-83.0279,1,CRITICAL,Estimated remaining life (1d) is critically short.,0.4062,0.4794,0.521,0.5508,current_kurtosis (z=+1.8); current_skew (z=+1.8); current_trend_slope (z=+1.6),2026-08-05 14:28:31.874126
1.29,39.9,5.12,-0.51575,60.01,70.41,-82.4129,1,CRITICAL,Estimated remaining life (1d) is critically short.,0.4067,0.4794,0.5208,0.5504,current_crest_factor (z=+3.4); current_trend_slope (z=+3.0); current_skew (z=+2.1),2026-08-05 14:28:31.930251
1.16,35.9,4.54,-0.51374,61.63,70.12,-81.8465,1,CRITICAL,Estimated remaining life (1d) is critically short.,0.407,0.4794,0.5206,0.5501,current_crest_factor (z=+3.1); current_trend_slope (z=+2.5); current_skew (z=+2.0),2026-08-05 14:28:31.991375
1.45,34.9,4.25,-0.49842,74.02,70.25,-81.2673,1,CRITICAL,Estimated remaining life (1d) is critically short.,0.4061,0.4785,0.5196,0.549,current_crest_factor (z=+3.0); current_skew (z=+2.3); current_kurtosis (z=+1.9),2026-08-05 14:28:32.052758
1.53,35.1,4.19,-0.5,72.75,70.33,-80.6822,1,CRITICAL,Estimated remaining life (1d) is critically short.,0.4052,0.4776,0.5186,0.548,current_crest_factor (z=+3.2); current_skew (z=+2.0); vibration_max (z=-1.6),2026-08-05 14:28:32.107519
1.49,34.8,5.08,-0.49092,80.09,70.65,-80.0578,1,CRITICAL,Estimated remaining life (1d) is critically short.,0.4037,0.4762,0.5172,0.5466,current_crest_factor (z=+2.4); current_std (z=+1.6); vibration_max (z=-1.6),2026-08-05 14:28:32.164373
1.1,35.8,4.93,-0.48751,82.85,71.05,-79.3843,1,CRITICAL,Estimated remaining life (1d) is critically short.,0.4018,0.4745,0.5156,0.5449,current_crest_factor (z=+1.9); current_std (z=+1.8); vibration_max (z=-1.6),2026-08-05 14:28:32.225457
1.14,38.5,4.67,-0.47493,93.02,71.77,-78.6184,1,CRITICAL,Estimated remaining life (1d) is critically short.,0.3989,0.472,0.5132,0.5426,current_std (z=+1.7); current_crest_factor (z=+1.6); vibration_max (z=-1.6),2026-08-05 14:28:32.292855
1.31,35.3,5.09,-0.47906,89.69,72.36,-77.7817,1,CRITICAL,Estimated remaining life (1d) is critically short.,0.3964,0.4697,0.511,0.5404,current_std (z=+1.8); vibration_max (z=-1.6); vibration_rms (z=-1.5),2026-08-05 14:28:32.347985
1.35,36.3,4.92,-0.48992,80.9,72.64,-76.9189,1,CRITICAL,Estimated remaining life (1d) is critically short.,0.3949,0.4681,0.5093,0.5386,current_std (z=+1.8); temperature_skew (z=+1.6); vibration_max (z=-1.6),2026-08-05 14:28:32.400142
1.45,38.5,4.77,-0.48717,83.13,72.98,-76.0223,1,CRITICAL,Estimated remaining life (1d) is critically short.,0.3931,0.4663,0.5074,0.5366,current_std (z=+1.8); vibration_max (z=-1.6); vibration_rms (z=-1.5),2026-08-05 14:28:32.454106
1.06,33.8,4.75,-0.49285,78.53,73.16,-75.1151,1,CRITICAL,Estimated remaining life (1d) is critically short.,0.3919,0.4649,0.5058,0.5349,current_trend_slope (z=+2.0); vibration_max (z=-1.6); vibration_mean (z=-1.5),2026-08-05 14:28:32.506354
1.33,35.1,4.52,-0.48745,82.9,73.48,-74.1793,1,CRITICAL,Estimated remaining life (1d) is critically short.,0.3902,0.4632,0.504,0.5329,vibration_max (z=-1.6); vibration_rms (z=-1.5); vibration_mean (z=-1.5),2026-08-05 14:28:32.563552
1.43,32.9,4.61,-0.46626,100.0,74.35,-73.1426,1,CRITICAL,Estimated remaining life (1d) is critically short.,0.3869,0.4601,0.5009,0.5299,vibration_max (z=-1.6); vibration_rms (z=-1.5); vibration_mean (z=-1.5),2026-08-05 14:28:32.618197
1.52,31.2,4.78,-0.47566,92.43,74.95,-72.0449,1,CRITICAL,Estimated remaining life (1d) is critically short.,0.3843,0.4576,0.4983,0.5271,temperature_trend_slope (z=-1.6); current_trend_slope (z=-1.6); vibration_max (z=-1.6),2026-08-05 14:28:32.672418
1.44,34.5,4.43,-0.48192,87.37,75.35,-70.9127,1,CRITICAL,Estimated remaining life (1d) is critically short.,0.3824,0.4555,0.496,0.5247,temperature_trend_slope (z=-1.9); current_trend_slope (z=-1.7); vibration_trend_slope (z=+1.6),2026-08-05 14:28:32.726159
1.31,31.3,4.38,-0.48768,82.72,75.59,-69.7689,1,CRITICAL,Estimated remaining life (1d) is critically short.,0.3809,0.4537,0.494,0.5224,temperature_trend_slope (z=-2.5); current_trend_slope (z=-2.0); vibration_max (z=-1.6),2026-08-05 14:28:32.779917
1.42,37.2,5.14,-0.49717,75.03,75.58,-68.6475,1,CRITICAL,Estimated remaining life (1d) is critically short.,0.3803,0.4526,0.4925,0.5207,vibration_kurtosis (z=+2.5); vibration_skew (z=-2.2); vibration_max (z=-1.6),2026-08-05 14:28:32.847341
1.14,36.5,4.7,-0.45967,100.0,76.38,-67.4431,1,CRITICAL,Estimated remaining life (1d) is critically short.,0.3772,0.4495,0.4894,0.5175,vibration_max (z=-1.6); vibration_skew (z=-1.6); vibration_rms (z=-1.5),2026-08-05 14:28:32.908504
1.29,38.9,4.69,-0.46576,100.0,77.15,-66.1617,1,CRITICAL,Estimated remaining life (1d) is critically short.,0.3742,0.4465,0.4863,0.5142,vibration_max (z=-1.6); current_crest_factor (z=+1.6); vibration_rms (z=-1.5),2026-08-05 14:28:32.963086
1.27,35.1,4.42,-0.46957,97.37,77.81,-64.82,1,CRITICAL,Estimated remaining life (1d) is critically short.,0.3716,0.4438,0.4833,0.511,current_crest_factor (z=+1.9); temperature_crest_factor (z=+1.6); vibration_max (z=-1.6),2026-08-05 14:28:33.020919
1.11,38.7,4.78,-0.48961,81.15,77.92,-63.4894,1,CRITICAL,Estimated remaining life (1d) is critically short.,0.3706,0.4422,0.4814,0.5087,temperature_trend_slope (z=+2.2); current_crest_factor (z=+1.9); vibration_max (z=-1.6),2026-08-05 14:28:33.139294
1.34,35.7,4.68,-0.48492,84.95,78.15,-62.1548,1,CRITICAL,Estimated remaining life (1d) is critically short.,0.3693,0.4404,0.4792,0.5062,temperature_trend_slope (z=+2.3); current_crest_factor (z=+1.7); vibration_max (z=-1.6),2026-08-05 14:28:33.198345
1.27,39.1,4.41,-0.49001,80.83,78.24,-60.8341,1,CRITICAL,Estimated remaining life (1d) is critically short.,0.3684,0.4389,0.4773,0.504,temperature_trend_slope (z=+2.5); current_crest_factor (z=+1.9); vibration_max (z=-1.6),2026-08-05 14:28:33.254688
1.29,38.7,4.4,-0.5014,71.61,78.02,-59.5646,1,CRITICAL,Estimated remaining life (1d) is critically short.,0.3684,0.4382,0.4761,0.5024,current_crest_factor (z=+2.3); temperature_trend_slope (z=+1.9); vibration_std (z=-1.9),2026-08-05 14:28:33.329197
1.26,38.5,4.26,-0.51582,59.95,77.43,-58.3905,1,CRITICAL,Estimated remaining life (1d) is critically short.,0.3696,0.4383,0.4756,0.5015,current_crest_factor (z=+2.4); temperature_skew (z=-2.3); vibration_std (z=-2.2),2026-08-05 14:28:33.399488
1.34,34.5,4.7,-0.50012,72.65,77.27,-57.2567,1,CRITICAL,Estimated remaining life (1d) is critically short.,0.3694,0.4375,0.4744,0.5,vibration_std (z=-2.1); current_crest_factor (z=+2.1); current_trend_slope (z=-2.0),2026-08-05 14:28:33.457957
1.51,38.5,4.64,-0.48048,88.54,77.64,-55.9636,1,CRITICAL,Estimated remaining life (1d) is critically short.,0.3676,0.4355,0.4721,0.4974,current_trend_slope (z=+2.2); current_crest_factor (z=+1.8); vibration_current_corr (z=+1.7),2026-08-05 14:28:33.668703
1.5,38.5,4.46,-0.49455,77.16,77.63,-54.7013,1,CRITICAL,Estimated remaining life (1d) is critically short.,0.367,0.4343,0.4705,0.4955,current_trend_slope (z=+2.1); current_crest_factor (z=+2.0); vibration_crest_factor (z=+1.7),2026-08-05 14:28:33.728988
1.19,39.6,4.77,-0.49101,80.02,77.71,-53.4568,1,CRITICAL,Estimated remaining life (1d) is critically short.,0.3661,0.4329,0.4687,0.4935,temperature_trend_slope (z=+2.2); current_trend_slope (z=+2.1); vibration_crest_factor (z=+1.7),2026-08-05 14:28:33.797009
1.58,36.0,4.59,-0.4684,98.31,78.38,-52.1552,1,CRITICAL,Estimated remaining life (1d) is critically short.,0.3636,0.4302,0.4659,0.4904,temperature_trend_slope (z=+2.3); vibration_max (z=-1.5); vibration_rms (z=-1.4),2026-08-05 14:28:33.862521
1.19,37.4,4.57,-0.45439,100.0,79.09,-50.7946,1,CRITICAL,Estimated remaining life (1d) is critically short.,0.3609,0.4275,0.4629,0.4873,temperature_trend_slope (z=+2.0); vibration_max (z=-1.5); vibration_rms (z=-1.4),2026-08-05 14:28:33.917209
1.33,39.4,4.53,-0.4639,100.0,79.78,-49.3801,1,CRITICAL,Estimated remaining life (1d) is critically short.,0.3584,0.4247,0.46,0.4841,temperature_trend_slope (z=+1.8); vibration_max (z=-1.5); vibration_rms (z=-1.4),2026-08-05 14:28:33.971226
1.32,35.5,4.82,-0.46253,100.0,80.44,-47.9165,1,CRITICAL,Estimated remaining life (1d) is critically short.,0.3559,0.4221,0.4571,0.481,vibration_max (z=-1.5); vibration_rms (z=-1.5); vibration_mean (z=-1.5),2026-08-05 14:28:34.025342
1.39,36.0,4.32,-0.45776,100.0,81.08,-46.4083,1,CRITICAL,Estimated remaining life (1d) is critically short.,0.3536,0.4194,0.4542,0.4778,current_trend_slope (z=-1.7); vibration_max (z=-1.5); vibration_rms (z=-1.5),2026-08-05 14:28:34.080779
1.39,36.0,4.61,-0.46184,100.0,81.7,-44.8597,1,CRITICAL,Estimated remaining life (1d) is critically short.,0.3514,0.4169,0.4513,0.4746,vibration_max (z=-1.5); vibration_rms (z=-1.5); vibration_mean (z=-1.5),2026-08-05 14:28:34.137076
1.19,37.5,4.48,-0.46665,99.72,82.29,-43.2759,1,CRITICAL,Estimated remaining life (1d) is critically short.,0.3493,0.4144,0.4485,0.4715,current_std (z=-1.6); temperature_std (z=-1.5); vibration_max (z=-1.5),2026-08-05 14:28:34.191942
1.34,35.7,5.07,-0.47668,91.61,82.6,-41.6918,1,CRITICAL,Estimated remaining life (1d) is critically short.,0.3481,0.4125,0.4461,0.4688,vibration_max (z=-1.5); vibration_rms (z=-1.5); vibration_mean (z=-1.5),2026-08-05 14:28:34.246107
1.2,37.6,4.69,-0.48053,88.5,82.79,-40.1205,1,CRITICAL,Estimated remaining life (1d) is critically short.,0.3471,0.4109,0.4441,0.4663,temperature_std (z=-1.6); vibration_max (z=-1.5); vibration_rms (z=-1.5),2026-08-05 14:28:34.300505
1.57,30.6,4.7,-0.49319,78.25,82.64,-38.6012,1,CRITICAL,Estimated remaining life (1d) is critically short.,0.3471,0.4101,0.4426,0.4645,temperature_kurtosis (z=+3.0); temperature_skew (z=-2.3); vibration_max (z=-1.5),2026-08-05 14:28:34.360928
1.55,34.7,4.69,-0.49463,77.09,82.46,-37.1363,1,CRITICAL,Estimated remaining life (1d) is critically short.,0.3472,0.4093,0.4413,0.4627,temperature_kurtosis (z=+2.2); temperature_skew (z=-1.9); temperature_trend_slope (z=-1.7),2026-08-05 14:28:34.428591
1.16,36.8,4.86,-0.48116,87.99,82.64,-35.6832,1,CRITICAL,Estimated remaining life (1d) is critically short.,0.3463,0.4078,0.4394,0.4605,temperature_kurtosis (z=+2.3); temperature_skew (z=-1.9); vibration_max (z=-1.5),2026-08-05 14:28:34.497793
1.31,35.4,4.8,-0.48945,81.28,82.6,-34.2669,1,CRITICAL,Estimated remaining life (1d) is critically short.,0.346,0.4068,0.4379,0.4586,temperature_kurtosis (z=+3.5); temperature_skew (z=-2.8); vibration_max (z=-1.5),2026-08-05 14:28:34.556740
0.99,35.9,4.79,-0.49886,73.67,82.3,-32.9142,1,CRITICAL,Estimated remaining life (1d) is critically short.,0.3463,0.4063,0.4369,0.4572,temperature_kurtosis (z=+3.7); temperature_skew (z=-2.9); vibration_max (z=-1.5),2026-08-05 14:28:34.615322
1.18,37.4,5.03,-0.49856,73.91,82.03,-31.6211,1,CRITICAL,Estimated remaining life (1d) is critically short.,0.3466,0.4058,0.4359,0.4559,temperature_kurtosis (z=+3.3); temperature_skew (z=-2.9); vibration_crest_factor (z=+1.6),2026-08-05 14:28:34.672552
1.47,38.5,5.03,-0.49215,79.1,81.93,-30.3665,2,CRITICAL,Estimated remaining life (2d) is critically short.,0.3464,0.405,0.4347,0.4543,temperature_kurtosis (z=+2.6); temperature_skew (z=-2.5); vibration_max (z=-1.5),2026-08-05 14:28:34.726390
1.27,38.2,4.25,-0.50896,65.5,81.39,-29.1972,2,CRITICAL,Estimated remaining life (2d) is critically short.,0.3473,0.4051,0.4343,0.4535,temperature_skew (z=-2.4); temperature_kurtosis (z=+2.3); current_skew (z=-1.7),2026-08-05 14:28:34.784275
0.98,36.1,4.5,-0.5019,71.21,81.06,-28.0887,2,CRITICAL,Estimated remaining life (2d) is critically short.,0.3477,0.4048,0.4336,0.4525,temperature_kurtosis (z=+2.5); temperature_skew (z=-2.5); vibration_crest_factor (z=+1.9),2026-08-05 14:28:34.842610
1.21,34.2,4.5,-0.48731,83.01,81.12,-26.9969,2,CRITICAL,Estimated remaining life (2d) is critically short.,0.3471,0.4038,0.4322,0.4509,vibration_crest_factor (z=+1.9); temperature_skew (z=-1.8); vibration_trend_slope (z=-1.7),2026-08-05 14:28:34.903366
1.09,34.6,4.84,-0.48177,87.5,81.33,-25.9062,2,CRITICAL,Estimated remaining life (2d) is critically short.,0.346,0.4025,0.4307,0.4491,vibration_crest_factor (z=+2.4); vibration_mean (z=-1.6); vibration_rms (z=-1.6),2026-08-05 14:28:34.961598
1.27,37.8,4.97,-0.48543,84.53,81.44,-24.8275,2,CRITICAL,Estimated remaining life (2d) is critically short.,0.3453,0.4013,0.4293,0.4475,vibration_crest_factor (z=+1.9); vibration_max (z=-1.6); vibration_rms (z=-1.6),2026-08-05 14:28:35.022554
1.37,36.3,4.97,-0.48335,86.22,81.59,-23.7552,2,CRITICAL,Estimated remaining life (2d) is critically short.,0.3444,0.4001,0.4278,0.4459,vibration_max (z=-1.6); vibration_rms (z=-1.6); temperature_std (z=-1.6),2026-08-05 14:28:35.079148
1.3,31.4,4.82,-0.49716,75.04,81.38,-22.7276,2,CRITICAL,Estimated remaining life (2d) is critically short.,0.3445,0.3997,0.427,0.4448,vibration_max (z=-1.6); vibration_rms (z=-1.6); vibration_mean (z=-1.6),2026-08-05 14:28:35.139969
1.15,35.0,4.91,-0.49374,77.81,81.26,-21.7334,2,CRITICAL,Estimated remaining life (2d) is critically short.,0.3443,0.3991,0.4261,0.4436,temperature_trend_slope (z=-1.7); vibration_max (z=-1.6); vibration_rms (z=-1.6),2026-08-05 14:28:35.195439
1.3,34.4,4.76,-0.48672,83.49,81.34,-20.7525,2,CRITICAL,Estimated remaining life (2d) is critically short.,0.3437,0.3981,0.4249,0.4422,temperature_trend_slope (z=-1.7); vibration_max (z=-1.6); vibration_rms (z=-1.6),2026-08-05 14:28:35.288478
1.15,36.0,4.73,-0.50633,67.62,80.89,-19.8373,3,CRITICAL,Estimated remaining life (3d) is critically short.,0.3444,0.3982,0.4246,0.4416,current_trend_slope (z=+1.8); vibration_max (z=-1.7); vibration_std (z=-1.6),2026-08-05 14:28:35.407617
1.22,36.0,4.54,-0.50608,67.83,80.46,-18.9836,3,CRITICAL,Estimated remaining life (3d) is critically short.,0.345,0.3982,0.4243,0.441,vibration_max (z=-1.7); vibration_std (z=-1.6); vibration_rms (z=-1.6),2026-08-05 14:28:35.463208
1.22,37.0,4.55,-0.5039,69.59,80.1,-18.1826,3,CRITICAL,Estimated remaining life (3d) is critically short.,0.3455,0.3982,0.4239,0.4404,vibration_std (z=-2.3); vibration_max (z=-1.7); vibration_rms (z=-1.6),2026-08-05 14:28:35.524103
1.24,38.2,4.95,-0.51097,63.87,79.57,-17.4503,3,CRITICAL,Estimated remaining life (3d) is critically short.,0.3464,0.3985,0.4239,0.4401,vibration_std (z=-2.3); vibration_max (z=-1.7); vibration_rms (z=-1.6),2026-08-05 14:28:35.591938
1.16,33.2,4.87,-0.50097,71.96,79.32,-16.757,3,CRITICAL,Estimated remaining life (3d) is critically short.,0.3466,0.3983,0.4234,0.4395,vibration_std (z=-2.5); vibration_max (z=-1.7); vibration_rms (z=-1.6),2026-08-05 14:28:35.654068
1.17,33.5,4.8,-0.49904,73.52,79.13,-16.096,3,CRITICAL,Estimated remaining life (3d) is critically short.,0.3466,0.398,0.4229,0.4388,vibration_std (z=-2.5); vibration_max (z=-1.7); vibration_rms (z=-1.6),2026-08-05 14:28:35.708473
1.38,36.8,4.83,-0.5069,67.16,78.74,-15.4859,3,CRITICAL,Estimated remaining life (3d) is critically short.,0.3472,0.3981,0.4228,0.4385,vibration_std (z=-2.4); current_std (z=-1.7); vibration_max (z=-1.7),2026-08-05 14:28:35.763251
1.22,33.7,4.89,-0.51577,59.99,78.12,-14.9463,3,CRITICAL,Estimated remaining life (3d) is critically short.,0.3484,0.3987,0.423,0.4385,vibration_std (z=-2.5); vibration_skew (z=+1.7); vibration_max (z=-1.7),2026-08-05 14:28:35.817163
1.42,34.0,4.92,-0.51162,63.35,77.64,-14.4631,3,CRITICAL,Estimated remaining life (3d) is critically short.,0.3492,0.3991,0.4232,0.4385,vibration_std (z=-2.1); vibration_max (z=-1.6); current_std (z=-1.6),2026-08-05 14:28:35.872540
1.49,35.9,4.87,-0.50338,70.01,77.39,-14.0127,4,CRITICAL,Estimated remaining life (4d) is critically short.,0.3494,0.3991,0.423,0.4381,current_skew (z=-1.6); vibration_max (z=-1.6); current_std (z=-1.6),2026-08-05 14:28:35.928595
1.36,32.8,4.79,-0.50228,70.9,77.18,-13.5907,4,CRITICAL,Estimated remaining life (4d) is critically short.,0.3496,0.399,0.4227,0.4378,current_skew (z=-1.9); vibration_std (z=-1.6); current_std (z=-1.6),2026-08-05 14:28:35.984215
1.38,35.1,4.2,-0.51476,60.81,76.64,-13.2263,4,OK,No action needed.,0.3506,0.3995,0.4231,0.4379,,2026-08-05 14:28:36.041533
1.38,34.9,4.28,-0.50597,67.92,76.35,-12.8949,4,OK,No action needed.,0.351,0.3997,0.423,0.4378,,2026-08-05 14:28:36.097478
1.19,37.0,4.79,-0.49617,75.84,76.34,-12.5711,4,OK,No action needed.,0.3506,0.3993,0.4226,0.4373,,2026-08-05 14:28:36.149353
1.2,38.4,4.9,-0.48843,82.11,76.53,-12.2362,4,OK,No action needed.,0.3497,0.3984,0.4217,0.4365,,2026-08-05 14:28:36.203843
1.48,40.6,5.17,-0.49301,78.41,76.59,-11.9019,4,OK,No action needed.,0.3491,0.3979,0.4211,0.4358,,2026-08-05 14:28:36.259847
1.29,35.8,4.62,-0.49716,75.04,76.54,-11.5783,4,OK,No action needed.,0.3489,0.3975,0.4207,0.4354,,2026-08-05 14:28:36.337570
1.24,36.7,4.73,-0.48847,82.07,76.72,-11.2446,5,OK,No action needed.,0.348,0.3967,0.4199,0.4346,,2026-08-05 14:28:36.432147
1.45,40.5,4.45,-0.47978,89.11,77.12,-10.8814,5,OK,No action needed.,0.3465,0.3954,0.4187,0.4334,,2026-08-05 14:28:36.484719
1.31,39.7,4.81,-0.49065,80.31,77.23,-10.5159,5,OK,No action needed.,0.3458,0.3948,0.418,0.4326,,2026-08-05 14:28:36.537798
1.37,40.5,4.82,-0.49682,75.32,77.17,-10.1625,5,OK,No action needed.,0.3456,0.3944,0.4176,0.4322,,2026-08-05 14:28:36.600157
1.17,37.0,4.55,-0.46575,100.0,77.92,-9.7514,5,OK,No action needed.,0.3432,0.3924,0.4158,0.4304,,2026-08-05 14:28:36.659617
1.5,33.7,4.83,-0.47131,95.95,78.51,-9.2976,6,OK,No action needed.,0.3412,0.3908,0.4142,0.4289,,2026-08-05 14:28:36.715781
1.63,33.6,4.66,-0.47042,96.67,79.1,-8.8019,6,OK,No action needed.,0.3392,0.389,0.4126,0.4273,,2026-08-05 14:28:36.768793
1.32,35.9,4.42,-0.47646,91.79,79.52,-8.2806,7,OK,No action needed.,0.3377,0.3876,0.4112,0.4259,,2026-08-05 14:28:36.824719
1.62,34.8,4.73,-0.47551,92.55,79.95,-7.7335,7,OK,No action needed.,0.3361,0.3862,0.4098,0.4245,,2026-08-05 14:28:36.879676
1.48,37.2,4.53,-0.47194,95.45,80.45,-7.1547,8,OK,No action needed.,0.3344,0.3846,0.4083,0.4229,,2026-08-05 14:28:36.934288
1.55,35.4,4.67,-0.47607,92.1,80.84,-6.5554,9,OK,No action needed.,0.333,0.3833,0.4069,0.4215,,2026-08-05 14:28:36.993806
1.23,34.4,4.59,-0.47719,91.2,81.18,-5.9397,10,OK,No action needed.,0.3317,0.382,0.4056,0.4202,,2026-08-05 14:28:37.049050
1.12,34.1,4.23,-0.50533,68.44,80.76,-5.3695,11,OK,No action needed.,0.3324,0.3823,0.4056,0.42,,2026-08-05 14:28:37.101566
1.48,34.9,4.66,-0.50213,71.03,80.44,-4.8359,12,OK,No action needed.,0.3328,0.3824,0.4054,0.4196,,2026-08-05 14:28:37.157265
1.46,32.0,4.37,-0.49052,80.42,80.44,-4.3123,14,OK,No action needed.,0.3325,0.3818,0.4048,0.4189,,2026-08-05 14:28:37.214548
1.26,35.1,4.17,-0.49808,74.3,80.24,-3.8145,15,OK,No action needed.,0.3326,0.3817,0.4045,0.4184,,2026-08-05 14:28:37.270187
1.34,36.8,4.56,-0.49564,76.27,80.11,-3.3364,18,OK,No action needed.,0.3325,0.3814,0.404,0.4179,,2026-08-05 14:28:37.328933
1.05,37.8,4.61,-0.48661,83.58,80.22,-2.8583,21,OK,No action needed.,0.3319,0.3807,0.4032,0.417,,2026-08-05 14:28:37.392381
1.02,37.6,4.49,-0.49428,77.38,80.13,-2.3964,25,OK,No action needed.,0.3317,0.3803,0.4028,0.4164,,2026-08-05 14:28:37.449625
1.14,36.3,4.53,-0.49507,76.73,80.02,-1.9517,30,OK,No action needed.,0.3316,0.38,0.4024,0.4159,,2026-08-05 14:28:37.507054
1.02,32.4,4.11,-0.48375,85.89,80.21,-1.5004,40,OK,No action needed.,0.3307,0.3792,0.4014,0.415,,2026-08-05 14:28:37.564119
1.26,31.8,4.42,-0.48037,88.63,80.48,-1.0365,58,OK,No action needed.,0.3296,0.3781,0.4004,0.4139,,2026-08-05 14:28:37.681417
1.61,33.9,4.32,-0.47395,93.82,80.92,-0.5481,90,OK,No action needed.,0.3281,0.3767,0.399,0.4125,,2026-08-05 14:28:37.745671
1.21,35.3,4.63,-0.48081,88.27,81.16,-0.0505,90,OK,No action needed.,0.3271,0.3757,0.398,0.4114,,2026-08-05 14:28:37.807225
1.53,34.1,4.67,-0.49042,80.5,81.14,0.4361,90,OK,No action needed.,0.3268,0.3753,0.3974,0.4108,,2026-08-05 14:28:37.863143
1.66,38.2,4.58,-0.513,62.23,80.52,0.8676,90,OK,No action needed.,0.328,0.376,0.3978,0.411,,2026-08-05 14:28:37.916137
1.73,37.3,4.46,-0.52315,54.02,79.65,1.2269,90,OK,No action needed.,0.33,0.3773,0.3987,0.4116,,2026-08-05 14:28:37.969806
1.43,38.5,4.37,-0.50341,69.99,79.34,1.5562,90,OK,No action needed.,0.3305,0.3775,0.3988,0.4115,,2026-08-05 14:28:38.023717
1.83,38.4,4.67,-0.51629,59.57,78.69,1.8322,90,OK,No action needed.,0.3318,0.3783,0.3994,0.412,,2026-08-05 14:28:38.080527
1.53,37.2,4.82,-0.51274,62.44,78.15,2.0643,90,OK,No action needed.,0.3329,0.379,0.3999,0.4123,,2026-08-05 14:28:38.135836
1.27,36.5,4.47,-0.47551,92.56,78.63,2.3262,90,OK,No action needed.,0.3313,0.3777,0.3987,0.4112,,2026-08-05 14:28:38.194383
1.45,34.7,4.37,-0.45648,100.0,79.33,2.6334,90,OK,No action needed.,0.3291,0.3759,0.397,0.4096,,2026-08-05 14:28:38.251833
1.53,37.9,4.84,-0.46621,100.0,80.01,2.9832,90,OK,No action needed.,0.3269,0.3741,0.3954,0.4081,,2026-08-05 14:28:38.318302
1.45,39.2,4.76,-0.47321,94.42,80.48,3.36,90,OK,No action needed.,0.3253,0.3727,0.3941,0.4068,,2026-08-05 14:28:38.379458
1.41,38.0,4.83,-0.48941,81.32,80.51,3.7318,90,OK,No action needed.,0.3249,0.3722,0.3935,0.4062,,2026-08-05 14:28:38.433758
1.64,35.6,4.49,-0.47229,95.16,80.99,4.1304,90,OK,No action needed.,0.3233,0.3708,0.3922,0.4049,,2026-08-05 14:28:38.488015
1.32,40.0,4.18,-0.4737,94.02,81.41,4.5514,90,OK,No action needed.,0.3218,0.3695,0.3909,0.4036,,2026-08-05 14:28:38.545810
1.35,40.4,4.57,-0.47236,95.1,81.86,4.9956,90,OK,No action needed.,0.3202,0.3681,0.3896,0.4023,,2026-08-05 14:28:38.605066
1.31,39.1,4.66,-0.46666,99.72,82.45,5.472,90,OK,No action needed.,0.3184,0.3665,0.3881,0.4008,,2026-08-05 14:28:38.664946
1.24,39.6,4.7,-0.47398,93.8,82.82,5.965,90,OK,No action needed.,0.3171,0.3653,0.3869,0.3995,,2026-08-05 14:28:38.720754
1.3,37.2,4.75,-0.47908,89.67,83.04,6.4644,90,OK,No action needed.,0.3162,0.3644,0.3859,0.3985,,2026-08-05 14:28:38.780281
1.17,38.7,4.78,-0.50568,68.16,82.56,6.9219,90,OK,No action needed.,0.3171,0.3649,0.3861,0.3986,,2026-08-05 14:28:38.856218
1.48,37.5,4.5,-0.49205,79.18,82.44,7.3636,90,OK,No action needed.,0.3171,0.3646,0.3857,0.3981,,2026-08-05 14:28:38.914887
1.37,40.3,4.84,-0.49998,72.76,82.13,7.7763,90,OK,No action needed.,0.3176,0.3648,0.3857,0.3979,,2026-08-05 14:28:38.972946
1.35,34.9,4.87,-0.50241,70.8,81.76,8.157,90,OK,No action needed.,0.3182,0.3651,0.3858,0.3978,,2026-08-05 14:28:39.031591
1.18,36.1,4.88,-0.51565,60.08,81.05,8.484,90,OK,No action needed.,0.3198,0.3661,0.3865,0.3983,,2026-08-05 14:28:39.084869
1.26,37.1,5.34,-0.52079,55.93,80.22,8.7512,90,OK,No action needed.,0.3216,0.3673,0.3874,0.399,,2026-08-05 14:28:39.140116
1.24,37.4,5.17,-0.50339,70.01,79.89,8.9917,90,OK,No action needed.,0.3222,0.3676,0.3875,0.399,,2026-08-05 14:28:39.196992
1.33,35.2,4.67,-0.49227,79.0,79.86,9.2258,90,OK,No action needed.,0.3219,0.3673,0.3872,0.3986,,2026-08-05 14:28:39.254128
1.06,33.6,4.54,-0.47253,94.97,80.35,9.4874,90,OK,No action needed.,0.3203,0.3659,0.3859,0.3975,,2026-08-05 14:28:39.310043
1.43,38.8,4.75,-0.46583,100.0,81.0,9.7852,90,OK,No action needed.,0.3183,0.3643,0.3844,0.396,,2026-08-05 14:28:39.368280
1.3,35.8,4.47,-0.47863,90.03,81.29,10.0963,90,WARN,Failure probability within 1d is 40% — schedule maintenance.,0.3171,0.3633,0.3835,0.3951,current_crest_factor (z=+2.1); vibration_max (z=-1.6); vibration_rms (z=-1.5),2026-08-05 14:28:39.429296
1.39,38.2,4.71,-0.47785,90.67,81.6,10.4212,90,WARN,Failure probability within 1d is 39% — schedule maintenance.,0.316,0.3623,0.3825,0.3941,current_crest_factor (z=+1.9); current_trend_slope (z=-1.7); vibration_std (z=-1.7),2026-08-05 14:28:39.493311
1.28,38.8,4.31,-0.50549,68.31,81.17,10.7129,90,WARN,Failure probability within 1d is 39% — schedule maintenance.,0.3168,0.3627,0.3828,0.3942,current_trend_slope (z=-2.8); current_crest_factor (z=+2.4); vibration_std (z=-1.8),2026-08-05 14:28:39.551441
1.1,34.6,4.89,-0.495,76.79,81.02,10.9902,90,WARN,Failure probability within 1d is 39% — schedule maintenance.,0.3169,0.3626,0.3826,0.394,current_crest_factor (z=+2.3); current_trend_slope (z=-2.3); vibration_max (z=-1.6),2026-08-05 14:28:39.614079
1.36,34.7,4.84,-0.49155,79.58,80.97,11.2596,90,WARN,Failure probability within 1d is 39% — schedule maintenance.,0.3167,0.3624,0.3822,0.3936,current_crest_factor (z=+2.4); current_trend_slope (z=-1.9); vibration_max (z=-1.6),2026-08-05 14:28:39.669424
1.16,37.0,4.91,-0.46409,100.0,81.6,11.5624,90,WARN,Failure probability within 1d is 39% — schedule maintenance.,0.3147,0.3607,0.3807,0.3921,vibration_max (z=-1.6); vibration_rms (z=-1.6); vibration_mean (z=-1.6),2026-08-05 14:28:39.730493
1.15,38.1,4.55,-0.47471,93.2,81.98,11.8831,90,WARN,Failure probability within 1d is 39% — schedule maintenance.,0.3134,0.3596,0.3796,0.3911,vibration_max (z=-1.6); vibration_rms (z=-1.6); vibration_mean (z=-1.6),2026-08-05 14:28:39.810122
1.03,37.6,4.77,-0.48387,85.79,82.1,12.2056,90,WARN,Failure probability within 1d is 39% — schedule maintenance.,0.3127,0.3589,0.379,0.3904,vibration_max (z=-1.6); vibration_rms (z=-1.6); vibration_mean (z=-1.6),2026-08-05 14:28:39.898451
1.42,36.3,4.52,-0.47978,89.1,82.33,12.5363,90,WARN,Failure probability within 1d is 39% — schedule maintenance.,0.3118,0.3581,0.3781,0.3895,vibration_max (z=-1.6); vibration_rms (z=-1.6); vibration_mean (z=-1.6),2026-08-05 14:28:39.960344
1.32,37.4,4.69,-0.48195,87.35,82.5,12.8708,90,WARN,Failure probability within 1d is 39% — schedule maintenance.,0.3111,0.3573,0.3774,0.3887,vibration_max (z=-1.6); temperature_std (z=-1.6); vibration_rms (z=-1.6),2026-08-05 14:28:40.026625
1.4,35.7,4.55,-0.48111,88.03,82.68,13.2103,90,WARN,Failure probability within 1d is 39% — schedule maintenance.,0.3103,0.3566,0.3766,0.3879,vibration_max (z=-1.6); temperature_std (z=-1.6); vibration_rms (z=-1.6),2026-08-05 14:28:40.084279
1.5,36.3,4.62,-0.47665,91.63,82.97,13.5612,90,WARN,Failure probability within 1d is 39% — schedule maintenance.,0.3092,0.3556,0.3756,0.387,temperature_std (z=-1.8); vibration_max (z=-1.6); vibration_rms (z=-1.5),2026-08-05 14:28:40.139187
1.32,38.3,4.3,-0.49996,72.78,82.64,13.8861,90,WARN,Failure probability within 1d is 39% — schedule maintenance.,0.3098,0.3559,0.3757,0.3869,current_trend_slope (z=-2.0); temperature_std (z=-1.9); vibration_max (z=-1.6),2026-08-05 14:28:40.196404
1.26,36.1,4.9,-0.48493,84.94,82.71,14.2095,90,WARN,Failure probability within 1d is 39% — schedule maintenance.,0.3093,0.3553,0.3751,0.3863,temperature_std (z=-2.2); vibration_max (z=-1.6); vibration_rms (z=-1.5),2026-08-05 14:28:40.251342
1.42,38.7,5.0,-0.47698,91.37,83.0,14.5438,90,WARN,Failure probability within 1d is 39% — schedule maintenance.,0.3082,0.3544,0.3742,0.3853,temperature_std (z=-2.4); vibration_max (z=-1.6); vibration_rms (z=-1.5),2026-08-05 14:28:40.309588
1.53,36.0,4.47,-0.48125,87.91,83.16,14.8816,90,WARN,Failure probability within 1d is 38% — schedule maintenance.,0.3075,0.3537,0.3735,0.3846,temperature_std (z=-2.3); vibration_max (z=-1.6); vibration_min (z=-1.5),2026-08-05 14:28:40.370218
1.38,36.4,4.69,-0.50053,72.31,82.8,15.1927,90,WARN,Failure probability within 1d is 38% — schedule maintenance.,0.3081,0.354,0.3736,0.3846,temperature_std (z=-2.4); vibration_kurtosis (z=+2.0); vibration_skew (z=-2.0),2026-08-05 14:28:40.430851
1.03,34.5,4.83,-0.49744,74.81,82.54,15.4831,90,WARN,Failure probability within 1d is 38% — schedule maintenance.,0.3085,0.3541,0.3736,0.3845,vibration_kurtosis (z=+2.0); temperature_std (z=-2.0); vibration_skew (z=-2.0),2026-08-05 14:28:40.484551
1.28,37.5,4.64,-0.47892,89.8,82.78,15.782,90,WARN,Failure probability within 1d is 38% — schedule maintenance.,0.3076,0.3533,0.3727,0.3836,temperature_std (z=-2.0); vibration_max (z=-1.6); vibration_min (z=-1.5),2026-08-05 14:28:40.542692
1.2,36.9,5.1,-0.48747,82.88,82.78,16.0757,90,WARN,Failure probability within 1d is 38% — schedule maintenance.,0.3073,0.3529,0.3723,0.3831,temperature_std (z=-2.0); vibration_max (z=-1.6); vibration_min (z=-1.5),2026-08-05 14:28:40.598466
1.42,36.4,5.42,-0.51291,62.31,82.11,16.326,90,WARN,Failure probability within 1d is 38% — schedule maintenance.,0.3087,0.3539,0.373,0.3837,current_crest_factor (z=+2.8); current_trend_slope (z=+2.6); temperature_std (z=-2.1),2026-08-05 14:28:40.653740
1.61,36.6,5.25,-0.50749,66.69,81.61,16.5433,90,WARN,Failure probability within 1d is 38% — schedule maintenance.,0.3098,0.3545,0.3735,0.384,current_trend_slope (z=+3.0); current_crest_factor (z=+2.2); temperature_std (z=-2.1),2026-08-05 14:28:40.709294
1.34,35.6,4.88,-0.48718,83.12,81.66,16.7592,90,WARN,Failure probability within 1d is 38% — schedule maintenance.,0.3093,0.3541,0.373,0.3835,temperature_std (z=-2.2); current_trend_slope (z=+1.7); current_crest_factor (z=+1.7),2026-08-05 14:28:40.767597
1.39,36.3,4.89,-0.48661,83.58,81.72,16.9747,90,WARN,Failure probability within 1d is 38% — schedule maintenance.,0.3089,0.3536,0.3725,0.383,temperature_std (z=-2.2); current_crest_factor (z=+1.7); current_trend_slope (z=+1.6),2026-08-05 14:28:40.824205
1.3,33.8,4.72,-0.49504,76.76,81.56,17.1771,90,WARN,Failure probability within 1d is 38% — schedule maintenance.,0.309,0.3536,0.3724,0.3828,temperature_std (z=-2.3); current_crest_factor (z=+1.9); temperature_max (z=-1.5),2026-08-05 14:28:40.879225
1.45,35.5,4.53,-0.48821,82.29,81.58,17.377,90,WARN,Failure probability within 1d is 38% — schedule maintenance.,0.3086,0.3532,0.372,0.3824,temperature_std (z=-2.2); current_crest_factor (z=+1.9); temperature_max (z=-1.5),2026-08-05 14:28:40.936668
1.67,37.1,4.89,-0.49353,77.98,81.46,17.5666,90,WARN,Failure probability within 1d is 38% — schedule maintenance.,0.3087,0.3531,0.3719,0.3822,temperature_std (z=-2.1); vibration_trend_slope (z=+2.0); current_crest_factor (z=+1.7),2026-08-05 14:28:40.992316
1.4,34.6,4.89,-0.48394,85.74,81.6,17.7603,90,WARN,Failure probability within 1d is 38% — schedule maintenance.,0.308,0.3525,0.3713,0.3816,temperature_std (z=-2.2); current_crest_factor (z=+1.6); temperature_max (z=-1.5),2026-08-05 14:28:41.065341
1.33,35.8,4.82,-0.48538,84.57,81.7,17.9556,90,WARN,Failure probability within 1d is 38% — schedule maintenance.,0.3074,0.352,0.3707,0.381,temperature_std (z=-2.4); current_trend_slope (z=-2.1); temperature_max (z=-1.6),2026-08-05 14:28:41.128892
1.35,30.2,4.55,-0.53861,41.51,80.38,18.0761,90,WARN,Failure probability within 1d is 38% — schedule maintenance.,0.3107,0.3544,0.3726,0.3826,temperature_kurtosis (z=+3.2); temperature_skew (z=-2.9); current_trend_slope (z=-2.5),2026-08-05 14:28:41.188752
1.4,33.1,4.68,-0.51513,60.51,79.73,18.159,90,WARN,Failure probability within 1d is 38% — schedule maintenance.,0.3122,0.3554,0.3735,0.3833,temperature_skew (z=-2.1); vibration_skew (z=+1.8); current_trend_slope (z=-1.6),2026-08-05 14:28:41.245085
1.44,35.4,4.81,-0.54015,40.27,78.44,18.1708,90,WARN,Failure probability within 1d is 39% — schedule maintenance.,0.3154,0.3578,0.3755,0.3851,vibration_kurtosis (z=+3.6); vibration_skew (z=+2.8); temperature_skew (z=-2.1),2026-08-05 14:28:41.304188
1.28,34.3,4.69,-0.52601,51.71,77.56,18.1351,90,WARN,Failure probability within 1d is 39% — schedule maintenance.,0.3176,0.3595,0.3768,0.3863,vibration_kurtosis (z=+2.9); vibration_skew (z=+2.4); temperature_skew (z=-1.9),2026-08-05 14:28:41.362442
1.19,37.5,4.41,-0.50876,65.66,77.17,18.0786,90,WARN,Failure probability within 1d is 39% — schedule maintenance.,0.3185,0.3601,0.3774,0.3868,vibration_current_corr (z=+1.8); vibration_kurtosis (z=+1.8); vibration_crest_factor (z=+1.6),2026-08-05 14:28:41.421061
1.36,35.9,4.59,-0.52314,54.03,76.41,17.9824,90,WARN,Failure probability within 1d is 39% — schedule maintenance.,0.3205,0.3616,0.3787,0.3879,vibration_kurtosis (z=+2.0); temperature_skew (z=-1.9); vibration_current_corr (z=+1.8),2026-08-05 14:28:41.481115
0.82,35.4,4.94,-0.52346,53.77,75.67,17.8481,90,WARN,Failure probability within 1d is 39% — schedule maintenance.,0.3224,0.3631,0.38,0.3891,vibration_kurtosis (z=+2.6); vibration_trend_slope (z=-2.5); vibration_crest_factor (z=+2.2),2026-08-05 14:28:41.536701
0.95,39.1,4.61,-0.49924,73.36,75.59,17.7113,90,WARN,Failure probability within 1d is 39% — schedule maintenance.,0.3226,0.3633,0.3801,0.3893,vibration_trend_slope (z=-2.3); vibration_skew (z=-2.1); temperature_trend_slope (z=+1.7),2026-08-05 14:28:41.594094
1.21,34.4,4.61,-0.50278,70.5,75.43,17.5672,90,WARN,Failure probability within 1d is 39% — schedule maintenance.,0.3229,0.3636,0.3805,0.3896,vibration_trend_slope (z=-2.0); vibration_skew (z=-1.8); vibration_min (z=-1.7),2026-08-05 14:28:41.657749
1.54,34.9,4.95,-0.48421,85.52,75.76,17.4417,90,WARN,Failure probability within 1d is 39% — schedule maintenance.,0.3219,0.3629,0.3799,0.3892,vibration_crest_factor (z=+1.7); vibration_min (z=-1.7); temperature_trend_slope (z=+1.6),2026-08-05 14:28:41.722282
1.41,39.1,4.65,-0.47407,93.73,76.35,17.3477,90,WARN,Failure probability within 1d is 39% — schedule maintenance.,0.3202,0.3617,0.3789,0.3883,vibration_min (z=-1.7); vibration_crest_factor (z=+1.6); vibration_max (z=-1.6),2026-08-05 14:28:41.778458
1.29,37.2,4.17,-0.47656,91.71,76.85,17.2802,90,WARN,Failure probability within 1d is 39% — schedule maintenance.,0.3186,0.3606,0.378,0.3876,vibration_crest_factor (z=+1.8); vibration_min (z=-1.7); vibration_max (z=-1.6),2026-08-05 14:28:41.834854
1.4,39.7,4.64,-0.4768,91.51,77.33,17.2375,90,WARN,Failure probability within 1d is 39% — schedule maintenance.,0.3171,0.3595,0.3771,0.3868,vibration_crest_factor (z=+1.8); vibration_min (z=-1.7); vibration_mean (z=-1.6),2026-08-05 14:28:41.896032
1.62,37.8,4.44,-0.48007,88.87,77.71,17.2139,90,WARN,Failure probability within 1d is 39% — schedule maintenance.,0.3159,0.3586,0.3764,0.3861,vibration_trend_slope (z=+2.3); vibration_crest_factor (z=+2.2); vibration_min (z=-1.7),2026-08-05 14:28:41.956346
1.45,38.6,4.51,-0.49135,79.75,77.78,17.1934,90,WARN,Failure probability within 1d is 39% — schedule maintenance.,0.3155,0.3583,0.3761,0.3859,vibration_trend_slope (z=+2.4); vibration_crest_factor (z=+1.8); vibration_min (z=-1.7),2026-08-05 14:28:42.017988
1.29,38.7,4.62,-0.49496,76.82,77.74,17.1711,90,WARN,Failure probability within 1d is 39% — schedule maintenance.,0.3154,0.3582,0.3761,0.3859,vibration_trend_slope (z=+2.5); vibration_crest_factor (z=+1.9); vibration_min (z=-1.7),2026-08-05 14:28:42.118019
1.45,39.1,4.29,-0.49381,77.75,77.75,17.1486,90,WARN,Failure probability within 1d is 39% — schedule maintenance.,0.3152,0.358,0.3759,0.3858,temperature_skew (z=-1.8); vibration_min (z=-1.6); vibration_max (z=-1.5),2026-08-05 14:28:42.174976
1.4,40.0,4.1,-0.48597,84.09,77.95,17.136,90,WARN,Failure probability within 1d is 39% — schedule maintenance.,0.3145,0.3575,0.3755,0.3853,current_trend_slope (z=-2.0); temperature_trend_slope (z=+1.8); temperature_skew (z=-1.6),2026-08-05 14:28:42.233121
1.2,39.8,4.45,-0.50255,70.68,77.71,17.1114,90,WARN,Failure probability within 1d is 39% — schedule maintenance.,0.3149,0.3578,0.3758,0.3856,temperature_skew (z=-2.3); temperature_kurtosis (z=+1.9); current_trend_slope (z=-1.8),2026-08-05 14:28:42.299175
1.09,38.4,4.43,-0.4863,83.83,77.92,17.0963,90,WARN,Failure probability within 1d is 39% — schedule maintenance.,0.3142,0.3573,0.3753,0.3852,temperature_std (z=-2.6); current_max (z=-1.5); vibration_max (z=-1.5),2026-08-05 14:28:42.357172
1.06,35.0,4.8,-0.48993,80.89,78.01,17.0856,90,WARN,Failure probability within 1d is 38% — schedule maintenance.,0.3137,0.3569,0.375,0.3849,temperature_skew (z=-2.1); vibration_trend_slope (z=-1.8); vibration_crest_factor (z=+1.7),2026-08-05 14:28:42.413379
1.33,35.2,4.56,-0.49329,78.17,78.02,17.0748,90,WARN,Failure probability within 1d is 38% — schedule maintenance.,0.3135,0.3567,0.3748,0.3848,vibration_trend_slope (z=-1.9); temperature_skew (z=-1.8); vibration_crest_factor (z=+1.7),2026-08-05 14:28:42.472888
1.32,35.5,4.17,-0.47401,93.77,78.53,17.0885,90,WARN,Failure probability within 1d is 38% — schedule maintenance.,0.3118,0.3555,0.3738,0.3839,vibration_crest_factor (z=+1.8); vibration_trend_slope (z=-1.7); vibration_mean (z=-1.5),2026-08-05 14:28:42.529554
1.69,37.3,4.67,-0.46233,100.0,79.24,17.1353,90,WARN,Failure probability within 1d is 38% — schedule maintenance.,0.3097,0.3538,0.3724,0.3826,vibration_crest_factor (z=+2.5); temperature_trend_slope (z=-1.6); vibration_mean (z=-1.5),2026-08-05 14:28:42.586185
1.85,36.8,5.08,-0.51806,58.13,78.55,17.1477,90,WARN,Failure probability within 1d is 38% — schedule maintenance.,0.3114,0.3551,0.3734,0.3835,vibration_crest_factor (z=+3.6); current_crest_factor (z=+2.6); vibration_trend_slope (z=+1.8),2026-08-05 14:28:42.642488
1.47,33.2,5.32,-0.55688,26.73,76.85,17.0786,90,WARN,Failure probability within 1d is 39% — schedule maintenance.,0.3159,0.3585,0.3763,0.386,current_crest_factor (z=+4.0); current_trend_slope (z=+3.7); vibration_crest_factor (z=+3.3),2026-08-05 14:28:42.699560
1.39,32.9,5.09,-0.55634,27.17,75.22,16.9326,90,WARN,Failure probability within 1d is 39% — schedule maintenance.,0.3204,0.3619,0.3792,0.3886,current_trend_slope (z=+4.0); vibration_crest_factor (z=+3.4); current_crest_factor (z=+3.1),2026-08-05 14:28:42.759318
1.46,34.0,4.76,-0.54744,34.37,73.88,16.7251,90,WARN,Failure probability within 1d is 39% — schedule maintenance.,0.3242,0.3648,0.3817,0.3908,vibration_crest_factor (z=+3.3); current_trend_slope (z=+2.8); current_crest_factor (z=+2.5),2026-08-05 14:28:42.825085
1.33,35.2,5.01,-0.5187,57.62,73.35,16.495,90,WARN,Failure probability within 1d is 39% — schedule maintenance.,0.3258,0.3661,0.3828,0.3919,vibration_crest_factor (z=+3.2); current_trend_slope (z=+2.6); current_crest_factor (z=+2.0),2026-08-05 14:28:42.885301
1.34,37.2,4.63,-0.49565,76.27,73.44,16.2721,90,WARN,Failure probability within 1d is 39% — schedule maintenance.,0.3256,0.3661,0.3829,0.392,vibration_crest_factor (z=+2.9); current_crest_factor (z=+1.8); current_std (z=+1.6),2026-08-05 14:28:42.942839
1.36,34.2,4.3,-0.50761,66.59,73.22,16.0414,90,WARN,Failure probability within 1d is 39% — schedule maintenance.,0.3263,0.3667,0.3835,0.3927,vibration_crest_factor (z=+2.5); current_crest_factor (z=+2.3); vibration_skew (z=+2.3),2026-08-05 14:28:43.008018
1.15,35.5,4.06,-0.52823,49.91,72.45,15.778,90,WARN,Failure probability within 1d is 39% — schedule maintenance.,0.3286,0.3685,0.3851,0.3942,current_std (z=+3.3); vibration_crest_factor (z=+2.7); current_crest_factor (z=+2.7),2026-08-05 14:28:43.075339
1.13,34.6,4.32,-0.54171,39.01,71.36,15.4675,90,WARN,Failure probability within 1d is 40% — schedule maintenance.,0.332,0.3712,0.3874,0.3963,current_trend_slope (z=-3.8); vibration_trend_slope (z=-3.0); vibration_crest_factor (z=+3.0),2026-08-05 14:28:43.131676
1.32,34.0,4.6,-0.57018,15.98,69.54,15.0776,90,WARN,Failure probability within 1d is 40% — schedule maintenance.,0.3375,0.3755,0.3912,0.3997,current_trend_slope (z=-4.2); vibration_crest_factor (z=+3.5); current_std (z=+3.0),2026-08-05 14:28:43.189597
1.47,34.1,4.94,-0.55058,31.84,68.31,14.6364,90,WARN,Failure probability within 1d is 40% — schedule maintenance.,0.3416,0.3787,0.3941,0.4024,current_trend_slope (z=-2.8); current_crest_factor (z=+2.8); current_std (z=+2.8),2026-08-05 14:28:43.247610
1.43,36.0,4.85,-0.51924,57.19,67.94,14.1843,90,WARN,Failure probability within 1d is 40% — schedule maintenance.,0.3432,0.3801,0.3954,0.4038,vibration_current_corr (z=+2.3); temperature_std (z=-2.0); current_std (z=+1.8),2026-08-05 14:28:43.309090
1.36,39.3,4.75,-0.51543,60.27,67.69,13.7267,90,WARN,Failure probability within 1d is 40% — schedule maintenance.,0.3445,0.3813,0.3966,0.405,vibration_current_corr (z=+2.3); temperature_skew (z=+2.0); vibration_std (z=-1.6),2026-08-05 14:28:43.378199
1.2,39.1,4.75,-0.50429,69.28,67.74,13.2774,90,WARN,Failure probability within 1d is 41% — schedule maintenance.,0.3448,0.3818,0.3972,0.4057,vibration_current_corr (z=+2.0); vibration_std (z=-1.7); vibration_max (z=-1.6),2026-08-05 14:28:43.443462
1.36,35.1,4.69,-0.51013,64.55,67.64,12.8292,90,WARN,Failure probability within 1d is 41% — schedule maintenance.,0.3457,0.3827,0.3981,0.4067,vibration_current_corr (z=+2.2); current_trend_slope (z=+2.1); vibration_std (z=-1.6),2026-08-05 14:28:43.501465
1.29,35.3,4.72,-0.51766,58.46,67.34,12.3735,90,WARN,Failure probability within 1d is 41% — schedule maintenance.,0.3471,0.384,0.3994,0.408,current_trend_slope (z=+2.4); vibration_current_corr (z=+2.1); temperature_skew (z=+1.8),2026-08-05 14:28:43.558820
1.22,38.7,5.01,-0.5199,56.65,66.99,11.9081,90,WARN,Failure probability within 1d is 41% — schedule maintenance.,0.3487,0.3854,0.4008,0.4093,current_trend_slope (z=+2.5); vibration_current_corr (z=+2.0); current_skew (z=-1.8),2026-08-05 14:28:43.617988
1.41,37.7,4.47,-0.46932,97.56,67.99,11.493,90,WARN,Failure probability within 1d is 41% — schedule maintenance.,0.3462,0.3838,0.3997,0.4085,vibration_std (z=-1.8); vibration_max (z=-1.6); vibration_rms (z=-1.5),2026-08-05 14:28:43.680501
1.2,36.8,4.71,-0.47534,92.69,68.8,11.1188,90,WARN,Failure probability within 1d is 41% — schedule maintenance.,0.3443,0.3826,0.3988,0.4079,vibration_std (z=-2.0); vibration_max (z=-1.6); vibration_rms (z=-1.5),2026-08-05 14:28:43.737939
1.25,33.9,4.46,-0.47629,91.93,69.56,10.7826,90,WARN,Failure probability within 1d is 41% — schedule maintenance.,0.3424,0.3814,0.398,0.4073,vibration_std (z=-2.0); vibration_max (z=-1.6); vibration_rms (z=-1.5),2026-08-05 14:28:43.802469
0.97,35.5,4.21,-0.49684,75.3,69.75,10.4588,90,WARN,Failure probability within 1d is 41% — schedule maintenance.,0.3421,0.3813,0.3981,0.4076,current_trend_slope (z=-1.9); vibration_max (z=-1.6); vibration_skew (z=-1.6),2026-08-05 14:28:43.863452
1.42,35.0,4.53,-0.49341,78.08,70.02,10.1509,90,WARN,Failure probability within 1d is 41% — schedule maintenance.,0.3416,0.3811,0.398,0.4076,current_trend_slope (z=-1.7); vibration_max (z=-1.6); vibration_skew (z=-1.6),2026-08-05 14:28:43.924786
1.42,36.9,4.55,-0.47926,89.52,70.66,9.8745,90,WARN,Failure probability within 1d is 41% — schedule maintenance.,0.3399,0.38,0.3973,0.4071,vibration_max (z=-1.6); current_trend_slope (z=-1.6); vibration_min (z=-1.6),2026-08-05 14:28:43.982606
1.56,39.6,4.85,-0.46902,97.8,71.55,9.6397,90,WARN,Failure probability within 1d is 41% — schedule maintenance.,0.3375,0.3784,0.396,0.406,vibration_min (z=-1.6); vibration_max (z=-1.6); vibration_rms (z=-1.5),2026-08-05 14:28:44.039326
1.66,38.0,4.92,-0.47246,95.02,72.32,9.4406,90,WARN,Failure probability within 1d is 41% — schedule maintenance.,0.3354,0.3769,0.3949,0.4051,vibration_crest_factor (z=+1.9); vibration_trend_slope (z=+1.7); vibration_current_corr (z=+1.6),2026-08-05 14:28:44.106136
1.42,35.6,4.81,-0.47472,93.2,73.0,9.2731,90,WARN,Failure probability within 1d is 40% — schedule maintenance.,0.3334,0.3756,0.3938,0.4043,vibration_crest_factor (z=+1.7); vibration_trend_slope (z=+1.7); vibration_current_corr (z=+1.7),2026-08-05 14:28:44.174108
1.13,39.4,4.45,-0.48238,87.0,73.46,9.127,90,WARN,Failure probability within 1d is 40% — schedule maintenance.,0.3321,0.3747,0.3931,0.4037,vibration_current_corr (z=+2.5); vibration_crest_factor (z=+1.9); vibration_min (z=-1.6),2026-08-05 14:28:44.257878
1.19,37.8,4.89,-0.48299,86.51,73.89,9.0006,90,WARN,Failure probability within 1d is 40% — schedule maintenance.,0.3308,0.3738,0.3925,0.4032,vibration_crest_factor (z=+2.2); vibration_current_corr (z=+2.1); vibration_min (z=-1.6),2026-08-05 14:28:44.324128
1.31,40.0,4.69,-0.49616,75.86,73.95,8.8783,90,WARN,Failure probability within 1d is 40% — schedule maintenance.,0.3306,0.3737,0.3924,0.4032,vibration_current_corr (z=+2.2); vibration_crest_factor (z=+2.0); temperature_trend_slope (z=+1.9),2026-08-05 14:28:44.384128
1.2,37.0,4.56,-0.4832,86.34,74.36,8.7743,90,WARN,Failure probability within 1d is 40% — schedule maintenance.,0.3294,0.3728,0.3917,0.4026,vibration_current_corr (z=+2.2); vibration_crest_factor (z=+2.1); vibration_min (z=-1.6),2026-08-05 14:28:44.452969
1.24,38.5,4.45,-0.48357,86.04,74.74,8.6874,90,WARN,Failure probability within 1d is 40% — schedule maintenance.,0.3282,0.372,0.3911,0.4021,vibration_crest_factor (z=+1.8); vibration_current_corr (z=+1.7); vibration_trend_slope (z=-1.7),2026-08-05 14:28:44.525231
1.33,36.3,4.5,-0.48978,81.02,74.95,8.6099,90,WARN,Failure probability within 1d is 40% — schedule maintenance.,0.3275,0.3715,0.3907,0.4018,vibration_crest_factor (z=+1.9); vibration_current_corr (z=+1.9); temperature_std (z=-1.6),2026-08-05 14:28:44.618865
1.51,43.1,4.32,-0.47443,93.43,75.55,8.5581,90,WARN,Failure probability within 1d is 40% — schedule maintenance.,0.3256,0.3702,0.3896,0.4009,current_trend_slope (z=-2.2); vibration_crest_factor (z=+1.8); temperature_crest_factor (z=+1.5),2026-08-05 14:28:44.693834
1.43,39.2,4.45,-0.47606,92.11,76.1,8.5291,90,WARN,Failure probability within 1d is 40% — schedule maintenance.,0.324,0.3689,0.3886,0.4,current_trend_slope (z=-2.1); vibration_crest_factor (z=+2.0); temperature_crest_factor (z=+1.6),2026-08-05 14:28:44.761648
1.14,35.4,4.6,-0.4743,93.54,76.67,8.5235,90,WARN,Failure probability within 1d is 40% — schedule maintenance.,0.3222,0.3676,0.3875,0.399,temperature_crest_factor (z=+1.8); vibration_max (z=-1.6); vibration_rms (z=-1.5),2026-08-05 14:28:44.826702
1.17,34.8,4.28,-0.48995,80.88,76.81,8.5234,90,WARN,Failure probability within 1d is 40% — schedule maintenance.,0.3216,0.3671,0.3871,0.3987,temperature_crest_factor (z=+1.9); vibration_max (z=-1.6); vibration_rms (z=-1.6),2026-08-05 14:28:44.895244
1.24,34.4,4.53,-0.49479,76.96,76.81,8.5232,90,WARN,Failure probability within 1d is 40% — schedule maintenance.,0.3214,0.367,0.387,0.3986,temperature_crest_factor (z=+2.3); vibration_max (z=-1.6); vibration_std (z=-1.6),2026-08-05 14:28:44.957002
1.31,35.0,4.31,-0.50387,69.62,76.58,8.5133,90,WARN,Failure probability within 1d is 40% — schedule maintenance.,0.3219,0.3674,0.3873,0.3988,temperature_crest_factor (z=+2.6); temperature_trend_slope (z=-2.0); current_std (z=-1.8),2026-08-05 14:28:45.023323
1.36,36.0,4.38,-0.50365,69.8,76.35,8.4944,90,WARN,Failure probability within 1d is 40% — schedule maintenance.,0.3223,0.3677,0.3876,0.3991,temperature_crest_factor (z=+3.0); current_std (z=-2.2); temperature_skew (z=+2.0),2026-08-05 14:28:45.090746
1.14,37.1,4.6,-0.50688,67.18,76.05,8.4635,90,WARN,Failure probability within 1d is 40% — schedule maintenance.,0.323,0.3682,0.388,0.3995,temperature_crest_factor (z=+3.0); current_std (z=-2.1); temperature_skew (z=+2.0),2026-08-05 14:28:45.151994
1.36,38.5,4.58,-0.50524,68.51,75.81,8.4229,90,WARN,Failure probability within 1d is 40% — schedule maintenance.,0.3236,0.3687,0.3884,0.3998,temperature_crest_factor (z=+3.0); temperature_skew (z=+2.0); current_std (z=-1.9),2026-08-05 14:28:45.213599
0.99,39.0,4.76,-0.49206,79.17,75.92,8.387,90,WARN,Failure probability within 1d is 40% — schedule maintenance.,0.3231,0.3683,0.3882,0.3996,temperature_crest_factor (z=+2.7); vibration_current_corr (z=-1.8); vibration_max (z=-1.6),2026-08-05 14:28:45.277306
1.41,37.3,4.46,-0.47908,89.67,76.37,8.3691,90,WARN,Failure probability within 1d is 40% — schedule maintenance.,0.3217,0.3673,0.3873,0.3988,vibration_max (z=-1.6); vibration_current_corr (z=-1.6); vibration_rms (z=-1.6),2026-08-05 14:28:45.342485
1.43,33.4,4.97,-0.47623,91.97,76.88,8.3712,90,WARN,Failure probability within 1d is 40% — schedule maintenance.,0.32,0.366,0.3862,0.3979,vibration_max (z=-1.6); vibration_rms (z=-1.6); vibration_mean (z=-1.6),2026-08-05 14:28:45.407346
1.67,36.5,4.93,-0.48764,82.74,77.07,8.3806,90,WARN,Failure probability within 1d is 40% — schedule maintenance.,0.3193,0.3655,0.3858,0.3975,vibration_crest_factor (z=+2.5); current_trend_slope (z=+2.5); vibration_min (z=-1.5),2026-08-05 14:28:45.475568
1.48,33.6,4.52,-0.47136,95.91,77.69,8.4137,90,WARN,Failure probability within 1d is 40% — schedule maintenance.,0.3174,0.364,0.3845,0.3964,vibration_crest_factor (z=+2.1); current_trend_slope (z=+1.6); vibration_min (z=-1.5),2026-08-05 14:28:45.545825
1.52,34.0,4.67,-0.47836,90.26,78.1,8.4621,90,WARN,Failure probability within 1d is 40% — schedule maintenance.,0.316,0.363,0.3836,0.3956,vibration_crest_factor (z=+1.7); vibration_trend_slope (z=+1.7); vibration_min (z=-1.5),2026-08-05 14:28:45.625758
1.42,33.2,4.33,-0.47049,96.62,78.71,8.5331,90,WARN,Failure probability within 1d is 39% — schedule maintenance.,0.314,0.3615,0.3824,0.3945,temperature_trend_slope (z=-1.9); vibration_trend_slope (z=+1.6); vibration_min (z=-1.5),2026-08-05 14:28:45.694187
1.44,34.1,4.69,-0.48572,84.3,78.89,8.6099,90,WARN,Failure probability within 1d is 39% — schedule maintenance.,0.3133,0.3609,0.3818,0.394,temperature_trend_slope (z=-2.2); vibration_trend_slope (z=+1.7); vibration_min (z=-1.5),2026-08-05 14:28:45.758349
1.15,33.7,4.77,-0.48262,86.8,79.15,8.6955,90,WARN,Failure probability within 1d is 39% — schedule maintenance.,0.3123,0.3601,0.3811,0.3933,temperature_trend_slope (z=-2.2); vibration_min (z=-1.5); vibration_max (z=-1.5),2026-08-05 14:28:45.826706
1.05,36.6,4.92,-0.46387,100.0,79.83,8.8057,90,WARN,Failure probability within 1d is 39% — schedule maintenance.,0.3102,0.3584,0.3797,0.392,vibration_crest_factor (z=+1.8); vibration_min (z=-1.5); vibration_mean (z=-1.5),2026-08-05 14:28:45.891518
1.19,31.4,4.34,-0.47052,96.6,80.38,8.9351,90,WARN,Failure probability within 1d is 39% — schedule maintenance.,0.3084,0.357,0.3785,0.3909,vibration_trend_slope (z=-2.1); vibration_crest_factor (z=+1.6); temperature_max (z=-1.6),2026-08-05 14:28:45.957788
1.26,34.0,4.34,-0.48228,87.08,80.6,9.071,90,WARN,Failure probability within 1d is 39% — schedule maintenance.,0.3076,0.3563,0.3778,0.3903,vibration_trend_slope (z=-2.3); vibration_crest_factor (z=+1.8); current_trend_slope (z=-1.7),2026-08-05 14:28:46.077700
1.17,30.7,4.18,-0.4885,82.05,80.65,9.2067,90,WARN,Failure probability within 1d is 39% — schedule maintenance.,0.3072,0.356,0.3775,0.3899,vibration_trend_slope (z=-2.6); vibration_crest_factor (z=+2.1); current_trend_slope (z=-1.8),2026-08-05 14:28:46.164846
1.38,34.1,4.19,-0.47519,92.82,81.05,9.3553,90,WARN,Failure probability within 1d is 39% — schedule maintenance.,0.3059,0.3549,0.3765,0.389,current_trend_slope (z=-1.7); temperature_max (z=-1.6); vibration_max (z=-1.6),2026-08-05 14:28:46.283493
1.19,33.7,4.59,-0.47305,94.55,81.49,9.5183,90,WARN,Failure probability within 1d is 39% — schedule maintenance.,0.3044,0.3537,0.3754,0.388,temperature_max (z=-1.6); vibration_max (z=-1.6); temperature_rms (z=-1.5),2026-08-05 14:28:46.394205
1.49,35.6,4.38,-0.47453,93.35,81.88,9.6935,90,WARN,Failure probability within 1d is 39% — schedule maintenance.,0.3031,0.3526,0.3745,0.3871,vibration_max (z=-1.6); temperature_max (z=-1.6); current_crest_factor (z=+1.6),2026-08-05 14:28:46.484655
1.36,38.6,4.41,-0.48052,88.5,82.1,9.8742,90,WARN,Failure probability within 1d is 39% — schedule maintenance.,0.3023,0.3519,0.3738,0.3864,temperature_crest_factor (z=+1.8); current_trend_slope (z=-1.7); vibration_max (z=-1.6),2026-08-05 14:28:46.554122
1.06,38.8,4.24,-0.49236,78.93,81.99,10.0486,90,WARN,Failure probability within 1d is 39% — schedule maintenance.,0.3024,0.3519,0.3737,0.3863,current_crest_factor (z=+2.0); temperature_trend_slope (z=+1.8); current_trend_slope (z=-1.7),2026-08-05 14:28:46.618635
1.13,38.7,4.25,-0.52153,55.33,81.12,10.1886,90,WARN,Failure probability within 1d is 39% — schedule maintenance.,0.3046,0.3535,0.3749,0.3873,current_crest_factor (z=+2.5); temperature_trend_slope (z=+2.4); current_skew (z=+2.4),2026-08-05 14:28:46.689921
1.35,38.0,4.22,-0.50097,71.96,80.82,10.3156,90,WARN,Failure probability within 1d is 39% — schedule maintenance.,0.3052,0.3539,0.3752,0.3875,temperature_trend_slope (z=+3.3); current_std (z=-1.9); vibration_max (z=-1.6),2026-08-05 14:28:46.761359
1.4,38.4,4.34,-0.5,72.75,80.55,10.4311,90,WARN,Failure probability within 1d is 39% — schedule maintenance.,0.3057,0.3542,0.3754,0.3876,temperature_trend_slope (z=+2.9); current_std (z=-1.9); vibration_max (z=-1.6),2026-08-05 14:28:46.828123
1.59,36.6,4.49,-0.49609,75.91,80.4,10.5395,90,WARN,Failure probability within 1d is 39% — schedule maintenance.,0.3059,0.3543,0.3754,0.3876,temperature_trend_slope (z=+2.5); current_std (z=-1.7); current_max (z=-1.6),2026-08-05 14:28:46.912532
1.36,36.9,5.01,-0.51061,64.16,79.87,10.627,90,WARN,Failure probability within 1d is 39% — schedule maintenance.,0.3072,0.3552,0.3762,0.3882,current_crest_factor (z=+3.1); current_kurtosis (z=+2.6); current_skew (z=+2.4),2026-08-05 14:28:46.996838
1.39,35.0,4.87,-0.48755,82.82,79.97,10.7167,90,WARN,Failure probability within 1d is 39% — schedule maintenance.,0.3067,0.3548,0.3758,0.3878,current_crest_factor (z=+2.3); current_trend_slope (z=+1.7); vibration_max (z=-1.5),2026-08-05 14:28:47.080420
1.14,37.2,4.62,-0.49858,73.89,79.77,10.7979,90,WARN,Failure probability within 1d is 39% — schedule maintenance.,0.3071,0.355,0.3759,0.3879,current_crest_factor (z=+2.3); current_trend_slope (z=+2.3); temperature_std (z=-1.8),2026-08-05 14:28:47.150999
1.47,38.0,4.34,-0.5143,61.18,79.16,10.8562,90,WARN,Failure probability within 1d is 39% — schedule maintenance.,0.3086,0.3561,0.3768,0.3887,current_crest_factor (z=+2.3); temperature_std (z=-2.1); temperature_skew (z=-1.8),2026-08-05 14:28:47.240049
1.17,36.3,4.51,-0.49967,73.01,78.96,10.9064,90,WARN,Failure probability within 1d is 39% — schedule maintenance.,0.3089,0.3563,0.377,0.3888,current_crest_factor (z=+2.2); temperature_std (z=-2.1); vibration_crest_factor (z=+1.6),2026-08-05 14:28:47.298414
1.05,36.0,4.16,-0.49056,80.39,79.0,10.9573,90,WARN,Failure probability within 1d is 39% — schedule maintenance.,0.3086,0.356,0.3767,0.3885,current_crest_factor (z=+2.3); temperature_std (z=-2.1); vibration_crest_factor (z=+1.6),2026-08-05 14:28:47.357293
1.25,35.8,4.48,-0.48495,84.92,79.2,11.0141,90,WARN,Failure probability within 1d is 39% — schedule maintenance.,0.3078,0.3554,0.3762,0.388,temperature_std (z=-2.3); current_crest_factor (z=+2.1); vibration_max (z=-1.5),2026-08-05 14:28:47.419374
1.09,35.2,4.49,-0.49132,79.77,79.22,11.0707,90,WARN,Failure probability within 1d is 39% — schedule maintenance.,0.3076,0.3552,0.3759,0.3878,temperature_std (z=-2.2); vibration_trend_slope (z=-2.0); vibration_crest_factor (z=+1.8),2026-08-05 14:28:47.492380
1.4,38.6,4.53,-0.4758,92.32,79.65,11.1412,90,WARN,Failure probability within 1d is 39% — schedule maintenance.,0.3061,0.3541,0.375,0.3869,temperature_std (z=-2.2); vibration_crest_factor (z=+1.8); current_crest_factor (z=+1.6),2026-08-05 14:28:47.561424
1.41,38.3,4.72,-0.4796,89.25,79.96,11.2216,90,WARN,Failure probability within 1d is 39% — schedule maintenance.,0.305,0.3532,0.3742,0.3862,temperature_std (z=-2.0); vibration_max (z=-1.6); vibration_rms (z=-1.5),2026-08-05 14:28:47.624808
1.51,40.6,4.64,-0.47606,92.11,80.36,11.3145,90,WARN,Failure probability within 1d is 39% — schedule maintenance.,0.3037,0.3521,0.3733,0.3854,vibration_max (z=-1.6); vibration_rms (z=-1.5); vibration_mean (z=-1.5),2026-08-05 14:28:47.686993
1.35,42.9,4.17,-0.48717,83.12,80.45,11.4091,90,WARN,Failure probability within 1d is 38% — schedule maintenance.,0.3032,0.3517,0.3729,0.385,temperature_crest_factor (z=+2.0); temperature_trend_slope (z=+1.9); vibration_max (z=-1.6),2026-08-05 14:28:47.746574
1.26,38.3,4.58,-0.48769,82.71,80.52,11.5049,90,WARN,Failure probability within 1d is 38% — schedule maintenance.,0.3028,0.3513,0.3725,0.3846,temperature_crest_factor (z=+1.9); temperature_trend_slope (z=+1.8); vibration_max (z=-1.6),2026-08-05 14:28:47.813940
1.26,40.6,4.52,-0.48996,80.87,80.53,11.5996,90,WARN,Failure probability within 1d is 38% — schedule maintenance.,0.3025,0.3511,0.3723,0.3844,temperature_trend_slope (z=+2.3); temperature_crest_factor (z=+1.6); vibration_max (z=-1.6),2026-08-05 14:28:47.882161
1.18,35.0,4.45,-0.48062,88.42,80.79,11.7017,90,WARN,Failure probability within 1d is 38% — schedule maintenance.,0.3016,0.3503,0.3716,0.3837,temperature_crest_factor (z=+1.7); vibration_current_corr (z=+1.6); vibration_max (z=-1.6),2026-08-05 14:28:47.942124
1.27,37.5,3.95,-0.48026,88.71,81.05,11.8111,90,WARN,Failure probability within 1d is 38% — schedule maintenance.,0.3006,0.3495,0.3709,0.383,current_skew (z=-2.1); temperature_crest_factor (z=+1.6); vibration_max (z=-1.6),2026-08-05 14:28:48.003262
1.23,36.7,4.51,-0.48113,88.01,81.28,11.9266,90,WARN,Failure probability within 1d is 38% — schedule maintenance.,0.2997,0.3488,0.3702,0.3824,current_skew (z=-2.1); vibration_max (z=-1.6); current_min (z=-1.5),2026-08-05 14:28:48.059886
1.45,37.1,4.66,-0.50014,72.63,81.0,12.0309,90,WARN,Failure probability within 1d is 38% — schedule maintenance.,0.3003,0.3492,0.3705,0.3826,current_skew (z=-2.2); vibration_std (z=-1.8); vibration_max (z=-1.6),2026-08-05 14:28:48.116831
1.38,36.4,4.42,-0.49578,76.16,80.84,12.1284,90,WARN,Failure probability within 1d is 38% — schedule maintenance.,0.3006,0.3493,0.3705,0.3826,current_skew (z=-1.9); vibration_std (z=-1.8); temperature_trend_slope (z=-1.8),2026-08-05 14:28:48.178144
1.44,36.2,4.68,-0.50625,67.69,80.41,12.2101,90,WARN,Failure probability within 1d is 38% — schedule maintenance.,0.3016,0.35,0.3711,0.3831,temperature_trend_slope (z=-2.3); current_skew (z=-2.0); vibration_std (z=-1.8),2026-08-05 14:28:48.234712
1.21,32.2,4.87,-0.52552,52.11,79.48,12.2597,90,WARN,Failure probability within 1d is 38% — schedule maintenance.,0.304,0.3518,0.3726,0.3843,temperature_trend_slope (z=-2.8); temperature_crest_factor (z=+2.5); vibration_std (z=-2.0),2026-08-05 14:28:48.290369
1.3,33.5,4.59,-0.52262,54.45,78.66,12.2814,90,WARN,Failure probability within 1d is 39% — schedule maintenance.,0.3062,0.3534,0.3739,0.3855,current_kurtosis (z=+2.7); temperature_trend_slope (z=-2.2); vibration_std (z=-2.1),2026-08-05 14:28:48.350723
1.24,31.2,4.47,-0.53239,46.55,77.61,12.2678,90,WARN,Failure probability within 1d is 39% — schedule maintenance.,0.3091,0.3556,0.3757,0.387,temperature_trend_slope (z=-2.8); current_kurtosis (z=+2.5); temperature_crest_factor (z=+2.1),2026-08-05 14:28:48.419760
0.81,33.4,4.47,-0.5483,33.67,76.17,12.2068,90,WARN,Failure probability within 1d is 39% — schedule maintenance.,0.3131,0.3587,0.3782,0.3893,vibration_kurtosis (z=+2.9); current_kurtosis (z=+2.4); vibration_skew (z=-2.3),2026-08-05 14:28:48.490902
0.96,37.5,4.31,-0.52364,53.63,75.43,12.1221,90,WARN,Failure probability within 1d is 39% — schedule maintenance.,0.3152,0.3602,0.3796,0.3905,vibration_trend_slope (z=-2.0); vibration_min (z=-1.7); vibration_skew (z=-1.7),2026-08-05 14:28:48.551177
0.88,34.4,4.35,-0.5198,56.73,74.81,12.0182,90,WARN,Failure probability within 1d is 39% — schedule maintenance.,0.317,0.3616,0.3808,0.3916,vibration_trend_slope (z=-2.8); vibration_current_corr (z=+1.7); vibration_min (z=-1.7),2026-08-05 14:28:48.611660
0.94,35.8,4.5,-0.52287,54.24,74.14,11.8934,90,WARN,Failure probability within 1d is 39% — schedule maintenance.,0.3189,0.3631,0.3821,0.3928,vibration_trend_slope (z=-3.3); vibration_crest_factor (z=+1.9); vibration_min (z=-1.7),2026-08-05 14:28:48.667928
1.12,38.0,4.81,-0.50394,69.56,73.99,11.7649,90,WARN,Failure probability within 1d is 39% — schedule maintenance.,0.3194,0.3635,0.3825,0.3932,vibration_trend_slope (z=-2.5); vibration_crest_factor (z=+2.4); vibration_min (z=-1.7),2026-08-05 14:28:48.728673
1.5,38.8,4.14,-0.50836,65.99,73.73,11.6292,90,WARN,Failure probability within 1d is 39% — schedule maintenance.,0.3201,0.3642,0.383,0.3937,vibration_crest_factor (z=+2.9); temperature_trend_slope (z=+2.0); vibration_min (z=-1.7),2026-08-05 14:28:48.785190
1.38,36.3,4.18,-0.50962,64.97,73.44,11.4856,90,WARN,Failure probability within 1d is 39% — schedule maintenance.,0.321,0.3649,0.3837,0.3944,vibration_crest_factor (z=+3.1); temperature_trend_slope (z=+2.5); current_trend_slope (z=-1.7),2026-08-05 14:28:48.849350
1.07,32.3,4.0,-0.49801,74.35,73.47,11.3443,90,WARN,Failure probability within 1d is 39% — schedule maintenance.,0.3209,0.3649,0.3838,0.3945,vibration_crest_factor (z=+3.3); current_trend_slope (z=-1.7); vibration_min (z=-1.7),2026-08-05 14:28:48.917538
1.27,36.1,4.35,-0.50954,65.03,73.19,11.1957,90,WARN,Failure probability within 1d is 40% — schedule maintenance.,0.3218,0.3656,0.3844,0.3951,vibration_crest_factor (z=+3.4); current_crest_factor (z=+1.7); vibration_trend_slope (z=+1.7),2026-08-05 14:28:48.986196
1.32,36.4,4.38,-0.52602,51.7,72.49,11.0262,90,WARN,Failure probability within 1d is 40% — schedule maintenance.,0.324,0.3673,0.3859,0.3965,vibration_crest_factor (z=+3.2); vibration_trend_slope (z=+2.6); current_crest_factor (z=+1.8),2026-08-05 14:28:49.044924
1.23,34.6,4.39,-0.51362,61.73,72.14,10.8473,90,WARN,Failure probability within 1d is 40% — schedule maintenance.,0.3251,0.3683,0.3868,0.3973,vibration_crest_factor (z=+2.6); current_crest_factor (z=+1.9); vibration_trend_slope (z=+1.9),2026-08-05 14:28:49.101585
1.24,40.3,4.58,-0.50717,66.95,71.97,10.6555,90,WARN,Failure probability within 1d is 40% — schedule maintenance.,0.3257,0.3688,0.3874,0.3979,current_trend_slope (z=-2.4); temperature_trend_slope (z=+2.1); vibration_max (z=-1.7),2026-08-05 14:28:49.292091
1.1,37.9,4.68,-0.49445,77.24,72.14,10.4715,90,WARN,Failure probability within 1d is 40% — schedule maintenance.,0.3253,0.3686,0.3873,0.3979,temperature_trend_slope (z=+2.0); vibration_max (z=-1.7); vibration_rms (z=-1.6),2026-08-05 14:28:49.355569
1.55,31.2,4.7,-0.47685,91.48,72.77,10.31,90,WARN,Failure probability within 1d is 40% — schedule maintenance.,0.3235,0.3673,0.3863,0.3971,vibration_crest_factor (z=+2.0); vibration_rms (z=-1.6); vibration_mean (z=-1.6),2026-08-05 14:28:49.419782
1.29,34.3,4.65,-0.48178,87.49,73.26,10.1659,90,WARN,Failure probability within 1d is 40% — schedule maintenance.,0.3221,0.3664,0.3855,0.3965,vibration_crest_factor (z=+2.1); vibration_rms (z=-1.6); vibration_mean (z=-1.6),2026-08-05 14:28:49.480369
1.1,40.0,4.89,-0.49929,73.33,73.26,10.0234,90,WARN,Failure probability within 1d is 40% — schedule maintenance.,0.3221,0.3665,0.3857,0.3966,vibration_crest_factor (z=+2.1); current_trend_slope (z=+1.7); vibration_rms (z=-1.6),2026-08-05 14:28:49.558069
1.42,37.0,4.54,-0.49317,78.28,73.42,9.8876,90,WARN,Failure probability within 1d is 40% — schedule maintenance.,0.3216,0.3662,0.3855,0.3965,vibration_crest_factor (z=+2.0); current_skew (z=-1.9); vibration_rms (z=-1.6),2026-08-05 14:28:49.624713
1.36,33.8,4.53,-0.49879,73.73,73.43,9.7537,90,WARN,Failure probability within 1d is 40% — schedule maintenance.,0.3216,0.3662,0.3856,0.3967,current_skew (z=-1.9); vibration_crest_factor (z=+1.9); current_trend_slope (z=+1.6),2026-08-05 14:28:49.688993
1.29,36.7,5.06,-0.50221,70.96,73.35,9.6186,90,WARN,Failure probability within 1d is 40% — schedule maintenance.,0.3219,0.3665,0.3859,0.397,current_trend_slope (z=+2.7); current_crest_factor (z=+1.7); vibration_crest_factor (z=+1.6),2026-08-05 14:28:49.751319
1.5,39.0,4.39,-0.49748,74.79,73.4,9.4864,90,WARN,Failure probability within 1d is 40% — schedule maintenance.,0.3217,0.3665,0.3859,0.3971,current_kurtosis (z=+1.6); current_crest_factor (z=+1.6); vibration_max (z=-1.6),2026-08-05 14:28:49.812979
1.51,35.8,4.63,-0.4723,95.15,74.11,9.3781,90,WARN,Failure probability within 1d is 40% — schedule maintenance.,0.3196,0.3649,0.3847,0.396,vibration_max (z=-1.6); vibration_rms (z=-1.5); vibration_mean (z=-1.5),2026-08-05 14:28:49.875319
1.37,34.6,4.65,-0.46516,100.0,74.96,9.2973,90,WARN,Failure probability within 1d is 39% — schedule maintenance.,0.317,0.363,0.3832,0.3947,vibration_max (z=-1.6); vibration_rms (z=-1.5); vibration_mean (z=-1.5),2026-08-05 14:28:49.941622
1.36,36.1,4.48,-0.47418,93.63,75.57,9.2363,90,WARN,Failure probability within 1d is 39% — schedule maintenance.,0.3151,0.3616,0.382,0.3937,vibration_current_corr (z=-1.6); vibration_max (z=-1.6); temperature_min (z=-1.5),2026-08-05 14:28:50.009906
1.06,37.1,5.2,-0.48175,87.51,75.96,9.188,90,WARN,Failure probability within 1d is 39% — schedule maintenance.,0.3138,0.3607,0.3813,0.3931,vibration_current_corr (z=-2.4); current_crest_factor (z=+1.8); vibration_max (z=-1.6),2026-08-05 14:28:50.074456
1.37,39.4,4.95,-0.47701,91.35,76.47,9.1556,90,WARN,Failure probability within 1d is 39% — schedule maintenance.,0.3122,0.3595,0.3803,0.3923,vibration_current_corr (z=-2.2); vibration_max (z=-1.6); current_crest_factor (z=+1.5),2026-08-05 14:28:50.135568
1.42,35.8,4.56,-0.51471,60.85,75.96,9.1077,90,WARN,Failure probability within 1d is 39% — schedule maintenance.,0.3136,0.3606,0.3812,0.3931,vibration_kurtosis (z=+2.8); vibration_current_corr (z=-2.3); vibration_skew (z=-2.3),2026-08-05 14:28:50.196435
1.3,35.2,4.45,-0.50704,67.05,75.66,9.0513,90,WARN,Failure probability within 1d is 39% — schedule maintenance.,0.3143,0.3612,0.3817,0.3935,vibration_kurtosis (z=+2.2); vibration_current_corr (z=-2.0); current_crest_factor (z=+1.9),2026-08-05 14:28:50.253449
1.33,35.3,4.64,-0.5083,66.04,75.35,8.9858,90,WARN,Failure probability within 1d is 39% — schedule maintenance.,0.3152,0.3618,0.3823,0.3941,vibration_current_corr (z=-2.1); vibration_kurtosis (z=+2.0); current_crest_factor (z=+1.8),2026-08-05 14:28:50.312740
1.1,37.6,4.56,-0.49549,76.4,75.38,8.9218,90,WARN,Failure probability within 1d is 39% — schedule maintenance.,0.315,0.3617,0.3822,0.394,current_crest_factor (z=+2.3); current_skew (z=+2.0); vibration_max (z=-1.6),2026-08-05 14:28:50.373724
1.36,37.0,4.65,-0.50774,66.49,75.09,8.8497,90,WARN,Failure probability within 1d is 39% — schedule maintenance.,0.3158,0.3623,0.3827,0.3945,current_skew (z=+2.2); current_crest_factor (z=+2.1); current_kurtosis (z=+1.7),2026-08-05 14:28:50.448412
1.14,35.1,4.9,-0.48853,82.02,75.32,8.7851,90,WARN,Failure probability within 1d is 39% — schedule maintenance.,0.315,0.3618,0.3823,0.3942,current_crest_factor (z=+1.8); vibration_max (z=-1.6); temperature_std (z=-1.6),2026-08-05 14:28:50.514229
1.41,35.0,4.41,-0.49559,76.31,75.35,8.722,90,WARN,Failure probability within 1d is 39% — schedule maintenance.,0.3148,0.3617,0.3823,0.3941,current_crest_factor (z=+2.0); temperature_std (z=-1.7); vibration_current_corr (z=-1.7),2026-08-05 14:28:50.590725
1.25,39.1,4.34,-0.50027,72.53,75.26,8.6567,90,WARN,Failure probability within 1d is 39% — schedule maintenance.,0.315,0.3619,0.3824,0.3943,current_crest_factor (z=+2.2); current_trend_slope (z=-2.2); vibration_max (z=-1.6),2026-08-05 14:28:50.713175
1.23,37.1,4.91,-0.47056,96.56,75.96,8.6128,90,WARN,Failure probability within 1d is 39% — schedule maintenance.,0.3128,0.3602,0.3811,0.3932,vibration_std (z=-1.8); vibration_max (z=-1.6); vibration_rms (z=-1.5),2026-08-05 14:28:50.771444
1.39,36.1,4.68,-0.48051,88.52,76.37,8.5813,90,WARN,Failure probability within 1d is 39% — schedule maintenance.,0.3114,0.3592,0.3803,0.3924,temperature_std (z=-1.8); vibration_std (z=-1.7); vibration_max (z=-1.6),2026-08-05 14:28:50.835111
1.29,34.1,4.71,-0.47904,89.7,76.81,8.5629,90,WARN,Failure probability within 1d is 39% — schedule maintenance.,0.31,0.3582,0.3794,0.3917,vibration_std (z=-1.9); vibration_max (z=-1.7); vibration_rms (z=-1.5),2026-08-05 14:28:50.895849
1.39,35.7,4.61,-0.48046,88.56,77.19,8.5559,90,WARN,Failure probability within 1d is 39% — schedule maintenance.,0.3087,0.3572,0.3786,0.391,vibration_std (z=-1.8); vibration_max (z=-1.7); temperature_std (z=-1.6),2026-08-05 14:28:50.954192
1.3,37.9,4.35,-0.47415,93.65,77.73,8.5645,90,WARN,Failure probability within 1d is 39% — schedule maintenance.,0.3069,0.3558,0.3775,0.39,vibration_std (z=-1.8); vibration_max (z=-1.7); vibration_rms (z=-1.5),2026-08-05 14:28:51.015407
1.35,36.0,4.59,-0.49436,77.31,77.72,8.5724,90,WARN,Failure probability within 1d is 39% — schedule maintenance.,0.3068,0.3557,0.3774,0.3899,vibration_std (z=-2.3); vibration_max (z=-1.7); temperature_std (z=-1.6),2026-08-05 14:28:51.084723
1.22,32.7,4.67,-0.47926,89.52,78.1,8.5913,90,WARN,Failure probability within 1d is 39% — schedule maintenance.,0.3055,0.3547,0.3765,0.3891,vibration_std (z=-2.2); vibration_max (z=-1.7); vibration_rms (z=-1.5),2026-08-05 14:28:51.151036
1.13,36.6,4.61,-0.47886,89.84,78.49,8.6209,90,WARN,Failure probability within 1d is 39% — schedule maintenance.,0.3041,0.3537,0.3756,0.3884,vibration_std (z=-2.2); vibration_max (z=-1.7); vibration_rms (z=-1.5),2026-08-05 14:28:51.213888
1.09,37.5,4.55,-0.47525,92.77,78.96,8.6634,90,WARN,Failure probability within 1d is 39% — schedule maintenance.,0.3026,0.3525,0.3746,0.3874,vibration_std (z=-1.9); vibration_max (z=-1.7); vibration_rms (z=-1.6),2026-08-05 14:28:51.274095
1.23,34.4,4.53,-0.49524,76.59,78.88,8.703,90,WARN,Failure probability within 1d is 39% — schedule maintenance.,0.3026,0.3525,0.3746,0.3874,vibration_std (z=-1.9); vibration_max (z=-1.7); current_std (z=-1.6),2026-08-05 14:28:51.336444
1.14,30.0,4.29,-0.51676,59.19,78.23,8.7237,90,WARN,Failure probability within 1d is 39% — schedule maintenance.,0.3043,0.3538,0.3757,0.3883,vibration_std (z=-1.8); current_std (z=-1.7); vibration_max (z=-1.7),2026-08-05 14:28:51.394682
1.33,35.2,3.95,-0.52033,56.3,77.51,8.7235,90,WARN,Failure probability within 1d is 39% — schedule maintenance.,0.3063,0.3553,0.3769,0.3894,current_skew (z=-2.3); current_trend_slope (z=-1.9); vibration_std (z=-1.9),2026-08-05 14:28:51.455312
1.02,35.3,4.27,-0.5094,65.14,77.11,8.7116,90,WARN,Failure probability within 1d is 39% — schedule maintenance.,0.3074,0.3561,0.3775,0.39,current_skew (z=-1.8); current_trend_slope (z=-1.8); temperature_skew (z=-1.8),2026-08-05 14:28:51.518318
1.4,37.1,4.84,-0.49306,78.36,77.15,8.7009,90,WARN,Failure probability within 1d is 39% — schedule maintenance.,0.3071,0.3559,0.3774,0.3898,temperature_skew (z=-1.9); vibration_max (z=-1.7); vibration_rms (z=-1.6),2026-08-05 14:28:51.579844
1.38,41.1,4.47,-0.4995,73.15,77.02,8.6865,90,WARN,Failure probability within 1d is 39% — schedule maintenance.,0.3073,0.3561,0.3775,0.39,temperature_crest_factor (z=+2.6); vibration_max (z=-1.7); vibration_rms (z=-1.6),2026-08-05 14:28:51.640838
1.3,33.8,4.26,-0.50335,70.04,76.79,8.6657,90,WARN,Failure probability within 1d is 39% — schedule maintenance.,0.3079,0.3565,0.3779,0.3903,temperature_crest_factor (z=+2.8); vibration_max (z=-1.7); vibration_rms (z=-1.6),2026-08-05 14:28:51.707261
1.05,35.2,4.62,-0.48755,82.82,76.99,8.6504,90,WARN,Failure probability within 1d is 39% — schedule maintenance.,0.3071,0.3559,0.3774,0.3899,temperature_crest_factor (z=+2.6); vibration_max (z=-1.7); vibration_rms (z=-1.6),2026-08-05 14:28:51.771656
1.08,35.8,4.44,-0.48813,82.35,77.16,8.6401,90,WARN,Failure probability within 1d is 39% — schedule maintenance.,0.3065,0.3554,0.377,0.3895,temperature_crest_factor (z=+2.7); vibration_max (z=-1.7); vibration_rms (z=-1.6),2026-08-05 14:28:51.836611
1.18,38.4,4.56,-0.49782,74.51,77.08,8.6272,90,WARN,Failure probability within 1d is 39% — schedule maintenance.,0.3066,0.3555,0.3771,0.3896,temperature_crest_factor (z=+2.6); temperature_trend_slope (z=+1.7); vibration_max (z=-1.7),2026-08-05 14:28:51.900877
1.33,35.3,4.66,-0.50055,72.3,76.92,8.6101,90,WARN,Failure probability within 1d is 39% — schedule maintenance.,0.3069,0.3557,0.3773,0.3898,temperature_crest_factor (z=+2.5); current_trend_slope (z=+1.7); vibration_max (z=-1.7),2026-08-05 14:28:51.972410
1.16,32.5,4.39,-0.49421,77.43,76.94,8.5935,90,WARN,Failure probability within 1d is 39% — schedule maintenance.,0.3067,0.3556,0.3772,0.3897,temperature_crest_factor (z=+2.3); vibration_max (z=-1.7); vibration_rms (z=-1.6),2026-08-05 14:28:52.046126
1.12,33.9,4.31,-0.49592,76.05,76.91,8.576,90,WARN,Failure probability within 1d is 39% — schedule maintenance.,0.3066,0.3556,0.3772,0.3897,temperature_crest_factor (z=+2.4); vibration_max (z=-1.7); vibration_rms (z=-1.6),2026-08-05 14:28:52.106050
1.34,34.1,4.08,-0.49781,74.52,76.83,8.5565,90,WARN,Failure probability within 1d is 39% — schedule maintenance.,0.3067,0.3556,0.3772,0.3897,temperature_crest_factor (z=+2.5); temperature_trend_slope (z=-1.8); vibration_max (z=-1.7),2026-08-05 14:28:52.177114
1.33,33.5,4.57,-0.51306,62.18,76.35,8.5241,90,WARN,Failure probability within 1d is 39% — schedule maintenance.,0.3081,0.3566,0.3781,0.3905,temperature_crest_factor (z=+2.9); temperature_skew (z=+1.9); temperature_trend_slope (z=-1.9),2026-08-05 14:28:52.248841
1.2,35.5,4.81,-0.4854,84.56,76.62,8.4991,90,WARN,Failure probability within 1d is 39% — schedule maintenance.,0.3071,0.3559,0.3775,0.39,vibration_std (z=-1.8); vibration_max (z=-1.7); vibration_rms (z=-1.6),2026-08-05 14:28:52.326849
0.97,37.1,5.07,-0.49722,75.0,76.57,8.4728,90,WARN,Failure probability within 1d is 39% — schedule maintenance.,0.3071,0.356,0.3775,0.39,current_crest_factor (z=+2.2); vibration_max (z=-1.7); vibration_rms (z=-1.6),2026-08-05 14:28:52.427483
1.3,36.2,4.84,-0.49159,79.55,76.66,8.4492,90,WARN,Failure probability within 1d is 39% — schedule maintenance.,0.3067,0.3557,0.3773,0.3898,current_crest_factor (z=+1.9); current_trend_slope (z=+1.9); vibration_max (z=-1.7),2026-08-05 14:28:52.488483
1.06,34.1,4.93,-0.49848,73.97,76.58,8.4234,90,WARN,Failure probability within 1d is 39% — schedule maintenance.,0.3068,0.3558,0.3774,0.3899,current_trend_slope (z=+2.3); vibration_max (z=-1.7); vibration_rms (z=-1.6),2026-08-05 14:28:52.553365
1.3,35.6,4.79,-0.50928,65.24,76.2,8.3879,90,WARN,Failure probability within 1d is 39% — schedule maintenance.,0.3078,0.3565,0.378,0.3905,current_trend_slope (z=+2.5); temperature_std (z=-1.8); vibration_max (z=-1.7),2026-08-05 14:28:52.618156
1.43,35.9,4.82,-0.50731,66.84,75.9,8.3445,90,WARN,Failure probability within 1d is 39% — schedule maintenance.,0.3087,0.3572,0.3786,0.391,current_trend_slope (z=+2.9); temperature_std (z=-1.7); vibration_max (z=-1.6),2026-08-05 14:28:52.679725
1.46,38.6,4.51,-0.49885,73.68,75.82,8.2995,90,WARN,Failure probability within 1d is 39% — schedule maintenance.,0.3088,0.3573,0.3787,0.3911,current_trend_slope (z=+1.9); vibration_max (z=-1.6); vibration_rms (z=-1.6),2026-08-05 14:28:52.740057
1.46,36.7,4.23,-0.4918,79.38,75.94,8.258,90,WARN,Failure probability within 1d is 39% — schedule maintenance.,0.3083,0.3569,0.3784,0.3909,vibration_current_corr (z=-2.0); vibration_max (z=-1.6); vibration_min (z=-1.6),2026-08-05 14:28:52.803379
1.31,37.8,4.27,-0.49517,76.66,75.96,8.2173,90,WARN,Failure probability within 1d is 39% — schedule maintenance.,0.3081,0.3568,0.3783,0.3908,current_trend_slope (z=-2.3); vibration_current_corr (z=-2.1); vibration_max (z=-1.6),2026-08-05 14:28:52.879546
1.25,35.4,4.23,-0.51026,64.45,75.59,8.1671,90,WARN,Failure probability within 1d is 39% — schedule maintenance.,0.3092,0.3576,0.379,0.3914,current_trend_slope (z=-3.5); temperature_std (z=-1.9); vibration_current_corr (z=-1.7),2026-08-05 14:28:52.944495
1.2,33.2,4.62,-0.49852,73.94,75.53,8.1159,90,WARN,Failure probability within 1d is 39% — schedule maintenance.,0.3092,0.3577,0.3791,0.3915,current_trend_slope (z=-3.1); vibration_current_corr (z=-1.7); vibration_max (z=-1.6),2026-08-05 14:28:53.007086
1.33,34.2,4.81,-0.48041,88.59,75.96,8.0762,90,WARN,Failure probability within 1d is 39% — schedule maintenance.,0.3078,0.3567,0.3783,0.3908,current_trend_slope (z=-1.7); vibration_max (z=-1.6); vibration_rms (z=-1.5),2026-08-05 14:28:53.070240
1.2,36.9,4.83,-0.47025,96.81,76.64,8.0544,90,WARN,Failure probability within 1d is 39% — schedule maintenance.,0.3056,0.355,0.3769,0.3896,vibration_max (z=-1.6); vibration_rms (z=-1.5); vibration_mean (z=-1.5),2026-08-05 14:28:53.137615
1.2,37.1,4.36,-0.4784,90.22,77.09,8.044,90,WARN,Failure probability within 1d is 39% — schedule maintenance.,0.3041,0.3539,0.376,0.3888,vibration_std (z=-1.8); vibration_max (z=-1.6); vibration_rms (z=-1.5),2026-08-05 14:28:53.197077
1.41,38.0,4.46,-0.4779,90.62,77.53,8.045,90,WARN,Failure probability within 1d is 39% — schedule maintenance.,0.3026,0.3528,0.375,0.3879,vibration_std (z=-1.8); vibration_max (z=-1.6); vibration_rms (z=-1.5),2026-08-05 14:28:53.262163
1.71,38.6,4.8,-0.48935,81.37,77.66,8.049,90,WARN,Failure probability within 1d is 39% — schedule maintenance.,0.302,0.3523,0.3747,0.3876,vibration_crest_factor (z=+2.4); vibration_skew (z=+1.6); current_trend_slope (z=+1.5),2026-08-05 14:28:53.331701
1.37,38.7,4.34,-0.49953,73.13,77.51,8.0491,90,WARN,Failure probability within 1d is 39% — schedule maintenance.,0.3023,0.3526,0.3748,0.3878,vibration_crest_factor (z=+2.5); vibration_skew (z=+2.0); vibration_kurtosis (z=+1.8),2026-08-05 14:28:53.395920
1.36,34.7,4.62,-0.50879,65.64,77.12,8.0391,90,WARN,Failure probability within 1d is 39% — schedule maintenance.,0.3034,0.3533,0.3755,0.3884,vibration_kurtosis (z=+3.0); vibration_crest_factor (z=+2.7); vibration_skew (z=+2.5),2026-08-05 14:28:53.455916
1.26,33.1,4.7,-0.50232,70.87,76.92,8.024,90,WARN,Failure probability within 1d is 39% — schedule maintenance.,0.3039,0.3537,0.3758,0.3886,vibration_kurtosis (z=+3.0); vibration_crest_factor (z=+2.8); vibration_skew (z=+2.6),2026-08-05 14:28:53.524725
1.26,33.2,4.72,-0.50207,71.07,76.72,8.0042,90,WARN,Failure probability within 1d is 39% — schedule maintenance.,0.3043,0.354,0.3761,0.3889,vibration_kurtosis (z=+3.0); vibration_crest_factor (z=+2.7); vibration_skew (z=+2.6),2026-08-05 14:28:53.581548
1.13,33.5,4.22,-0.50796,66.31,76.38,7.9758,90,WARN,Failure probability within 1d is 39% — schedule maintenance.,0.3052,0.3547,0.3767,0.3894,vibration_crest_factor (z=+2.8); vibration_kurtosis (z=+2.5); vibration_skew (z=+2.2),2026-08-05 14:28:53.640878
1.15,30.9,4.49,-0.52022,56.4,75.73,7.9314,90,WARN,Failure probability within 1d is 39% — schedule maintenance.,0.3071,0.3562,0.3779,0.3905,vibration_crest_factor (z=+3.1); temperature_trend_slope (z=-2.8); vibration_kurtosis (z=+2.2),2026-08-05 14:28:53.702937
1.4,35.2,4.3,-0.51318,62.08,75.28,7.8761,90,WARN,Failure probability within 1d is 39% — schedule maintenance.,0.3084,0.3572,0.3788,0.3913,vibration_crest_factor (z=+2.8); temperature_trend_slope (z=-2.5); vibration_skew (z=+1.7),2026-08-05 14:28:53.769344
1.26,36.4,4.15,-0.5013,71.7,75.16,7.8184,90,WARN,Failure probability within 1d is 39% — schedule maintenance.,0.3087,0.3574,0.379,0.3915,vibration_crest_factor (z=+2.7); vibration_kurtosis (z=+1.9); temperature_trend_slope (z=-1.8),2026-08-05 14:28:53.835857
1.27,36.0,4.14,-0.52148,55.37,74.51,7.7453,90,WARN,Failure probability within 1d is 39% — schedule maintenance.,0.3106,0.3589,0.3803,0.3926,vibration_crest_factor (z=+2.9); vibration_kurtosis (z=+2.6); current_trend_slope (z=-2.3),2026-08-05 14:28:53.900624
1.38,36.1,4.14,-0.48393,85.75,74.88,7.6818,90,WARN,Failure probability within 1d is 39% — schedule maintenance.,0.3094,0.358,0.3796,0.3921,vibration_std (z=-2.1); current_trend_slope (z=-2.1); vibration_max (z=-1.7),2026-08-05 14:28:53.971492
1.28,36.2,4.26,-0.50966,64.93,74.56,7.6108,90,WARN,Failure probability within 1d is 39% — schedule maintenance.,0.3104,0.3588,0.3802,0.3926,current_trend_slope (z=-2.4); vibration_std (z=-2.2); vibration_max (z=-1.7),2026-08-05 14:28:54.038711
1.09,35.3,4.33,-0.50304,70.29,74.42,7.5371,90,WARN,Failure probability within 1d is 39% — schedule maintenance.,0.3107,0.3591,0.3805,0.3929,vibration_std (z=-1.9); current_trend_slope (z=-1.9); vibration_max (z=-1.7),2026-08-05 14:28:54.104380
1.24,37.2,4.39,-0.51098,63.87,74.07,7.4556,90,WARN,Failure probability within 1d is 39% — schedule maintenance.,0.3118,0.3599,0.3812,0.3936,vibration_std (z=-1.9); temperature_skew (z=-1.8); current_skew (z=+1.7),2026-08-05 14:28:54.180740
1.15,38.1,4.73,-0.52718,50.76,73.31,7.3564,90,WARN,Failure probability within 1d is 40% — schedule maintenance.,0.3142,0.3618,0.3828,0.395,temperature_skew (z=-2.0); temperature_trend_slope (z=+1.9); vibration_std (z=-1.9),2026-08-05 14:28:54.246428
1.35,35.3,4.59,-0.52978,48.66,72.5,7.2387,90,WARN,Failure probability within 1d is 40% — schedule maintenance.,0.3167,0.3637,0.3845,0.3966,temperature_kurtosis (z=+3.6); temperature_skew (z=-2.7); vibration_std (z=-1.9),2026-08-05 14:28:54.308489
1.33,34.6,4.48,-0.51479,60.79,72.11,7.1128,90,WARN,Failure probability within 1d is 40% — schedule maintenance.,0.318,0.3648,0.3854,0.3974,temperature_std (z=-2.4); vibration_std (z=-2.0); current_trend_slope (z=+1.9),2026-08-05 14:28:54.375608
1.19,31.3,4.26,-0.51602,59.79,71.71,6.9784,90,WARN,Failure probability within 1d is 40% — schedule maintenance.,0.3193,0.3659,0.3864,0.3983,temperature_kurtosis (z=+2.6); temperature_skew (z=-2.2); vibration_std (z=-2.2),2026-08-05 14:28:54.454099
1.21,30.4,4.13,-0.503,70.32,71.66,6.8443,90,WARN,Failure probability within 1d is 40% — schedule maintenance.,0.3196,0.3661,0.3866,0.3986,vibration_std (z=-2.1); temperature_trend_slope (z=-2.1); vibration_max (z=-1.7),2026-08-05 14:28:54.526367
1.09,35.7,4.09,-0.49434,77.33,71.85,6.7158,90,WARN,Failure probability within 1d is 40% — schedule maintenance.,0.3191,0.3658,0.3865,0.3985,vibration_std (z=-1.9); temperature_trend_slope (z=-1.7); vibration_max (z=-1.7),2026-08-05 14:28:54.602168
1.0,37.6,4.19,-0.49873,73.77,71.91,6.5901,90,WARN,Failure probability within 1d is 40% — schedule maintenance.,0.3189,0.3658,0.3865,0.3986,vibration_max (z=-1.7); vibration_std (z=-1.7); vibration_rms (z=-1.6),2026-08-05 14:28:54.679085
0.97,35.6,4.15,-0.50027,72.53,71.93,6.466,90,WARN,Failure probability within 1d is 40% — schedule maintenance.,0.3189,0.3658,0.3866,0.3987,current_trend_slope (z=-1.8); vibration_current_corr (z=+1.7); vibration_max (z=-1.7),2026-08-05 14:28:54.741729
1.02,36.1,4.51,-0.49824,74.17,72.01,6.3448,90,WARN,Failure probability within 1d is 40% — schedule maintenance.,0.3188,0.3658,0.3866,0.3988,vibration_max (z=-1.7); vibration_rms (z=-1.6); vibration_mean (z=-1.6),2026-08-05 14:28:54.814118
1.25,35.1,4.7,-0.49235,78.94,72.23,6.23,90,WARN,Failure probability within 1d is 40% — schedule maintenance.,0.3181,0.3654,0.3863,0.3986,vibration_max (z=-1.7); vibration_rms (z=-1.6); vibration_mean (z=-1.6),2026-08-05 14:28:54.881476
1.45,36.2,4.52,-0.50146,71.56,72.21,6.1159,90,WARN,Failure probability within 1d is 40% — schedule maintenance.,0.3182,0.3655,0.3865,0.3988,temperature_skew (z=-1.8); vibration_current_corr (z=+1.8); vibration_crest_factor (z=+1.7),2026-08-05 14:28:54.951228
1.24,35.3,4.58,-0.50968,64.92,71.97,5.9972,90,WARN,Failure probability within 1d is 40% — schedule maintenance.,0.319,0.3662,0.3871,0.3993,vibration_crest_factor (z=+1.9); temperature_skew (z=-1.8); vibration_current_corr (z=+1.7),2026-08-05 14:28:55.012477
1.34,36.3,5.21,-0.54847,33.54,70.71,5.8505,90,WARN,Failure probability within 1d is 40% — schedule maintenance.,0.3231,0.3693,0.3898,0.4017,current_crest_factor (z=+4.6); current_trend_slope (z=+3.6); temperature_skew (z=-2.1),2026-08-05 14:28:55.079999
1.14,36.7,5.02,-0.56212,22.5,69.13,5.6687,90,WARN,Failure probability within 1d is 40% — schedule maintenance.,0.3284,0.3733,0.3932,0.4048,temperature_kurtosis (z=+4.8); current_trend_slope (z=+4.4); current_crest_factor (z=+3.8),2026-08-05 14:28:55.139680
1.2,35.0,4.65,-0.54425,36.95,68.08,5.4644,90,WARN,Failure probability within 1d is 41% — schedule maintenance.,0.332,0.3762,0.3957,0.407,current_trend_slope (z=+3.7); current_crest_factor (z=+3.3); temperature_std (z=-2.8),2026-08-05 14:28:55.209913
1.32,37.7,4.85,-0.53255,46.42,67.37,5.2458,90,WARN,Failure probability within 1d is 41% — schedule maintenance.,0.3347,0.3782,0.3975,0.4087,current_trend_slope (z=+3.1); temperature_std (z=-2.5); current_crest_factor (z=+2.5),2026-08-05 14:28:55.275843
1.5,36.8,4.88,-0.51468,60.87,67.15,5.0245,90,WARN,Failure probability within 1d is 41% — schedule maintenance.,0.3357,0.3792,0.3984,0.4096,temperature_std (z=-2.7); current_trend_slope (z=+2.5); current_crest_factor (z=+1.8),2026-08-05 14:28:55.348524
1.6,32.4,4.45,-0.49566,76.26,67.45,4.8121,90,WARN,Failure probability within 1d is 41% — schedule maintenance.,0.3351,0.3788,0.3982,0.4096,temperature_kurtosis (z=+2.0); temperature_skew (z=-2.0); vibration_crest_factor (z=+1.8),2026-08-05 14:28:55.416832
1.24,36.1,3.98,-0.50811,66.19,67.41,4.6009,90,WARN,Failure probability within 1d is 41% — schedule maintenance.,0.3356,0.3793,0.3987,0.4101,temperature_kurtosis (z=+2.0); current_crest_factor (z=+2.0); temperature_skew (z=-2.0),2026-08-05 14:28:55.480538
1.53,35.3,4.11,-0.5186,57.7,67.09,4.3845,90,WARN,Failure probability within 1d is 41% — schedule maintenance.,0.337,0.3805,0.3998,0.4111,current_trend_slope (z=-2.8); current_crest_factor (z=+2.6); current_std (z=+2.6),2026-08-05 14:28:55.555322
1.19,31.9,4.37,-0.51283,62.37,66.94,4.1667,90,WARN,Failure probability within 1d is 41% — schedule maintenance.,0.3378,0.3812,0.4005,0.4118,current_trend_slope (z=-3.5); current_crest_factor (z=+2.7); current_std (z=+2.7),2026-08-05 14:28:55.635359
1.16,34.8,4.54,-0.51214,62.93,66.81,3.9481,90,WARN,Failure probability within 1d is 41% — schedule maintenance.,0.3386,0.3819,0.4012,0.4125,current_trend_slope (z=-3.8); current_crest_factor (z=+2.8); current_std (z=+2.7),2026-08-05 14:28:55.706427
1.26,37.3,4.4,-0.49189,79.31,67.22,3.7408,90,OK,No action needed.,0.3377,0.3813,0.4008,0.4123,,2026-08-05 14:28:55.774702
1.22,40.3,4.75,-0.47486,93.08,68.06,3.5544,90,OK,No action needed.,0.3352,0.3797,0.3995,0.4112,,2026-08-05 14:28:55.840152
0.99,35.2,4.22,-0.48545,84.52,68.6,3.3818,90,OK,No action needed.,0.3337,0.3787,0.3988,0.4107,,2026-08-05 14:28:55.909442
1.2,32.5,4.32,-0.48604,84.04,69.11,3.222,90,OK,No action needed.,0.3323,0.3777,0.3981,0.4101,,2026-08-05 14:28:55.973638
1.18,33.0,4.51,-0.48676,83.46,69.58,3.0742,90,OK,No action needed.,0.331,0.3768,0.3974,0.4096,,2026-08-05 14:28:56.034949
1.05,34.6,4.27,-0.50872,65.7,69.45,2.925,90,OK,No action needed.,0.3315,0.3773,0.3979,0.4101,,2026-08-05 14:28:56.104194
1.04,32.3,4.39,-0.52677,51.09,68.85,2.764,90,OK,No action needed.,0.3336,0.3789,0.3993,0.4114,,2026-08-05 14:28:56.165447
1.14,32.6,4.56,-0.53132,47.41,68.15,2.5892,90,OK,No action needed.,0.3361,0.3809,0.401,0.4129,,2026-08-05 14:28:56.228450
1.17,30.2,4.13,-0.54075,39.79,67.22,2.3959,90,OK,No action needed.,0.3393,0.3834,0.4031,0.4149,,2026-08-05 14:28:56.297861
1.23,39.2,4.47,-0.52639,51.4,66.7,2.1931,90,OK,No action needed.,0.3413,0.3849,0.4045,0.4162,,2026-08-05 14:28:56.421862
1.42,35.9,4.23,-0.51454,60.98,66.51,1.9883,90,OK,No action needed.,0.3422,0.3857,0.4053,0.417,,2026-08-05 14:28:56.484410
1.37,35.2,4.56,-0.49541,76.46,66.84,1.7925,90,OK,No action needed.,0.3415,0.3853,0.405,0.4168,,2026-08-05 14:28:56.555495
1.41,33.9,4.57,-0.49764,74.65,67.09,1.6041,90,OK,No action needed.,0.3409,0.385,0.4049,0.4168,,2026-08-05 14:28:56.618678
1.22,34.0,4.43,-0.49463,77.09,67.42,1.4245,90,OK,No action needed.,0.3401,0.3845,0.4046,0.4166,,2026-08-05 14:28:56.705119
1.29,35.9,4.33,-0.49086,80.14,67.84,1.2555,90,OK,No action needed.,0.339,0.3838,0.4041,0.4162,,2026-08-05 14:28:56.768841
1.0,29.9,4.34,-0.49,80.84,68.27,1.0972,90,OK,No action needed.,0.3379,0.3831,0.4035,0.4158,,2026-08-05 14:28:56.858374
1.29,32.4,4.32,-0.48725,83.06,68.75,0.9507,90,OK,No action needed.,0.3365,0.3821,0.4028,0.4152,,2026-08-05 14:28:56.922223
1.37,34.6,4.29,-0.48956,81.19,69.16,0.8142,90,OK,No action needed.,0.3353,0.3814,0.4022,0.4148,,2026-08-05 14:28:56.993999
1.16,33.4,4.21,-0.5065,67.49,69.1,0.6778,90,OK,No action needed.,0.3356,0.3817,0.4026,0.4151,,2026-08-05 14:28:57.062811
1.44,35.1,4.25,-0.51012,64.56,68.95,0.5397,90,OK,No action needed.,0.3362,0.3822,0.4031,0.4156,,2026-08-05 14:28:57.125718
1.46,34.5,4.32,-0.5127,62.47,68.74,0.3984,90,OK,No action needed.,0.337,0.3828,0.4037,0.4162,,2026-08-05 14:28:57.184270
1.52,35.3,4.41,-0.51246,62.66,68.54,0.2543,90,OK,No action needed.,0.3378,0.3835,0.4043,0.4168,,2026-08-05 14:28:57.245098
1.02,35.1,4.31,-0.52436,53.04,68.03,0.1011,90,OK,No action needed.,0.3396,0.3849,0.4055,0.418,,2026-08-05 14:28:57.316679
1.1,35.5,4.68,-0.54849,33.52,66.9,-0.0741,90,OK,No action needed.,0.3434,0.3878,0.408,0.4202,,2026-08-05 14:28:57.387328
1.46,31.9,4.63,-0.49973,72.97,67.1,-0.2436,90,OK,No action needed.,0.343,0.3876,0.4079,0.4202,,2026-08-05 14:28:57.452815
1.34,33.5,4.59,-0.49375,77.81,67.45,-0.4042,90,OK,No action needed.,0.3421,0.387,0.4075,0.4199,,2026-08-05 14:28:57.513225
1.13,36.3,4.85,-0.49887,73.66,67.66,-0.5591,85,OK,No action needed.,0.3416,0.3868,0.4074,0.4199,,2026-08-05 14:28:57.573104
1.08,34.6,4.75,-0.50525,68.5,67.68,-0.7119,66,OK,No action needed.,0.3417,0.3869,0.4076,0.4201,,2026-08-05 14:28:57.631438
0.92,36.1,4.83,-0.53689,42.91,66.87,-0.8798,53,OK,No action needed.,0.3445,0.3891,0.4095,0.4218,,2026-08-05 14:28:57.692034
1.12,40.2,4.66,-0.52637,51.42,66.37,-1.0564,43,OK,No action needed.,0.3463,0.3906,0.4108,0.423,,2026-08-05 14:28:57.769066
1.1,36.1,5.02,-0.50981,64.81,66.31,-1.2324,37,OK,No action needed.,0.3468,0.391,0.4112,0.4234,,2026-08-05 14:28:57.856442
0.95,34.2,4.74,-0.51967,56.83,66.0,-1.4129,32,OK,No action needed.,0.348,0.392,0.4121,0.4243,,2026-08-05 14:28:57.922482
1.0,36.5,5.12,-0.52559,52.04,65.55,-1.6009,28,OK,No action needed.,0.3498,0.3934,0.4134,0.4255,,2026-08-05 14:28:57.989117
1.21,35.9,4.42,-0.49956,73.1,65.79,-1.7822,25,OK,No action needed.,0.3492,0.3931,0.4132,0.4254,,2026-08-05 14:28:58.055506
1.33,34.8,4.6,-0.49863,73.86,66.06,-1.9565,23,OK,No action needed.,0.3487,0.3928,0.413,0.4254,,2026-08-05 14:28:58.118038
1.38,34.8,4.42,-0.526,51.72,65.59,-2.1385,21,OK,No action needed.,0.3504,0.3942,0.4143,0.4265,,2026-08-05 14:28:58.191150
1.35,35.8,4.42,-0.54505,36.31,64.63,-2.3377,19,OK,No action needed.,0.3538,0.3968,0.4165,0.4285,,2026-08-05 14:28:58.262497
1.23,36.5,4.79,-0.53943,40.85,63.85,-2.5506,17,OK,No action needed.,0.3566,0.399,0.4184,0.4303,,2026-08-05 14:28:58.331894
1.1,38.2,4.74,-0.49778,74.55,64.2,-2.7544,16,OK,No action needed.,0.3559,0.3985,0.4182,0.4302,,2026-08-05 14:28:58.394451
1.2,40.1,4.38,-0.50811,66.19,64.26,-2.9551,14,OK,No action needed.,0.356,0.3987,0.4184,0.4305,,2026-08-05 14:28:58.454504
1.25,36.3,4.21,-0.51246,62.67,64.21,-3.1549,14,OK,No action needed.,0.3565,0.3992,0.4189,0.431,,2026-08-05 14:28:58.516129
1.42,34.8,3.93,-0.52506,52.47,63.83,-3.3603,13,OK,No action needed.,0.3581,0.4005,0.4201,0.4321,,2026-08-05 14:28:58.579645
1.34,37.5,4.65,-0.49275,78.62,64.31,-3.5544,12,OK,No action needed.,0.3569,0.3997,0.4195,0.4316,,2026-08-05 14:28:58.648829
1.27,34.3,4.68,-0.49819,74.21,64.64,-3.7403,11,WARN,Failure probability within 1d is 43% — schedule maintenance.,0.3561,0.3993,0.4192,0.4315,vibration_std (z=-2.0); vibration_max (z=-1.6); current_min (z=-1.5),2026-08-05 14:28:58.713462
1.12,33.8,4.63,-0.489,81.65,65.19,-3.9136,11,WARN,Failure probability within 1d is 43% — schedule maintenance.,0.3546,0.3983,0.4185,0.4309,vibration_std (z=-1.8); vibration_current_corr (z=-1.7); vibration_max (z=-1.6),2026-08-05 14:28:58.777370
1.15,36.3,4.09,-0.48758,82.8,65.77,-4.0742,11,WARN,Failure probability within 1d is 43% — schedule maintenance.,0.353,0.3972,0.4177,0.4303,vibration_std (z=-1.9); vibration_max (z=-1.6); vibration_rms (z=-1.6),2026-08-05 14:28:58.886025
1.14,35.4,4.0,-0.50508,68.64,65.87,-4.2314,10,WARN,Failure probability within 1d is 43% — schedule maintenance.,0.3529,0.3972,0.4178,0.4304,current_trend_slope (z=-1.9); vibration_std (z=-1.9); vibration_max (z=-1.6),2026-08-05 14:28:58.950450
1.1,37.4,3.95,-0.50614,67.78,65.93,-4.3859,10,WARN,Failure probability within 1d is 43% — schedule maintenance.,0.3529,0.3973,0.4179,0.4306,current_trend_slope (z=-1.9); vibration_std (z=-1.8); vibration_max (z=-1.6),2026-08-05 14:28:59.019472
1.05,37.0,4.34,-0.49385,77.72,66.31,-4.5316,10,WARN,Failure probability within 1d is 43% — schedule maintenance.,0.3519,0.3966,0.4174,0.4302,vibration_max (z=-1.6); vibration_std (z=-1.6); vibration_rms (z=-1.6),2026-08-05 14:28:59.081501
1.06,40.0,4.59,-0.49923,73.37,66.55,-4.6714,9,WARN,Failure probability within 1d is 43% — schedule maintenance.,0.3513,0.3963,0.4172,0.4301,vibration_trend_slope (z=-1.7); vibration_max (z=-1.6); vibration_rms (z=-1.6),2026-08-05 14:28:59.145348
1.16,39.1,4.52,-0.50034,72.47,66.74,-4.8063,9,WARN,Failure probability within 1d is 43% — schedule maintenance.,0.3508,0.396,0.417,0.43,temperature_trend_slope (z=+1.7); vibration_max (z=-1.6); vibration_rms (z=-1.6),2026-08-05 14:28:59.209091
1.15,34.1,4.31,-0.50755,66.64,66.74,-4.9399,9,WARN,Failure probability within 1d is 43% — schedule maintenance.,0.351,0.3962,0.4172,0.4302,vibration_std (z=-2.2); vibration_max (z=-1.7); vibration_rms (z=-1.6),2026-08-05 14:28:59.268105
1.19,33.4,4.75,-0.50604,67.86,66.77,-5.0715,9,WARN,Failure probability within 1d is 43% — schedule maintenance.,0.351,0.3963,0.4174,0.4304,vibration_std (z=-2.7); vibration_max (z=-1.8); vibration_rms (z=-1.6),2026-08-05 14:28:59.332886
1.45,32.6,4.75,-0.55638,27.14,65.47,-5.2263,8,WARN,Failure probability within 1d is 43% — schedule maintenance.,0.3552,0.3995,0.4201,0.4328,vibration_kurtosis (z=+4.6); vibration_skew (z=+3.2); vibration_crest_factor (z=+2.3),2026-08-05 14:28:59.403581
1.24,36.7,4.62,-0.55171,30.92,64.34,-5.4009,8,WARN,Failure probability within 1d is 44% — schedule maintenance.,0.359,0.4024,0.4226,0.4351,current_trend_slope (z=+3.2); vibration_kurtosis (z=+3.1); vibration_skew (z=+2.5),2026-08-05 14:28:59.479308
1.37,33.4,4.58,-0.52641,51.38,63.92,-5.5818,7,CRITICAL,Estimated remaining life (7d) is critically short.,0.3607,0.4036,0.4237,0.4361,current_trend_slope (z=+2.8); vibration_crest_factor (z=+1.7); vibration_current_corr (z=+1.7),2026-08-05 14:28:59.560716
1.37,30.2,4.59,-0.5623,22.36,62.55,-5.7864,7,CRITICAL,Estimated remaining life (7d) is critically short.,0.3653,0.4071,0.4267,0.4388,temperature_trend_slope (z=-2.8); current_skew (z=-2.0); current_trend_slope (z=+2.0),2026-08-05 14:28:59.633531
1.43,35.4,4.06,-0.5174,58.68,62.43,-5.9914,7,CRITICAL,Estimated remaining life (7d) is critically short.,0.3661,0.4078,0.4273,0.4395,temperature_trend_slope (z=-2.4); temperature_crest_factor (z=+2.0); vibration_trend_slope (z=+2.0),2026-08-05 14:28:59.694829
1.3,32.9,4.03,-0.51551,60.2,62.35,-6.1959,6,CRITICAL,Estimated remaining life (6d) is critically short.,0.3666,0.4083,0.4279,0.44,temperature_crest_factor (z=+2.5); temperature_trend_slope (z=-2.4); current_trend_slope (z=-1.7),2026-08-05 14:28:59.758887
1.02,36.3,4.31,-0.47903,89.71,63.25,-6.3819,6,CRITICAL,Estimated remaining life (6d) is critically short.,0.3641,0.4066,0.4265,0.4389,temperature_crest_factor (z=+2.1); current_trend_slope (z=-1.8); vibration_max (z=-1.6),2026-08-05 14:28:59.821023
1.27,33.6,4.55,-0.47002,97.0,64.36,-6.5457,6,CRITICAL,Estimated remaining life (6d) is critically short.,0.3609,0.4043,0.4247,0.4374,vibration_max (z=-1.6); temperature_max (z=-1.6); vibration_rms (z=-1.5),2026-08-05 14:28:59.891897
1.32,31.3,4.64,-0.48658,83.6,64.99,-6.6965,6,CRITICAL,Estimated remaining life (6d) is critically short.,0.3591,0.4031,0.4238,0.4366,vibration_max (z=-1.6); temperature_max (z=-1.6); temperature_rms (z=-1.5),2026-08-05 14:28:59.957741
1.76,32.3,4.42,-0.49098,80.04,65.48,-6.8367,6,CRITICAL,Estimated remaining life (6d) is critically short.,0.3577,0.4022,0.4231,0.4361,vibration_crest_factor (z=+2.9); vibration_kurtosis (z=+2.0); temperature_max (z=-1.6),2026-08-05 14:29:00.039449
1.55,32.0,4.56,-0.48959,81.17,66.0,-6.9663,6,CRITICAL,Estimated remaining life (6d) is critically short.,0.3563,0.4012,0.4223,0.4355,vibration_crest_factor (z=+2.8); current_skew (z=-1.7); temperature_max (z=-1.6),2026-08-05 14:29:00.121940
1.52,35.0,4.92,-0.4838,85.86,66.65,-7.0827,6,CRITICAL,Estimated remaining life (6d) is critically short.,0.3543,0.3998,0.4212,0.4346,vibration_crest_factor (z=+2.4); current_crest_factor (z=+1.6); temperature_max (z=-1.6),2026-08-05 14:29:00.187953
1.16,36.4,4.69,-0.48847,82.07,67.15,-7.1889,6,CRITICAL,Estimated remaining life (6d) is critically short.,0.3528,0.3988,0.4204,0.4339,vibration_crest_factor (z=+2.6); current_trend_slope (z=+2.3); temperature_max (z=-1.6),2026-08-05 14:29:00.250471
0.97,35.7,4.1,-0.50209,71.06,67.28,-7.2917,6,CRITICAL,Estimated remaining life (6d) is critically short.,0.3525,0.3986,0.4203,0.4339,vibration_crest_factor (z=+3.1); current_crest_factor (z=+2.0); current_trend_slope (z=+1.8),2026-08-05 14:29:00.320546
1.34,37.3,4.09,-0.49386,77.71,67.62,-7.3873,6,CRITICAL,Estimated remaining life (6d) is critically short.,0.3515,0.3979,0.4198,0.4335,vibration_crest_factor (z=+3.3); current_crest_factor (z=+2.0); vibration_min (z=-1.6),2026-08-05 14:29:00.384698
1.37,33.4,4.74,-0.48053,88.5,68.31,-7.4698,6,CRITICAL,Estimated remaining life (6d) is critically short.,0.3494,0.3964,0.4186,0.4324,vibration_crest_factor (z=+3.2); vibration_min (z=-1.6); temperature_max (z=-1.6),2026-08-05 14:29:00.456699
1.3,31.0,4.72,-0.47977,89.11,68.99,-7.5391,6,CRITICAL,Estimated remaining life (6d) is critically short.,0.3473,0.3949,0.4174,0.4314,vibration_crest_factor (z=+2.8); vibration_min (z=-1.6); temperature_max (z=-1.6),2026-08-05 14:29:00.522643
1.11,32.1,4.24,-0.49823,74.18,69.16,-7.6047,6,CRITICAL,Estimated remaining life (6d) is critically short.,0.3467,0.3945,0.4171,0.4312,vibration_crest_factor (z=+3.0); vibration_trend_slope (z=-1.9); vibration_min (z=-1.6),2026-08-05 14:29:00.586599
1.09,33.9,4.2,-0.51375,61.62,68.91,-7.6741,6,CRITICAL,Estimated remaining life (6d) is critically short.,0.3475,0.3951,0.4176,0.4317,vibration_crest_factor (z=+3.3); vibration_trend_slope (z=-2.6); current_crest_factor (z=+1.6),2026-08-05 14:29:00.661537
1.04,31.4,4.33,-0.50829,66.04,68.82,-7.7444,6,CRITICAL,Estimated remaining life (6d) is critically short.,0.3477,0.3954,0.4179,0.4319,vibration_crest_factor (z=+2.0); vibration_current_corr (z=+2.0); vibration_trend_slope (z=-1.9),2026-08-05 14:29:00.733317
1.1,36.2,4.47,-0.51032,64.4,68.67,-7.8166,6,CRITICAL,Estimated remaining life (6d) is critically short.,0.3482,0.3957,0.4182,0.4323,vibration_crest_factor (z=+2.4); vibration_current_corr (z=+2.0); current_crest_factor (z=+1.8),2026-08-05 14:29:00.806452
1.13,33.9,4.6,-0.48917,81.51,69.09,-7.8806,6,CRITICAL,Estimated remaining life (6d) is critically short.,0.3469,0.3948,0.4175,0.4316,vibration_max (z=-1.7); vibration_rms (z=-1.6); vibration_mean (z=-1.6),2026-08-05 14:29:00.878552
0.99,33.1,4.4,-0.48539,84.56,69.6,-7.935,6,CRITICAL,Estimated remaining life (6d) is critically short.,0.3453,0.3937,0.4166,0.4309,vibration_max (z=-1.7); vibration_rms (z=-1.6); vibration_mean (z=-1.6),2026-08-05 14:29:00.948627
1.05,33.5,4.75,-0.488,82.46,70.02,-7.9815,6,CRITICAL,Estimated remaining life (6d) is critically short.,0.3439,0.3927,0.4158,0.4302,vibration_trend_slope (z=-1.7); vibration_max (z=-1.7); vibration_rms (z=-1.6),2026-08-05 14:29:01.014444
1.14,33.0,4.47,-0.51023,64.48,69.84,-8.0306,6,CRITICAL,Estimated remaining life (6d) is critically short.,0.3444,0.3931,0.4161,0.4305,vibration_current_corr (z=+1.8); vibration_max (z=-1.7); vibration_skew (z=+1.7),2026-08-05 14:29:01.081855
1.29,31.2,4.56,-0.50029,72.51,69.93,-8.0777,6,CRITICAL,Estimated remaining life (6d) is critically short.,0.3441,0.3929,0.416,0.4304,vibration_std (z=-1.9); vibration_max (z=-1.7); vibration_rms (z=-1.7),2026-08-05 14:29:01.159052
1.26,30.2,4.57,-0.5115,63.45,69.72,-8.128,6,CRITICAL,Estimated remaining life (6d) is critically short.,0.3447,0.3934,0.4164,0.4308,vibration_std (z=-2.1); vibration_max (z=-1.7); vibration_rms (z=-1.7),2026-08-05 14:29:01.232150
1.05,32.0,3.92,-0.51278,62.41,69.48,-8.1819,6,CRITICAL,Estimated remaining life (6d) is critically short.,0.3454,0.3939,0.4169,0.4313,vibration_std (z=-2.0); vibration_max (z=-1.7); vibration_rms (z=-1.7),2026-08-05 14:29:01.300514
1.21,32.9,3.57,-0.53748,42.43,68.59,-8.2505,5,CRITICAL,Estimated remaining life (5d) is critically short.,0.3482,0.396,0.4186,0.4328,current_trend_slope (z=-2.5); current_skew (z=-2.2); current_std (z=+2.0),2026-08-05 14:29:01.377659
0.95,36.8,4.21,-0.52618,51.57,68.03,-8.3281,5,CRITICAL,Estimated remaining life (5d) is critically short.,0.3499,0.3973,0.4198,0.4338,current_trend_slope (z=-2.9); current_std (z=+2.1); current_skew (z=-2.0),2026-08-05 14:29:01.443222
1.1,34.2,4.35,-0.52284,54.27,67.58,-8.4127,5,CRITICAL,Estimated remaining life (5d) is critically short.,0.3513,0.3984,0.4207,0.4347,current_trend_slope (z=-2.6); current_std (z=+2.1); current_skew (z=-1.9),2026-08-05 14:29:01.572238
1.46,31.5,4.28,-0.52089,55.85,67.2,-8.5031,5,CRITICAL,Estimated remaining life (5d) is critically short.,0.3526,0.3994,0.4216,0.4355,vibration_crest_factor (z=+2.4); current_trend_slope (z=-2.0); current_std (z=+1.9),2026-08-05 14:29:01.648352
1.09,35.2,4.44,-0.51461,60.93,66.99,-8.596,5,CRITICAL,Estimated remaining life (5d) is critically short.,0.3532,0.3999,0.4221,0.436,vibration_crest_factor (z=+2.3); current_std (z=+1.9); current_min (z=-1.8),2026-08-05 14:29:01.723929
1.23,37.2,4.48,-0.52016,56.44,66.64,-8.694,5,CRITICAL,Estimated remaining life (5d) is critically short.,0.3544,0.4008,0.4229,0.4367,current_skew (z=-2.2); vibration_crest_factor (z=+2.0); temperature_trend_slope (z=+1.8),2026-08-05 14:29:01.801756
1.25,35.9,4.03,-0.50933,65.2,66.6,-8.7919,5,CRITICAL,Estimated remaining life (5d) is critically short.,0.3546,0.401,0.4231,0.4369,temperature_trend_slope (z=+2.2); vibration_crest_factor (z=+1.8); current_min (z=-1.8),2026-08-05 14:29:01.870489
1.25,36.6,4.21,-0.51047,64.28,66.52,-8.89,5,CRITICAL,Estimated remaining life (5d) is critically short.,0.3549,0.4013,0.4234,0.4372,temperature_trend_slope (z=+2.2); vibration_crest_factor (z=+1.9); current_min (z=-1.8),2026-08-05 14:29:01.933403
1.29,37.5,5.08,-0.5432,37.8,65.58,-9.0032,5,CRITICAL,Estimated remaining life (5d) is critically short.,0.3579,0.4036,0.4253,0.439,current_crest_factor (z=+5.3); current_trend_slope (z=+3.3); current_std (z=+2.7),2026-08-05 14:29:02.000053
1.05,36.0,4.31,-0.54593,35.59,64.6,-9.1318,4,CRITICAL,Estimated remaining life (4d) is critically short.,0.3612,0.4061,0.4274,0.4408,current_crest_factor (z=+4.9); current_trend_slope (z=+2.6); current_std (z=+2.4),2026-08-05 14:29:02.069622
1.31,37.2,4.45,-0.55299,29.89,63.46,-9.2783,4,CRITICAL,Estimated remaining life (4d) is critically short.,0.365,0.4089,0.4298,0.443,current_crest_factor (z=+4.0); current_kurtosis (z=+3.3); temperature_skew (z=-2.5),2026-08-05 14:29:02.142865
1.23,35.1,4.45,-0.53916,41.07,62.72,-9.4358,4,CRITICAL,Estimated remaining life (4d) is critically short.,0.3675,0.4109,0.4315,0.4445,current_crest_factor (z=+3.7); current_kurtosis (z=+3.2); current_skew (z=+2.2),2026-08-05 14:29:02.219849
1.24,35.1,4.76,-0.5429,38.05,61.92,-9.6053,4,CRITICAL,Estimated remaining life (4d) is critically short.,0.3704,0.413,0.4334,0.4462,current_crest_factor (z=+3.3); temperature_kurtosis (z=+2.7); temperature_skew (z=-2.5),2026-08-05 14:29:02.293697
1.4,36.4,4.74,-0.53111,47.58,61.45,-9.7812,4,CRITICAL,Estimated remaining life (4d) is critically short.,0.3721,0.4144,0.4346,0.4473,current_crest_factor (z=+2.8); temperature_std (z=-2.6); vibration_std (z=-1.9),2026-08-05 14:29:02.357304
1.49,36.5,4.65,-0.52214,54.84,61.23,-9.959,4,CRITICAL,Estimated remaining life (4d) is critically short.,0.3731,0.4152,0.4353,0.448,temperature_std (z=-2.7); current_crest_factor (z=+2.6); current_trend_slope (z=+1.7),2026-08-05 14:29:02.421148
1.5,38.1,4.65,-0.50919,65.32,61.36,-10.1329,4,CRITICAL,Estimated remaining life (4d) is critically short.,0.373,0.4152,0.4354,0.4482,temperature_std (z=-2.5); current_crest_factor (z=+2.4); current_trend_slope (z=+1.9),2026-08-05 14:29:02.483632
1.29,33.4,4.82,-0.48511,84.79,62.13,-10.2926,4,CRITICAL,Estimated remaining life (4d) is critically short.,0.3708,0.4137,0.4342,0.4472,temperature_std (z=-1.8); current_crest_factor (z=+1.6); vibration_max (z=-1.6),2026-08-05 14:29:02.548612
1.59,37.4,4.44,-0.47153,95.77,63.23,-10.4327,4,CRITICAL,Estimated remaining life (4d) is critically short.,0.3675,0.4114,0.4324,0.4457,vibration_trend_slope (z=+1.7); temperature_std (z=-1.7); vibration_max (z=-1.5),2026-08-05 14:29:02.614341
1.33,33.2,4.32,-0.47318,94.44,64.26,-10.5547,4,CRITICAL,Estimated remaining life (4d) is critically short.,0.3644,0.4092,0.4306,0.4442,vibration_trend_slope (z=+1.6); vibration_max (z=-1.5); temperature_max (z=-1.5),2026-08-05 14:29:02.680843
1.03,34.3,4.51,-0.45925,100.0,65.43,-10.6564,4,CRITICAL,Estimated remaining life (4d) is critically short.,0.3609,0.4067,0.4286,0.4424,vibration_max (z=-1.5); vibration_min (z=-1.5); temperature_max (z=-1.5),2026-08-05 14:29:02.745276
1.16,35.6,4.37,-0.46452,100.0,66.56,-10.7386,4,CRITICAL,Estimated remaining life (4d) is critically short.,0.3574,0.4041,0.4265,0.4407,vibration_max (z=-1.5); vibration_min (z=-1.5); vibration_rms (z=-1.5),2026-08-05 14:29:02.810594
1.09,31.8,4.05,-0.48619,83.92,67.13,-10.8107,4,CRITICAL,Estimated remaining life (4d) is critically short.,0.3556,0.4029,0.4255,0.4399,current_trend_slope (z=-2.6); vibration_trend_slope (z=-1.6); vibration_max (z=-1.5),2026-08-05 14:29:02.875104
1.22,31.2,4.46,-0.50138,71.63,67.28,-10.8797,4,CRITICAL,Estimated remaining life (4d) is critically short.,0.3551,0.4026,0.4253,0.4397,current_trend_slope (z=-2.1); temperature_trend_slope (z=-2.1); vibration_trend_slope (z=-2.0),2026-08-05 14:29:02.943125
1.14,35.3,4.06,-0.50537,68.4,67.32,-10.9474,4,CRITICAL,Estimated remaining life (4d) is critically short.,0.355,0.4026,0.4253,0.4397,current_trend_slope (z=-2.4); vibration_trend_slope (z=-2.2); vibration_crest_factor (z=+1.9),2026-08-05 14:29:03.017658
1.29,37.9,4.2,-0.48928,81.42,67.78,-11.007,4,CRITICAL,Estimated remaining life (4d) is critically short.,0.3536,0.4015,0.4245,0.439,current_trend_slope (z=-2.4); vibration_crest_factor (z=+2.3); vibration_mean (z=-1.6),2026-08-05 14:29:03.087826
1.36,36.3,4.86,-0.48021,88.75,68.47,-11.0549,4,CRITICAL,Estimated remaining life (4d) is critically short.,0.3514,0.4,0.4232,0.438,vibration_crest_factor (z=+2.5); current_crest_factor (z=+1.7); vibration_rms (z=-1.6),2026-08-05 14:29:03.169225
0.92,39.5,4.5,-0.49564,76.27,68.72,-11.0981,4,CRITICAL,Estimated remaining life (4d) is critically short.,0.3506,0.3994,0.4228,0.4376,vibration_crest_factor (z=+3.0); current_crest_factor (z=+2.0); vibration_min (z=-1.6),2026-08-05 14:29:03.238914
1.14,37.8,4.89,-0.50136,71.65,68.82,-11.1394,4,CRITICAL,Estimated remaining life (4d) is critically short.,0.3502,0.3991,0.4226,0.4374,temperature_trend_slope (z=+2.3); current_crest_factor (z=+1.8); current_trend_slope (z=+1.7),2026-08-05 14:29:03.302106
1.25,33.6,4.54,-0.49685,75.29,69.03,-11.1768,4,CRITICAL,Estimated remaining life (4d) is critically short.,0.3495,0.3986,0.4222,0.4371,current_trend_slope (z=+1.7); vibration_max (z=-1.7); vibration_rms (z=-1.6),2026-08-05 14:29:03.378555
1.39,33.4,4.48,-0.495,76.79,69.28,-11.4177,4,CRITICAL,Estimated remaining life (4d) is critically short.,0.3485,0.398,0.4218,0.4369,current_trend_slope (z=+1.9); vibration_max (z=-1.7); vibration_rms (z=-1.6),2026-08-05 14:29:03.449127
1.36,31.7,3.78,-0.50577,68.08,69.24,-11.5379,4,CRITICAL,Estimated remaining life (4d) is critically short.,0.3486,0.3982,0.4221,0.4371,current_crest_factor (z=+2.2); current_std (z=+2.1); temperature_crest_factor (z=+1.9),2026-08-05 14:29:03.517961
1.1,35.8,3.94,-0.4999,72.83,69.36,-11.6268,4,CRITICAL,Estimated remaining life (4d) is critically short.,0.3483,0.398,0.4219,0.4371,current_std (z=+2.3); current_crest_factor (z=+2.3); vibration_max (z=-1.7),2026-08-05 14:29:03.592041
1.13,34.7,3.79,-0.51771,58.42,69.0,-11.7071,4,CRITICAL,Estimated remaining life (4d) is critically short.,0.3495,0.3989,0.4227,0.4378,current_std (z=+3.0); current_crest_factor (z=+3.0); current_trend_slope (z=-2.3),2026-08-05 14:29:03.654995
1.35,34.6,4.63,-0.51178,63.22,68.81,-11.8001,4,CRITICAL,Estimated remaining life (4d) is critically short.,0.3501,0.3995,0.4232,0.4383,current_std (z=+3.0); current_crest_factor (z=+2.3); current_trend_slope (z=-2.3),2026-08-05 14:29:03.721343
1.06,33.6,4.46,-0.51798,58.2,68.47,-11.994,4,CRITICAL,Estimated remaining life (4d) is critically short.,0.3512,0.4004,0.424,0.4391,current_std (z=+3.0); current_trend_slope (z=-2.5); current_crest_factor (z=+2.1),2026-08-05 14:29:03.785339
1.19,31.9,4.5,-0.51414,61.31,68.23,-12.2465,3,CRITICAL,Estimated remaining life (3d) is critically short.,0.3517,0.4009,0.4246,0.4397,current_crest_factor (z=+2.5); current_std (z=+2.4); temperature_crest_factor (z=+2.2),2026-08-05 14:29:03.862530
1.46,33.6,4.49,-0.50468,68.96,68.26,-12.5061,3,CRITICAL,Estimated remaining life (3d) is critically short.,0.3514,0.4008,0.4247,0.4399,current_crest_factor (z=+2.5); current_std (z=+2.4); current_min (z=-1.7),2026-08-05 14:29:03.929986
1.4,34.8,4.36,-0.49714,75.06,68.48,-12.7493,3,CRITICAL,Estimated remaining life (3d) is critically short.,0.3505,0.4003,0.4244,0.4398,temperature_std (z=-2.0); current_min (z=-1.7); temperature_max (z=-1.6),2026-08-05 14:29:04.003346
1.25,37.0,4.85,-0.51386,61.54,68.25,-12.9767,3,CRITICAL,Estimated remaining life (3d) is critically short.,0.351,0.4009,0.425,0.4404,current_trend_slope (z=+2.8); current_crest_factor (z=+2.3); current_std (z=+2.2),2026-08-05 14:29:04.079032
1.14,35.2,4.63,-0.51386,61.53,68.03,-13.18,3,CRITICAL,Estimated remaining life (3d) is critically short.,0.3517,0.4015,0.4256,0.441,current_trend_slope (z=+3.8); current_std (z=+2.4); current_crest_factor (z=+2.2),2026-08-05 14:29:04.142689
1.13,35.6,4.33,-0.51452,61.01,67.8,-13.3651,3,CRITICAL,Estimated remaining life (3d) is critically short.,0.3524,0.4021,0.4263,0.4417,current_trend_slope (z=+2.3); temperature_std (z=-1.7); current_min (z=-1.6),2026-08-05 14:29:04.213322
1.42,37.1,4.14,-0.49133,79.76,68.19,-13.5257,3,CRITICAL,Estimated remaining life (3d) is critically short.,0.3511,0.4013,0.4257,0.4412,current_min (z=-1.6); vibration_max (z=-1.6); temperature_max (z=-1.6),2026-08-05 14:29:04.280528
1.12,33.6,3.9,-0.48325,86.3,68.79,-13.6533,3,CRITICAL,Estimated remaining life (3d) is critically short.,0.3493,0.4,0.4247,0.4404,current_trend_slope (z=-2.0); vibration_max (z=-1.6); current_min (z=-1.6),2026-08-05 14:29:04.352423
1.23,35.6,4.63,-0.47741,91.02,69.52,-13.7501,3,CRITICAL,Estimated remaining life (3d) is critically short.,0.347,0.3984,0.4234,0.4393,vibration_max (z=-1.6); vibration_rms (z=-1.6); current_min (z=-1.6),2026-08-05 14:29:04.430429
1.0,35.4,4.03,-0.48696,83.29,69.97,-13.8204,3,CRITICAL,Estimated remaining life (3d) is critically short.,0.3456,0.3974,0.4226,0.4387,current_trend_slope (z=-1.8); current_crest_factor (z=+1.8); vibration_max (z=-1.6),2026-08-05 14:29:04.505114
1.14,35.1,4.04,-0.51064,64.14,69.78,-13.8805,3,CRITICAL,Estimated remaining life (3d) is critically short.,0.3462,0.3979,0.423,0.4391,current_trend_slope (z=-2.3); current_crest_factor (z=+2.3); temperature_std (z=-2.1),2026-08-05 14:29:04.573746
1.29,31.4,4.37,-0.51924,57.18,69.36,-13.9332,3,CRITICAL,Estimated remaining life (3d) is critically short.,0.3475,0.3989,0.4239,0.4398,current_crest_factor (z=+2.4); current_trend_slope (z=-1.8); temperature_skew (z=-1.8),2026-08-05 14:29:04.640266
1.14,32.0,4.07,-0.5357,43.87,68.53,-13.9911,3,CRITICAL,Estimated remaining life (3d) is critically short.,0.3502,0.4009,0.4256,0.4414,current_crest_factor (z=+2.7); current_trend_slope (z=-2.3); temperature_trend_slope (z=-1.7),2026-08-05 14:29:04.717639
1.02,36.2,4.16,-0.50484,68.83,68.54,-14.037,3,CRITICAL,Estimated remaining life (3d) is critically short.,0.3502,0.401,0.4256,0.4414,vibration_crest_factor (z=+1.7); vibration_max (z=-1.6); vibration_rms (z=-1.6),2026-08-05 14:29:04.782522
1.03,33.1,4.34,-0.5007,72.18,68.66,-14.0641,3,CRITICAL,Estimated remaining life (3d) is critically short.,0.3499,0.4007,0.4255,0.4413,vibration_crest_factor (z=+1.9); current_crest_factor (z=+1.7); vibration_max (z=-1.6),2026-08-05 14:29:04.861131
1.32,32.6,4.15,-0.49082,80.18,69.03,-14.08,3,CRITICAL,Estimated remaining life (3d) is critically short.,0.3487,0.3999,0.4248,0.4407,current_crest_factor (z=+1.9); vibration_max (z=-1.6); vibration_rms (z=-1.6),2026-08-05 14:29:04.925284
1.23,34.1,4.28,-0.49645,75.62,69.25,-14.0935,3,CRITICAL,Estimated remaining life (3d) is critically short.,0.3481,0.3994,0.4244,0.4403,current_crest_factor (z=+1.7); vibration_max (z=-1.7); vibration_std (z=-1.7),2026-08-05 14:29:05.006734
0.99,34.8,4.47,-0.48573,84.29,69.74,-14.0971,3,CRITICAL,Estimated remaining life (3d) is critically short.,0.3465,0.3983,0.4234,0.4395,vibration_max (z=-1.7); vibration_rms (z=-1.6); vibration_mean (z=-1.6),2026-08-05 14:29:05.070022
1.14,34.6,4.0,-0.49271,78.65,70.03,-14.086,3,CRITICAL,Estimated remaining life (3d) is critically short.,0.3456,0.3976,0.4228,0.439,vibration_max (z=-1.7); current_max (z=-1.7); vibration_rms (z=-1.6),2026-08-05 14:29:05.136464
1.36,34.5,4.08,-0.48522,84.7,70.52,-14.0579,3,CRITICAL,Estimated remaining life (3d) is critically short.,0.344,0.3964,0.4219,0.4381,vibration_max (z=-1.7); current_max (z=-1.7); vibration_rms (z=-1.6),2026-08-05 14:29:05.213385
1.66,37.0,4.22,-0.51298,62.25,70.24,-14.0303,3,CRITICAL,Estimated remaining life (3d) is critically short.,0.3448,0.397,0.4223,0.4385,vibration_crest_factor (z=+3.8); current_max (z=-1.7); current_rms (z=-1.6),2026-08-05 14:29:05.289628
1.48,35.9,4.13,-0.51705,58.95,69.87,-14.012,3,CRITICAL,Estimated remaining life (3d) is critically short.,0.346,0.3978,0.423,0.4391,vibration_crest_factor (z=+3.5); vibration_trend_slope (z=+2.3); current_std (z=-1.7),2026-08-05 14:29:05.367713
1.42,35.1,4.22,-0.51547,60.23,69.56,-14.0037,3,CRITICAL,Estimated remaining life (3d) is critically short.,0.347,0.3986,0.4236,0.4396,vibration_crest_factor (z=+3.0); vibration_trend_slope (z=+2.5); temperature_std (z=-1.8),2026-08-05 14:29:05.440128
1.3,36.3,4.43,-0.50046,72.37,69.65,-13.9989,3,CRITICAL,Estimated remaining life (3d) is critically short.,0.3467,0.3983,0.4234,0.4395,vibration_crest_factor (z=+2.6); vibration_trend_slope (z=+1.8); temperature_std (z=-1.8),2026-08-05 14:29:05.522732
1.42,33.7,4.39,-0.48829,82.22,70.06,-13.9841,3,CRITICAL,Estimated remaining life (3d) is critically short.,0.3454,0.3974,0.4226,0.4388,vibration_crest_factor (z=+2.1); temperature_std (z=-1.9); current_max (z=-1.7),2026-08-05 14:29:05.595152
1.41,31.5,4.53,-0.48632,83.81,70.51,-13.9581,3,CRITICAL,Estimated remaining life (3d) is critically short.,0.3439,0.3963,0.4217,0.4379,vibration_crest_factor (z=+1.9); current_max (z=-1.6); temperature_max (z=-1.6),2026-08-05 14:29:05.673684
1.3,31.9,4.34,-0.47991,89.0,71.12,-13.9211,3,CRITICAL,Estimated remaining life (3d) is critically short.,0.342,0.3948,0.4205,0.4369,vibration_crest_factor (z=+1.8); current_max (z=-1.6); temperature_max (z=-1.6),2026-08-05 14:29:05.743385
1.04,31.4,4.16,-0.48479,85.05,71.58,-13.8681,3,CRITICAL,Estimated remaining life (3d) is critically short.,0.3405,0.3937,0.4195,0.436,temperature_trend_slope (z=-1.8); vibration_crest_factor (z=+1.8); current_max (z=-1.6),2026-08-05 14:29:05.811154
1.21,31.6,4.49,-0.50344,69.97,71.52,-13.8049,3,CRITICAL,Estimated remaining life (3d) is critically short.,0.3406,0.3937,0.4195,0.436,temperature_trend_slope (z=-2.2); vibration_trend_slope (z=-1.8); vibration_crest_factor (z=+1.7),2026-08-05 14:29:05.881514
1.18,32.0,4.55,-0.50449,69.11,71.44,-13.7337,3,CRITICAL,Estimated remaining life (3d) is critically short.,0.3408,0.3938,0.4195,0.436,temperature_trend_slope (z=-2.5); vibration_trend_slope (z=-2.3); vibration_crest_factor (z=+1.9),2026-08-05 14:29:05.950786
1.1,37.7,4.86,-0.4963,75.74,71.59,-13.6485,3,CRITICAL,Estimated remaining life (3d) is critically short.,0.3402,0.3933,0.4191,0.4356,vibration_trend_slope (z=-1.9); current_trend_slope (z=+1.9); current_crest_factor (z=+1.7),2026-08-05 14:29:06.019225
1.17,35.8,5.09,-0.51281,62.39,71.28,-13.5582,3,CRITICAL,Estimated remaining life (3d) is critically short.,0.341,0.3939,0.4195,0.4359,current_crest_factor (z=+2.8); current_trend_slope (z=+2.6); vibration_max (z=-1.6),2026-08-05 14:29:06.123302
1.22,30.5,4.56,-0.50517,68.57,71.19,-13.4666,3,CRITICAL,Estimated remaining life (3d) is critically short.,0.3412,0.3939,0.4195,0.4359,current_crest_factor (z=+2.4); temperature_crest_factor (z=+2.0); current_trend_slope (z=+2.0),2026-08-05 14:29:06.186366
1.29,28.7,4.48,-0.51209,62.96,70.92,-13.3783,3,CRITICAL,Estimated remaining life (3d) is critically short.,0.3419,0.3944,0.4199,0.4361,temperature_crest_factor (z=+2.8); current_crest_factor (z=+2.4); vibration_max (z=-1.6),2026-08-05 14:29:06.249790
1.24,29.6,4.68,-0.52622,51.54,70.29,-13.2933,3,CRITICAL,Estimated remaining life (3d) is critically short.,0.3437,0.3957,0.421,0.437,temperature_crest_factor (z=+3.3); current_crest_factor (z=+2.1); vibration_std (z=-1.9),2026-08-05 14:29:06.326208
1.17,30.5,4.99,-0.53526,44.22,69.43,-13.221,3,CRITICAL,Estimated remaining life (3d) is critically short.,0.3463,0.3976,0.4225,0.4383,temperature_crest_factor (z=+3.4); vibration_std (z=-2.4); current_trend_slope (z=+2.2),2026-08-05 14:29:06.429235
0.9,34.0,4.04,-0.53656,43.17,68.57,-13.1659,3,CRITICAL,Estimated remaining life (3d) is critically short.,0.3489,0.3995,0.424,0.4397,temperature_crest_factor (z=+3.1); vibration_skew (z=-1.9); current_crest_factor (z=+1.9),2026-08-05 14:29:06.497666
1.1,37.1,4.46,-0.54772,34.15,67.45,-13.1274,3,CRITICAL,Estimated remaining life (3d) is critically short.,0.3524,0.4021,0.4261,0.4415,vibration_kurtosis (z=+2.5); temperature_crest_factor (z=+2.5); vibration_skew (z=-2.3),2026-08-05 14:29:06.559397
1.08,34.1,4.65,-0.53725,42.61,66.63,-13.1077,3,CRITICAL,Estimated remaining life (3d) is critically short.,0.3549,0.4039,0.4277,0.4428,temperature_crest_factor (z=+2.2); vibration_std (z=-1.8); vibration_max (z=-1.7),2026-08-05 14:29:06.623426
1.28,32.5,4.11,-0.53319,45.9,65.95,-13.1034,3,CRITICAL,Estimated remaining life (3d) is critically short.,0.3571,0.4055,0.429,0.444,current_trend_slope (z=-2.6); temperature_crest_factor (z=+2.1); current_crest_factor (z=+1.9),2026-08-05 14:29:06.686914
1.47,30.7,4.1,-0.5246,52.85,65.52,-13.1163,3,CRITICAL,Estimated remaining life (3d) is critically short.,0.3585,0.4066,0.4298,0.4447,current_trend_slope (z=-3.0); current_crest_factor (z=+2.6); temperature_crest_factor (z=+2.4),2026-08-05 14:29:06.759730
1.32,35.4,3.95,-0.5278,50.26,65.02,-13.1467,3,CRITICAL,Estimated remaining life (3d) is critically short.,0.3602,0.4078,0.4309,0.4456,current_crest_factor (z=+2.9); current_trend_slope (z=-2.7); temperature_crest_factor (z=+2.4),2026-08-05 14:29:06.834214
1.04,34.9,4.36,-0.52461,52.84,64.62,-13.197,3,CRITICAL,Estimated remaining life (3d) is critically short.,0.3616,0.4089,0.4318,0.4464,current_crest_factor (z=+3.1); current_trend_slope (z=-2.4); temperature_trend_slope (z=+2.0),2026-08-05 14:29:06.901490
1.0,33.8,4.04,-0.51584,59.94,64.47,-13.2631,3,CRITICAL,Estimated remaining life (3d) is critically short.,0.3622,0.4093,0.4322,0.4468,current_crest_factor (z=+3.6); current_trend_slope (z=-2.8); vibration_crest_factor (z=+2.4),2026-08-05 14:29:06.969213
1.12,32.9,4.26,-0.51389,61.51,64.37,-13.3406,3,CRITICAL,Estimated remaining life (3d) is critically short.,0.3627,0.4097,0.4325,0.4472,current_crest_factor (z=+4.1); vibration_crest_factor (z=+2.6); current_trend_slope (z=-2.1),2026-08-05 14:29:07.045967
1.39,33.0,4.14,-0.48362,86.0,65.08,-13.4134,3,CRITICAL,Estimated remaining life (3d) is critically short.,0.3605,0.4082,0.4313,0.4461,vibration_crest_factor (z=+2.2); current_crest_factor (z=+1.8); vibration_mean (z=-1.6),2026-08-05 14:29:07.123413
1.04,31.5,4.04,-0.49095,80.07,65.57,-13.4797,3,CRITICAL,Estimated remaining life (3d) is critically short.,0.359,0.4071,0.4305,0.4454,vibration_crest_factor (z=+2.0); current_crest_factor (z=+1.8); vibration_max (z=-1.6),2026-08-05 14:29:07.196743
0.98,35.6,4.27,-0.50786,66.39,65.6,-13.5439,3,CRITICAL,Estimated remaining life (3d) is critically short.,0.359,0.4072,0.4305,0.4455,vibration_crest_factor (z=+2.2); current_crest_factor (z=+2.0); current_skew (z=+1.8),2026-08-05 14:29:07.269214
0.95,34.6,4.58,-0.51888,57.47,65.33,-13.61,3,CRITICAL,Estimated remaining life (3d) is critically short.,0.36,0.4079,0.4312,0.4461,vibration_crest_factor (z=+2.4); vibration_trend_slope (z=-1.9); temperature_max (z=-1.6),2026-08-05 14:29:07.340692
1.0,33.6,4.17,-0.53022,48.3,64.77,-13.6786,3,CRITICAL,Estimated remaining life (3d) is critically short.,0.3619,0.4094,0.4324,0.4472,vibration_crest_factor (z=+2.8); vibration_trend_slope (z=-1.9); vibration_mean (z=-1.6),2026-08-05 14:29:07.408580
1.17,33.3,4.25,-0.51156,63.39,64.73,-13.7459,3,CRITICAL,Estimated remaining life (3d) is critically short.,0.3622,0.4096,0.4326,0.4474,vibration_crest_factor (z=+2.3); temperature_std (z=-2.0); vibration_max (z=-1.7),2026-08-05 14:29:07.482500
1.12,31.9,3.94,-0.52844,49.74,64.24,-13.8204,3,CRITICAL,Estimated remaining life (3d) is critically short.,0.3639,0.4109,0.4337,0.4484,vibration_crest_factor (z=+2.7); vibration_kurtosis (z=+2.4); vibration_skew (z=+2.3),2026-08-05 14:29:07.548741
1.07,32.6,4.44,-0.52168,55.21,63.94,-13.898,3,CRITICAL,Estimated remaining life (3d) is critically short.,0.365,0.4117,0.4345,0.449,vibration_crest_factor (z=+2.7); vibration_kurtosis (z=+2.3); vibration_skew (z=+2.2),2026-08-05 14:29:07.660988
1.3,32.6,4.32,-0.49681,75.33,64.32,-13.9644,3,CRITICAL,Estimated remaining life (3d) is critically short.,0.3639,0.411,0.4339,0.4485,vibration_crest_factor (z=+2.1); temperature_std (z=-2.1); vibration_max (z=-1.7),2026-08-05 14:29:07.732672
1.01,33.8,4.66,-0.50225,70.93,64.53,-14.019,3,CRITICAL,Estimated remaining life (3d) is critically short.,0.3633,0.4106,0.4335,0.4483,vibration_crest_factor (z=+2.3); temperature_std (z=-2.0); vibration_max (z=-1.7),2026-08-05 14:29:07.801893
1.04,33.5,4.41,-0.51447,61.04,64.42,-14.0694,3,CRITICAL,Estimated remaining life (3d) is critically short.,0.3638,0.4109,0.4339,0.4486,temperature_std (z=-2.0); vibration_std (z=-1.9); vibration_skew (z=+1.8),2026-08-05 14:29:07.886745
1.23,35.5,4.18,-0.49987,72.86,64.69,-14.1036,3,CRITICAL,Estimated remaining life (3d) is critically short.,0.363,0.4104,0.4334,0.4482,temperature_std (z=-2.0); vibration_max (z=-1.7); vibration_rms (z=-1.7),2026-08-05 14:29:07.952420
1.4,33.5,3.95,-0.51145,63.48,64.65,-14.1292,3,CRITICAL,Estimated remaining life (3d) is critically short.,0.3632,0.4105,0.4335,0.4483,temperature_std (z=-2.4); vibration_crest_factor (z=+2.0); vibration_current_corr (z=-1.8),2026-08-05 14:29:08.017222
1.3,30.9,4.37,-0.49611,75.89,65.02,-14.1464,3,CRITICAL,Estimated remaining life (3d) is critically short.,0.362,0.4097,0.4329,0.4477,temperature_std (z=-2.0); vibration_max (z=-1.7); temperature_max (z=-1.6),2026-08-05 14:29:08.080881
0.83,32.2,4.27,-0.4889,81.73,65.57,-14.1562,3,CRITICAL,Estimated remaining life (3d) is critically short.,0.3603,0.4084,0.4318,0.4468,temperature_std (z=-2.0); vibration_max (z=-1.7); vibration_min (z=-1.7),2026-08-05 14:29:08.146967
0.84,35.8,4.18,-0.4853,84.64,66.2,-14.1622,3,CRITICAL,Estimated remaining life (3d) is critically short.,0.3583,0.407,0.4306,0.4458,vibration_crest_factor (z=+2.1); vibration_max (z=-1.7); vibration_mean (z=-1.7),2026-08-05 14:29:08.209217
1.07,35.8,4.49,-0.48906,81.59,66.7,-14.1527,3,CRITICAL,Estimated remaining life (3d) is critically short.,0.3567,0.4058,0.4296,0.4449,vibration_crest_factor (z=+2.2); vibration_max (z=-1.7); vibration_mean (z=-1.7),2026-08-05 14:29:08.276806
1.22,32.3,4.84,-0.48747,82.88,67.23,-14.1285,3,CRITICAL,Estimated remaining life (3d) is critically short.,0.355,0.4045,0.4286,0.444,vibration_crest_factor (z=+2.0); current_crest_factor (z=+1.9); vibration_max (z=-1.7),2026-08-05 14:29:08.347760
1.2,35.5,4.83,-0.49897,73.58,67.44,-14.1066,3,CRITICAL,Estimated remaining life (3d) is critically short.,0.3543,0.404,0.4281,0.4436,vibration_crest_factor (z=+2.2); vibration_max (z=-1.7); vibration_mean (z=-1.7),2026-08-05 14:29:08.441378
1.04,29.4,4.7,-0.50197,71.16,67.56,-14.1021,3,CRITICAL,Estimated remaining life (3d) is critically short.,0.3539,0.4037,0.4279,0.4434,current_trend_slope (z=+2.7); vibration_crest_factor (z=+2.1); vibration_max (z=-1.7),2026-08-05 14:29:08.522320
1.01,32.7,4.74,-0.51349,61.83,67.37,-14.1216,3,CRITICAL,Estimated remaining life (3d) is critically short.,0.3545,0.4041,0.4283,0.4437,current_trend_slope (z=+3.3); vibration_crest_factor (z=+2.2); vibration_max (z=-1.7),2026-08-05 14:29:08.603029
0.89,34.5,4.29,-0.51115,63.73,67.25,-14.1594,3,CRITICAL,Estimated remaining life (3d) is critically short.,0.3549,0.4045,0.4286,0.444,vibration_crest_factor (z=+2.7); current_trend_slope (z=+2.3); vibration_mean (z=-1.7),2026-08-05 14:29:08.667182
1.17,33.6,4.0,-0.48718,83.11,67.77,-14.1978,3,CRITICAL,Estimated remaining life (3d) is critically short.,0.3533,0.4033,0.4276,0.4432,vibration_crest_factor (z=+1.8); vibration_max (z=-1.7); vibration_mean (z=-1.7),2026-08-05 14:29:08.731309
0.93,33.7,4.38,-0.4962,75.82,68.04,-14.2457,3,CRITICAL,Estimated remaining life (3d) is critically short.,0.3525,0.4028,0.4272,0.4428,vibration_max (z=-1.8); vibration_rms (z=-1.7); vibration_mean (z=-1.7),2026-08-05 14:29:08.801466
1.16,34.2,4.83,-0.51138,63.54,67.89,-14.3056,3,CRITICAL,Estimated remaining life (3d) is critically short.,0.353,0.4032,0.4276,0.4432,vibration_max (z=-1.8); temperature_skew (z=-1.8); vibration_rms (z=-1.7),2026-08-05 14:29:08.868006
1.05,36.2,4.16,-0.51562,60.11,67.63,-14.3739,3,CRITICAL,Estimated remaining life (3d) is critically short.,0.3539,0.4038,0.4281,0.4437,current_trend_slope (z=-1.8); vibration_max (z=-1.8); vibration_std (z=-1.7),2026-08-05 14:29:08.945002
0.94,34.2,4.45,-0.52296,54.18,67.19,-14.4543,3,CRITICAL,Estimated remaining life (3d) is critically short.,0.3553,0.405,0.4291,0.4446,current_trend_slope (z=-2.1); vibration_max (z=-1.8); temperature_skew (z=-1.7),2026-08-05 14:29:09.015016
1.03,29.9,4.26,-0.50307,70.26,67.29,-14.5467,3,CRITICAL,Estimated remaining life (3d) is critically short.,0.3551,0.4048,0.429,0.4446,vibration_std (z=-1.8); current_trend_slope (z=-1.8); vibration_max (z=-1.8),2026-08-05 14:29:09.080463
1.25,35.5,4.87,-0.49979,72.92,67.48,-14.6492,3,CRITICAL,Estimated remaining life (3d) is critically short.,0.3545,0.4045,0.4288,0.4444,vibration_max (z=-1.8); vibration_rms (z=-1.7); vibration_mean (z=-1.7),2026-08-05 14:29:09.153482
1.32,36.3,4.82,-0.52004,56.54,67.12,-14.7624,3,CRITICAL,Estimated remaining life (3d) is critically short.,0.3557,0.4054,0.4296,0.4452,vibration_crest_factor (z=+1.8); vibration_max (z=-1.7); temperature_skew (z=-1.7),2026-08-05 14:29:09.220154
1.05,37.0,4.63,-0.52331,53.89,66.69,-14.8852,3,CRITICAL,Estimated remaining life (3d) is critically short.,0.3572,0.4065,0.4306,0.4461,current_trend_slope (z=+2.2); temperature_skew (z=-1.9); temperature_kurtosis (z=+1.8),2026-08-05 14:29:09.287540
1.02,36.3,4.33,-0.52191,55.02,66.3,-15.0171,3,CRITICAL,Estimated remaining life (3d) is critically short.,0.3584,0.4076,0.4315,0.447,temperature_skew (z=-2.0); vibration_max (z=-1.7); temperature_kurtosis (z=+1.7),2026-08-05 14:29:09.353558
1.15,34.8,4.27,-0.52812,50.0,65.77,-15.1556,3,CRITICAL,Estimated remaining life (3d) is critically short.,0.3602,0.409,0.4328,0.4481,temperature_kurtosis (z=+2.4); temperature_skew (z=-2.4); vibration_current_corr (z=+2.1),2026-08-05 14:29:09.423523
1.26,30.8,4.28,-0.5018,71.29,65.95,-15.292,3,CRITICAL,Estimated remaining life (3d) is critically short.,0.3597,0.4087,0.4326,0.448,temperature_skew (z=-1.8); vibration_max (z=-1.7); vibration_rms (z=-1.7),2026-08-05 14:29:09.488110
1.21,34.4,4.43,-0.49423,77.41,66.33,-15.4184,3,CRITICAL,Estimated remaining life (3d) is critically short.,0.3586,0.4079,0.432,0.4476,temperature_skew (z=-1.8); vibration_max (z=-1.7); vibration_rms (z=-1.6),2026-08-05 14:29:09.555633
1.2,32.3,4.05,-0.49227,79.0,66.74,-15.5385,3,CRITICAL,Estimated remaining life (3d) is critically short.,0.3573,0.407,0.4314,0.447,vibration_max (z=-1.7); current_trend_slope (z=-1.7); vibration_rms (z=-1.6),2026-08-05 14:29:09.623204
1.04,32.5,4.23,-0.50283,70.46,66.86,-15.6539,2,CRITICAL,Estimated remaining life (2d) is critically short.,0.3569,0.4069,0.4313,0.447,current_trend_slope (z=-2.1); vibration_std (z=-1.7); vibration_max (z=-1.7),2026-08-05 14:29:09.691877
1.02,36.4,4.53,-0.50433,69.25,66.94,-15.7781,2,CRITICAL,Estimated remaining life (2d) is critically short.,0.3567,0.4068,0.4313,0.4471,current_trend_slope (z=-2.3); vibration_max (z=-1.7); vibration_std (z=-1.7),2026-08-05 14:29:09.755562
1.23,36.7,4.19,-0.49176,79.41,67.35,-15.901,2,CRITICAL,Estimated remaining life (2d) is critically short.,0.3554,0.4059,0.4306,0.4466,vibration_std (z=-1.7); vibration_max (z=-1.7); current_trend_slope (z=-1.7),2026-08-05 14:29:09.824247
1.21,36.2,4.06,-0.50795,66.32,67.32,-16.0291,2,CRITICAL,Estimated remaining life (2d) is critically short.,0.3556,0.4061,0.4308,0.4468,vibration_std (z=-2.0); vibration_max (z=-1.8); vibration_rms (z=-1.6),2026-08-05 14:29:09.894070
1.08,36.7,4.44,-0.50873,65.68,67.26,-16.1557,2,CRITICAL,Estimated remaining life (2d) is critically short.,0.3558,0.4063,0.4311,0.4471,vibration_std (z=-2.1); vibration_max (z=-1.8); vibration_rms (z=-1.6),2026-08-05 14:29:09.964644
0.94,35.9,4.58,-0.51402,61.4,67.07,-16.2849,2,CRITICAL,Estimated remaining life (2d) is critically short.,0.3564,0.4068,0.4316,0.4476,vibration_current_corr (z=-2.0); vibration_std (z=-1.8); vibration_max (z=-1.8),2026-08-05 14:29:10.051290
1.19,33.6,4.6,-0.5071,67.0,67.07,-16.4148,2,CRITICAL,Estimated remaining life (2d) is critically short.,0.3564,0.4069,0.4317,0.4478,vibration_std (z=-1.8); vibration_max (z=-1.8); vibration_rms (z=-1.6),2026-08-05 14:29:10.125004
1.2,33.1,4.28,-0.50202,71.11,67.2,-16.5489,2,CRITICAL,Estimated remaining life (2d) is critically short.,0.356,0.4067,0.4316,0.4477,vibration_std (z=-1.9); vibration_max (z=-1.8); vibration_rms (z=-1.6),2026-08-05 14:29:10.193757
1.05,31.9,4.11,-0.50504,68.67,67.25,-16.6779,2,CRITICAL,Estimated remaining life (2d) is critically short.,0.3558,0.4067,0.4317,0.4478,vibration_std (z=-1.9); vibration_max (z=-1.8); vibration_rms (z=-1.7),2026-08-05 14:29:10.267852
1.28,33.3,4.73,-0.49285,78.53,67.62,-16.7973,2,CRITICAL,Estimated remaining life (2d) is critically short.,0.3546,0.4059,0.4311,0.4474,vibration_max (z=-1.7); vibration_std (z=-1.7); vibration_rms (z=-1.7),2026-08-05 14:29:10.338276
1.25,29.9,3.82,-0.51841,57.85,67.3,-16.9139,2,CRITICAL,Estimated remaining life (2d) is critically short.,0.3557,0.4067,0.4318,0.4481,temperature_trend_slope (z=-2.6); vibration_max (z=-1.7); vibration_std (z=-1.7),2026-08-05 14:29:10.403126
1.22,32.0,4.28,-0.52098,55.78,66.92,-17.0231,2,CRITICAL,Estimated remaining life (2d) is critically short.,0.3569,0.4077,0.4327,0.4489,temperature_trend_slope (z=-2.6); vibration_std (z=-1.8); vibration_skew (z=-1.8),2026-08-05 14:29:10.478522
1.34,31.9,4.74,-0.51114,63.74,66.82,-17.1238,2,CRITICAL,Estimated remaining life (2d) is critically short.,0.3573,0.4081,0.433,0.4492,temperature_trend_slope (z=-2.3); vibration_max (z=-1.7); current_min (z=-1.6),2026-08-05 14:29:10.550606
1.3,32.7,4.14,-0.50271,70.55,66.94,-17.213,2,CRITICAL,Estimated remaining life (2d) is critically short.,0.357,0.4079,0.4329,0.4492,temperature_trend_slope (z=-1.8); vibration_max (z=-1.7); current_min (z=-1.6),2026-08-05 14:29:10.614152
1.4,32.4,4.45,-0.50306,70.27,67.05,-17.2883,2,CRITICAL,Estimated remaining life (2d) is critically short.,0.3566,0.4077,0.4328,0.4491,vibration_trend_slope (z=+1.7); vibration_max (z=-1.7); temperature_kurtosis (z=+1.6),2026-08-05 14:29:10.691366
1.34,31.4,4.66,-0.52511,52.44,66.57,-17.3624,2,CRITICAL,Estimated remaining life (2d) is critically short.,0.3582,0.4089,0.4339,0.45,temperature_std (z=-2.3); vibration_std (z=-2.0); temperature_max (z=-1.7),2026-08-05 14:29:10.758407
1.53,32.0,4.95,-0.55645,27.08,65.28,-17.446,2,CRITICAL,Estimated remaining life (2d) is critically short.,0.3625,0.4121,0.4365,0.4524,temperature_std (z=-2.5); current_crest_factor (z=+2.4); current_trend_slope (z=+2.3),2026-08-05 14:29:10.877859
1.34,33.6,4.5,-0.55603,27.42,64.03,-17.5473,2,CRITICAL,Estimated remaining life (2d) is critically short.,0.3666,0.4151,0.4391,0.4547,temperature_std (z=-2.4); current_crest_factor (z=+2.2); current_trend_slope (z=+2.1),2026-08-05 14:29:10.952610
1.13,31.1,4.57,-0.52819,49.94,63.57,-17.6571,2,CRITICAL,Estimated remaining life (2d) is critically short.,0.3683,0.4164,0.4402,0.4557,temperature_std (z=-2.3); vibration_std (z=-1.8); temperature_max (z=-1.7),2026-08-05 14:29:11.021843
1.16,33.4,4.83,-0.52721,50.74,63.15,-17.7782,2,CRITICAL,Estimated remaining life (2d) is critically short.,0.3698,0.4176,0.4412,0.4566,current_trend_slope (z=+2.9); temperature_std (z=-2.3); current_std (z=+1.8),2026-08-05 14:29:11.087425
1.06,33.9,4.0,-0.50159,71.46,63.42,-17.8978,2,CRITICAL,Estimated remaining life (2d) is critically short.,0.369,0.4171,0.4409,0.4564,temperature_std (z=-2.5); temperature_max (z=-1.7); temperature_rms (z=-1.6),2026-08-05 14:29:11.162183
1.11,32.7,4.38,-0.50091,72.01,63.71,-18.0155,2,CRITICAL,Estimated remaining life (2d) is critically short.,0.3682,0.4166,0.4405,0.4561,temperature_std (z=-2.6); temperature_max (z=-1.7); vibration_trend_slope (z=-1.6),2026-08-05 14:29:11.241916
1.01,31.2,4.41,-0.50795,66.32,63.79,-18.1347,2,CRITICAL,Estimated remaining life (2d) is critically short.,0.3681,0.4166,0.4405,0.4562,temperature_std (z=-2.4); vibration_trend_slope (z=-2.1); vibration_crest_factor (z=+1.9),2026-08-05 14:29:11.306617
1.03,34.8,4.36,-0.5112,63.69,63.79,-18.2663,2,CRITICAL,Estimated remaining life (2d) is critically short.,0.3682,0.4167,0.4408,0.4564,vibration_trend_slope (z=-2.4); vibration_crest_factor (z=+2.3); temperature_std (z=-2.0),2026-08-05 14:29:11.369882
1.12,32.7,4.44,-0.52491,52.6,63.42,-18.4173,2,CRITICAL,Estimated remaining life (2d) is critically short.,0.3695,0.4178,0.4417,0.4573,vibration_crest_factor (z=+2.8); vibration_current_corr (z=+2.2); vibration_trend_slope (z=-2.1),2026-08-05 14:29:11.436024
1.1,31.8,4.4,-0.54865,33.39,62.44,-18.5859,2,CRITICAL,Estimated remaining life (2d) is critically short.,0.3729,0.4203,0.4439,0.4593,vibration_crest_factor (z=+3.2); vibration_skew (z=+2.4); vibration_current_corr (z=+2.1),2026-08-05 14:29:11.502566
1.17,24.7,4.37,-0.57262,14.01,60.85,-18.7835,2,CRITICAL,Estimated remaining life (2d) is critically short.,0.3783,0.4244,0.4473,0.4623,temperature_kurtosis (z=+4.1); temperature_skew (z=-3.2); vibration_kurtosis (z=+2.3),2026-08-05 14:29:11.568801
1.04,33.3,4.38,-0.56115,23.28,59.62,-18.9916,2,CRITICAL,Estimated remaining life (2d) is critically short.,0.3826,0.4276,0.4501,0.4648,temperature_kurtosis (z=+4.1); temperature_skew (z=-3.2); vibration_std (z=-2.9),2026-08-05 14:29:11.634496
1.09,35.0,4.0,-0.55621,27.28,58.56,-19.2107,2,CRITICAL,Estimated remaining life (2d) is critically short.,0.3864,0.4305,0.4525,0.467,temperature_kurtosis (z=+4.3); temperature_skew (z=-3.3); vibration_std (z=-2.9),2026-08-05 14:29:11.700529
1.37,34.4,3.94,-0.58269,5.86,56.83,-19.4559,1,CRITICAL,Estimated remaining life (1d) is critically short.,0.3924,0.435,0.4563,0.4704,temperature_kurtosis (z=+4.1); vibration_kurtosis (z=+3.6); temperature_skew (z=-3.2),2026-08-05 14:29:11.769626
1.1,33.3,4.02,-0.58929,0.52,54.98,-19.7263,1,CRITICAL,Estimated remaining life (1d) is critically short.,0.399,0.4399,0.4605,0.4741,temperature_kurtosis (z=+4.1); vibration_kurtosis (z=+3.6); temperature_skew (z=-3.2),2026-08-05 14:29:11.835392
1.24,32.4,4.25,-0.56241,22.26,53.91,-20.0045,1,CRITICAL,Estimated remaining life (1d) is critically short.,0.4031,0.4429,0.4631,0.4765,temperature_kurtosis (z=+4.1); temperature_skew (z=-3.2); vibration_skew (z=+1.9),2026-08-05 14:29:11.902622
1.39,32.5,3.89,-0.55333,29.61,53.11,-20.2883,1,CRITICAL,Estimated remaining life (1d) is critically short.,0.4062,0.4454,0.4652,0.4784,temperature_kurtosis (z=+4.8); temperature_skew (z=-3.5); current_trend_slope (z=-2.1),2026-08-05 14:29:11.970207
1.36,29.2,3.95,-0.5391,41.12,52.72,-20.5701,1,CRITICAL,Estimated remaining life (1d) is critically short.,0.4081,0.4468,0.4665,0.4796,temperature_skew (z=-2.7); temperature_kurtosis (z=+2.7); current_trend_slope (z=-2.2),2026-08-05 14:29:12.040761
0.98,31.5,3.86,-0.53093,47.73,52.56,-20.8499,1,CRITICAL,Estimated remaining life (1d) is critically short.,0.4092,0.4477,0.4673,0.4804,temperature_skew (z=-2.5); temperature_kurtosis (z=+2.4); current_trend_slope (z=-2.2),2026-08-05 14:29:12.104723
1.09,32.2,4.12,-0.52154,55.33,52.65,-21.1234,1,CRITICAL,Estimated remaining life (1d) is critically short.,0.4095,0.448,0.4677,0.4808,temperature_skew (z=-2.6); temperature_kurtosis (z=+2.5); temperature_min (z=-1.8),2026-08-05 14:29:12.169429
1.27,33.2,4.19,-0.49647,75.61,53.4,-21.3825,1,CRITICAL,Estimated remaining life (1d) is critically short.,0.4075,0.4467,0.4667,0.48,current_max (z=-1.7); current_rms (z=-1.7); current_mean (z=-1.7),2026-08-05 14:29:12.255934
1.27,31.5,3.72,-0.49733,74.91,54.11,-21.6222,1,CRITICAL,Estimated remaining life (1d) is critically short.,0.4057,0.4455,0.4658,0.4793,current_max (z=-1.8); current_rms (z=-1.7); current_mean (z=-1.7),2026-08-05 14:29:12.329340
1.12,35.1,4.54,-0.50985,64.78,54.46,-21.8517,1,CRITICAL,Estimated remaining life (1d) is critically short.,0.405,0.4451,0.4655,0.4792,current_crest_factor (z=+2.5); current_mean (z=-1.7); current_rms (z=-1.7),2026-08-05 14:29:12.397849
1.14,32.0,4.32,-0.5013,71.7,55.02,-22.0657,1,CRITICAL,Estimated remaining life (1d) is critically short.,0.4036,0.4442,0.4648,0.4786,current_crest_factor (z=+2.0); current_min (z=-1.7); current_mean (z=-1.7),2026-08-05 14:29:12.479340
1.23,38.6,3.99,-0.53066,47.94,54.79,-22.2739,1,CRITICAL,Estimated remaining life (1d) is critically short.,0.4047,0.4451,0.4657,0.4794,temperature_crest_factor (z=+3.3); temperature_kurtosis (z=+2.1); current_crest_factor (z=+2.1),2026-08-05 14:29:12.544886
0.96,38.1,4.07,-0.52991,48.56,54.58,-22.4773,1,CRITICAL,Estimated remaining life (1d) is critically short.,0.4058,0.446,0.4664,0.4801,temperature_trend_slope (z=+2.8); temperature_crest_factor (z=+2.6); current_crest_factor (z=+2.3),2026-08-05 14:29:12.610454
1.1,37.7,4.17,-0.52807,50.04,54.44,-22.6771,1,CRITICAL,Estimated remaining life (1d) is critically short.,0.4066,0.4467,0.4671,0.4807,temperature_trend_slope (z=+3.4); temperature_crest_factor (z=+2.1); current_crest_factor (z=+2.0),2026-08-05 14:29:12.682015
1.1,37.8,4.18,-0.51707,58.94,54.58,-22.8712,1,CRITICAL,Estimated remaining life (1d) is critically short.,0.4065,0.4467,0.4672,0.4809,temperature_trend_slope (z=+3.0); vibration_std (z=-1.8); vibration_max (z=-1.8),2026-08-05 14:29:12.751423
0.95,34.7,4.52,-0.51455,60.97,54.79,-23.055,1,CRITICAL,Estimated remaining life (1d) is critically short.,0.4062,0.4465,0.4671,0.4809,temperature_trend_slope (z=+2.2); vibration_max (z=-1.8); current_min (z=-1.7),2026-08-05 14:29:12.819791
1.12,33.4,5.11,-0.55109,31.42,54.03,-23.2416,1,CRITICAL,Estimated remaining life (1d) is critically short.,0.409,0.4486,0.4689,0.4825,current_crest_factor (z=+5.4); current_trend_slope (z=+2.7); current_std (z=+2.4),2026-08-05 14:29:12.885180
0.91,31.5,4.65,-0.54607,35.48,53.42,-23.4269,1,CRITICAL,Estimated remaining life (1d) is critically short.,0.4114,0.4504,0.4704,0.4838,current_crest_factor (z=+4.8); current_trend_slope (z=+3.2); current_std (z=+2.7),2026-08-05 14:29:12.952389
0.8,34.0,4.07,-0.5352,44.28,53.12,-23.6076,1,CRITICAL,Estimated remaining life (1d) is critically short.,0.4127,0.4514,0.4712,0.4846,current_crest_factor (z=+4.5); current_std (z=+1.9); vibration_max (z=-1.8),2026-08-05 14:29:13.019316
1.08,35.4,4.66,-0.53431,45.0,52.85,-23.7839,1,CRITICAL,Estimated remaining life (1d) is critically short.,0.4139,0.4523,0.4721,0.4854,current_crest_factor (z=+4.3); current_trend_slope (z=+2.2); current_std (z=+2.0),2026-08-05 14:29:13.101683
1.18,35.4,4.57,-0.53244,46.5,52.64,-23.9557,1,CRITICAL,Estimated remaining life (1d) is critically short.,0.4149,0.4531,0.4728,0.486,current_crest_factor (z=+4.1); current_trend_slope (z=+2.5); current_std (z=+2.1),2026-08-05 14:29:13.168806
0.97,36.2,4.2,-0.52537,52.23,52.63,-24.1207,1,CRITICAL,Estimated remaining life (1d) is critically short.,0.4153,0.4535,0.4731,0.4864,current_crest_factor (z=+3.8); vibration_max (z=-1.8); current_std (z=+1.7),2026-08-05 14:29:13.237692
1.23,35.5,4.43,-0.51015,64.53,53.02,-24.2686,1,CRITICAL,Estimated remaining life (1d) is critically short.,0.4144,0.4529,0.4727,0.486,current_crest_factor (z=+3.5); vibration_max (z=-1.8); vibration_rms (z=-1.7),2026-08-05 14:29:13.305083
0.88,33.6,4.52,-0.50566,68.17,53.52,-24.3989,1,CRITICAL,Estimated remaining life (1d) is critically short.,0.4132,0.452,0.472,0.4855,current_crest_factor (z=+3.1); vibration_max (z=-1.8); vibration_rms (z=-1.7),2026-08-05 14:29:13.399020
1.0,33.5,4.28,-0.51775,58.39,53.68,-24.519,1,CRITICAL,Estimated remaining life (1d) is critically short.,0.413,0.4519,0.4719,0.4854,current_crest_factor (z=+3.0); vibration_max (z=-1.8); temperature_std (z=-1.8),2026-08-05 14:29:13.469669
0.82,31.5,4.46,-0.5147,60.85,53.91,-24.633,1,CRITICAL,Estimated remaining life (1d) is critically short.,0.4125,0.4516,0.4717,0.4853,current_crest_factor (z=+3.1); vibration_crest_factor (z=+1.8); vibration_max (z=-1.8),2026-08-05 14:29:13.539612
0.93,31.6,3.91,-0.49745,74.81,54.6,-24.7388,1,CRITICAL,Estimated remaining life (1d) is critically short.,0.4106,0.4502,0.4706,0.4844,vibration_crest_factor (z=+2.2); vibration_max (z=-1.8); vibration_rms (z=-1.8),2026-08-05 14:29:13.607375
1.2,28.6,4.22,-0.50984,64.79,54.93,-24.8424,1,CRITICAL,Estimated remaining life (1d) is critically short.,0.4098,0.4497,0.4702,0.484,temperature_trend_slope (z=-2.4); vibration_max (z=-1.8); vibration_mean (z=-1.7),2026-08-05 14:29:13.675998
1.22,33.1,4.29,-0.51022,64.48,55.24,-24.9512,1,CRITICAL,Estimated remaining life (1d) is critically short.,0.409,0.4492,0.4698,0.4837,temperature_trend_slope (z=-2.3); vibration_max (z=-1.8); current_trend_slope (z=-1.7),2026-08-05 14:29:13.746983
1.08,31.1,4.15,-0.50868,65.73,55.59,-25.0543,1,CRITICAL,Estimated remaining life (1d) is critically short.,0.4082,0.4486,0.4694,0.4834,temperature_trend_slope (z=-2.3); vibration_max (z=-1.8); vibration_rms (z=-1.7),2026-08-05 14:29:13.815029
1.04,33.6,4.21,-0.49326,78.2,56.33,-25.1408,1,CRITICAL,Estimated remaining life (1d) is critically short.,0.406,0.4471,0.4682,0.4823,vibration_max (z=-1.8); vibration_rms (z=-1.7); vibration_mean (z=-1.7),2026-08-05 14:29:13.885369
1.12,34.3,4.62,-0.48334,86.23,57.31,-25.2071,1,CRITICAL,Estimated remaining life (1d) is critically short.,0.4032,0.4451,0.4665,0.4809,vibration_max (z=-1.8); vibration_rms (z=-1.7); vibration_mean (z=-1.7),2026-08-05 14:29:13.953575
1.12,35.5,4.21,-0.49163,79.52,58.04,-25.26,1,CRITICAL,Estimated remaining life (1d) is critically short.,0.401,0.4436,0.4653,0.4799,vibration_max (z=-1.8); vibration_rms (z=-1.7); vibration_mean (z=-1.7),2026-08-05 14:29:14.017476
1.22,32.3,4.46,-0.50134,71.67,58.48,-25.2999,1,CRITICAL,Estimated remaining life (1d) is critically short.,0.3997,0.4426,0.4646,0.4792,vibration_max (z=-1.8); vibration_rms (z=-1.7); vibration_mean (z=-1.7),2026-08-05 14:29:14.086540
1.06,31.6,3.93,-0.49171,79.46,59.17,-25.325,1,CRITICAL,Estimated remaining life (1d) is critically short.,0.3977,0.4412,0.4634,0.4782,vibration_max (z=-1.8); vibration_rms (z=-1.7); vibration_mean (z=-1.7),2026-08-05 14:29:14.154509
1.17,28.2,4.21,-0.51131,63.6,59.32,-25.3521,1,CRITICAL,Estimated remaining life (1d) is critically short.,0.3973,0.4409,0.4631,0.478,vibration_std (z=-2.1); vibration_current_corr (z=+1.9); vibration_max (z=-1.8),2026-08-05 14:29:14.221296
1.25,31.7,4.15,-0.50047,72.37,59.75,-25.3665,1,CRITICAL,Estimated remaining life (1d) is critically short.,0.396,0.44,0.4624,0.4774,vibration_std (z=-2.5); vibration_max (z=-1.8); temperature_max (z=-1.6),2026-08-05 14:29:14.286782
1.23,33.3,4.34,-0.50586,68.01,60.02,-25.3797,1,CRITICAL,Estimated remaining life (1d) is critically short.,0.3952,0.4394,0.4619,0.477,vibration_std (z=-2.4); vibration_max (z=-1.8); temperature_max (z=-1.6),2026-08-05 14:29:14.351529
1.08,32.3,4.68,-0.49347,78.03,60.61,-25.3884,1,CRITICAL,Estimated remaining life (1d) is critically short.,0.3934,0.4381,0.4609,0.4761,vibration_std (z=-2.5); vibration_max (z=-1.8); temperature_max (z=-1.6),2026-08-05 14:29:14.431935
1.34,34.0,4.45,-0.49115,79.91,61.24,-25.395,1,CRITICAL,Estimated remaining life (1d) is critically short.,0.3915,0.4367,0.4597,0.4751,vibration_std (z=-2.0); vibration_max (z=-1.7); temperature_max (z=-1.6),2026-08-05 14:29:14.507758
1.29,35.4,4.46,-0.48609,84.0,61.99,-25.3923,1,CRITICAL,Estimated remaining life (1d) is critically short.,0.3893,0.4351,0.4584,0.4739,vibration_std (z=-2.1); vibration_max (z=-1.7); temperature_max (z=-1.6),2026-08-05 14:29:14.587571
0.86,29.8,4.06,-0.49267,78.68,62.53,-25.3743,1,CRITICAL,Estimated remaining life (1d) is critically short.,0.3876,0.4339,0.4574,0.473,vibration_max (z=-1.7); temperature_max (z=-1.6); temperature_min (z=-1.6),2026-08-05 14:29:14.656084
1.33,28.9,4.09,-0.48959,81.17,63.14,-25.3457,1,CRITICAL,Estimated remaining life (1d) is critically short.,0.3857,0.4325,0.4562,0.472,vibration_skew (z=-1.8); vibration_max (z=-1.7); temperature_max (z=-1.7),2026-08-05 14:29:14.719817
1.19,29.7,4.33,-0.49197,79.24,63.67,-25.3051,1,CRITICAL,Estimated remaining life (1d) is critically short.,0.3841,0.4313,0.4552,0.4711,vibration_max (z=-1.7); temperature_crest_factor (z=+1.7); vibration_skew (z=-1.7),2026-08-05 14:29:14.785499
1.17,34.5,4.03,-0.50262,70.63,63.9,-25.2672,1,CRITICAL,Estimated remaining life (1d) is critically short.,0.3833,0.4307,0.4547,0.4707,vibration_skew (z=-2.2); vibration_kurtosis (z=+2.1); vibration_max (z=-1.7),2026-08-05 14:29:14.857522
1.27,34.4,3.84,-0.5178,58.35,63.72,-25.2365,1,CRITICAL,Estimated remaining life (1d) is critically short.,0.3838,0.4311,0.455,0.4709,vibration_skew (z=-2.4); vibration_kurtosis (z=+2.4); current_trend_slope (z=-1.9),2026-08-05 14:29:14.924061
1.11,33.7,4.25,-0.50662,67.39,63.84,-25.2017,1,CRITICAL,Estimated remaining life (1d) is critically short.,0.3834,0.4308,0.4547,0.4707,current_trend_slope (z=-2.1); vibration_skew (z=-1.9); vibration_max (z=-1.7),2026-08-05 14:29:14.986519
0.98,33.9,4.22,-0.49279,78.58,64.32,-25.1576,1,CRITICAL,Estimated remaining life (1d) is critically short.,0.3819,0.4296,0.4538,0.4698,current_trend_slope (z=-2.0); current_crest_factor (z=+1.7); vibration_max (z=-1.7),2026-08-05 14:29:15.053328
0.9,33.3,4.26,-0.49392,77.66,64.76,-25.1075,1,CRITICAL,Estimated remaining life (1d) is critically short.,0.3806,0.4286,0.4529,0.4691,vibration_max (z=-1.7); current_max (z=-1.7); temperature_max (z=-1.7),2026-08-05 14:29:15.121699
0.87,33.6,4.28,-0.49807,74.31,65.07,-25.0511,1,CRITICAL,Estimated remaining life (1d) is critically short.,0.3796,0.4279,0.4523,0.4685,vibration_max (z=-1.7); current_max (z=-1.7); vibration_mean (z=-1.7),2026-08-05 14:29:15.187267
1.26,32.9,4.56,-0.50228,70.9,65.26,-24.9926,1,CRITICAL,Estimated remaining life (1d) is critically short.,0.3789,0.4274,0.4518,0.4681,vibration_max (z=-1.7); temperature_max (z=-1.7); temperature_trend_slope (z=+1.7),2026-08-05 14:29:15.252255
0.99,35.4,4.48,-0.51305,62.19,65.16,-24.9379,1,CRITICAL,Estimated remaining life (1d) is critically short.,0.3792,0.4275,0.4519,0.4681,temperature_skew (z=-2.0); current_trend_slope (z=+1.7); vibration_max (z=-1.7),2026-08-05 14:29:15.319506
1.2,34.8,4.61,-0.53618,43.48,64.45,-24.9127,1,CRITICAL,Estimated remaining life (1d) is critically short.,0.3813,0.429,0.4532,0.4692,temperature_kurtosis (z=+3.4); temperature_skew (z=-2.8); current_trend_slope (z=+2.1),2026-08-05 14:29:15.384577
1.26,33.5,4.15,-0.51897,57.4,64.22,-24.9037,1,CRITICAL,Estimated remaining life (1d) is critically short.,0.382,0.4295,0.4536,0.4696,temperature_std (z=-2.9); current_trend_slope (z=+2.0); vibration_max (z=-1.8),2026-08-05 14:29:15.452485
1.11,32.6,4.52,-0.51723,58.81,64.04,-24.9076,1,CRITICAL,Estimated remaining life (1d) is critically short.,0.3825,0.4299,0.4539,0.4699,temperature_std (z=-2.7); current_trend_slope (z=+1.9); vibration_max (z=-1.8),2026-08-05 14:29:15.563170
0.78,34.6,4.28,-0.50715,66.96,64.14,-24.9129,1,CRITICAL,Estimated remaining life (1d) is critically short.,0.3822,0.4297,0.4538,0.4697,temperature_std (z=-2.7); vibration_max (z=-1.8); vibration_mean (z=-1.7),2026-08-05 14:29:15.638315
0.82,37.2,4.59,-0.50248,70.74,64.36,-24.9205,1,CRITICAL,Estimated remaining life (1d) is critically short.,0.3816,0.4293,0.4534,0.4694,vibration_crest_factor (z=+1.9); temperature_std (z=-1.8); vibration_max (z=-1.8),2026-08-05 14:29:15.706944
0.77,37.0,4.08,-0.50275,70.52,64.56,-24.9308,1,CRITICAL,Estimated remaining life (1d) is critically short.,0.381,0.4288,0.453,0.4691,vibration_crest_factor (z=+2.2); vibration_max (z=-1.8); vibration_mean (z=-1.7),2026-08-05 14:29:15.773692
0.99,31.4,3.93,-0.48904,81.61,65.12,-24.9448,1,CRITICAL,Estimated remaining life (1d) is critically short.,0.3793,0.4276,0.452,0.4682,vibration_crest_factor (z=+2.0); vibration_max (z=-1.8); vibration_mean (z=-1.7),2026-08-05 14:29:15.873900
0.8,29.8,3.93,-0.52177,55.14,64.79,-24.9886,1,CRITICAL,Estimated remaining life (1d) is critically short.,0.3803,0.4284,0.4527,0.4688,current_trend_slope (z=-2.6); vibration_trend_slope (z=-2.2); vibration_crest_factor (z=+2.1),2026-08-05 14:29:15.941534
0.93,34.3,3.96,-0.52907,49.23,64.28,-25.0533,1,CRITICAL,Estimated remaining life (1d) is critically short.,0.3819,0.4295,0.4537,0.4697,vibration_crest_factor (z=+2.9); current_trend_slope (z=-2.7); vibration_mean (z=-1.8),2026-08-05 14:29:16.010951
0.73,33.8,4.44,-0.52304,54.11,63.95,-25.1389,1,CRITICAL,Estimated remaining life (1d) is critically short.,0.3829,0.4303,0.4544,0.4704,vibration_crest_factor (z=+3.4); vibration_trend_slope (z=-2.1); vibration_mean (z=-1.8),2026-08-05 14:29:16.077055
0.9,37.3,4.25,-0.51451,61.01,63.85,-25.2167,1,CRITICAL,Estimated remaining life (1d) is critically short.,0.3832,0.4306,0.4547,0.4706,vibration_crest_factor (z=+4.1); vibration_mean (z=-1.8); vibration_rms (z=-1.8),2026-08-05 14:29:16.143648
0.99,33.9,4.19,-0.49489,76.88,64.28,-25.3268,1,CRITICAL,Estimated remaining life (1d) is critically short.,0.3819,0.4298,0.454,0.4701,vibration_crest_factor (z=+2.3); vibration_max (z=-1.9); vibration_rms (z=-1.8),2026-08-05 14:29:16.214233
1.07,35.0,4.45,-0.49287,78.51,64.74,-25.4673,1,CRITICAL,Estimated remaining life (1d) is critically short.,0.3805,0.4288,0.4533,0.4696,vibration_max (z=-1.9); vibration_rms (z=-1.8); vibration_mean (z=-1.8),2026-08-05 14:29:16.281963
0.98,37.5,3.94,-0.50298,70.34,64.93,-25.6418,1,CRITICAL,Estimated remaining life (1d) is critically short.,0.3798,0.4285,0.4531,0.4695,vibration_max (z=-1.9); vibration_rms (z=-1.8); vibration_mean (z=-1.8),2026-08-05 14:29:16.371282
0.86,34.3,4.19,-0.51098,63.86,64.89,-25.8526,1,CRITICAL,Estimated remaining life (1d) is critically short.,0.3798,0.4286,0.4533,0.4698,vibration_max (z=-1.9); vibration_rms (z=-1.8); vibration_mean (z=-1.8),2026-08-05 14:29:16.469835
1.03,33.8,4.39,-0.51492,60.68,64.75,-26.1002,1,CRITICAL,Estimated remaining life (1d) is critically short.,0.38,0.4289,0.4537,0.4703,vibration_max (z=-1.9); vibration_std (z=-1.8); vibration_rms (z=-1.8),2026-08-05 14:29:16.535901
1.03,35.0,4.15,-0.51078,64.03,64.73,-26.382,1,CRITICAL,Estimated remaining life (1d) is critically short.,0.3797,0.4289,0.4539,0.4706,vibration_max (z=-1.9); vibration_rms (z=-1.8); vibration_mean (z=-1.8),2026-08-05 14:29:16.599896
1.06,35.9,4.23,-0.51579,59.97,64.57,-26.6989,1,CRITICAL,Estimated remaining life (1d) is critically short.,0.3796,0.4292,0.4544,0.4712,vibration_max (z=-1.9); vibration_std (z=-1.8); vibration_rms (z=-1.8),2026-08-05 14:29:16.675297
0.94,33.5,3.85,-0.51937,57.08,64.33,-27.0515,1,CRITICAL,Estimated remaining life (1d) is critically short.,0.3798,0.4296,0.455,0.4719,vibration_max (z=-1.9); vibration_std (z=-1.8); vibration_rms (z=-1.8),2026-08-05 14:29:16.748199
0.87,32.2,4.21,-0.51497,60.64,64.21,-27.4369,1,CRITICAL,Estimated remaining life (1d) is critically short.,0.3794,0.4296,0.4553,0.4725,vibration_std (z=-2.4); vibration_max (z=-1.9); vibration_rms (z=-1.8),2026-08-05 14:29:16.819598
1.1,34.5,4.4,-0.51935,57.09,63.97,-27.856,1,CRITICAL,Estimated remaining life (1d) is critically short.,0.3791,0.4299,0.4559,0.4733,vibration_std (z=-2.3); vibration_max (z=-1.9); vibration_rms (z=-1.7),2026-08-05 14:29:16.891132
1.3,33.4,4.24,-0.52582,51.86,63.58,-28.2698,1,CRITICAL,Estimated remaining life (1d) is critically short.,0.3795,0.4305,0.4568,0.4743,vibration_crest_factor (z=+2.5); vibration_max (z=-1.7); vibration_rms (z=-1.7),2026-08-05 14:29:16.959895
1.19,32.3,4.34,-0.52239,54.63,63.28,-28.6823,1,CRITICAL,Estimated remaining life (1d) is critically short.,0.3795,0.431,0.4575,0.4753,vibration_crest_factor (z=+2.2); vibration_max (z=-1.7); current_max (z=-1.7),2026-08-05 14:29:17.033747
1.08,36.8,4.12,-0.52336,53.86,62.97,-29.0872,1,CRITICAL,Estimated remaining life (1d) is critically short.,0.3796,0.4315,0.4582,0.4762,vibration_crest_factor (z=+2.0); vibration_max (z=-1.7); current_max (z=-1.7),2026-08-05 14:29:17.100734
0.86,36.5,4.1,-0.51277,62.42,62.96,-29.4802,1,CRITICAL,Estimated remaining life (1d) is critically short.,0.3788,0.4313,0.4584,0.4767,vibration_crest_factor (z=+2.0); vibration_max (z=-1.7); current_max (z=-1.7),2026-08-05 14:29:17.165001
1.08,32.0,3.74,-0.49873,73.78,63.31,-29.849,1,CRITICAL,Estimated remaining life (1d) is critically short.,0.3768,0.4302,0.4579,0.4765,vibration_crest_factor (z=+1.9); vibration_max (z=-1.7); current_max (z=-1.7),2026-08-05 14:29:17.232933
1.24,33.0,3.7,-0.49978,72.93,63.63,-30.1955,1,CRITICAL,Estimated remaining life (1d) is critically short.,0.375,0.4293,0.4574,0.4764,vibration_max (z=-1.7); current_max (z=-1.7); current_min (z=-1.7),2026-08-05 14:29:17.304209
1.13,36.8,4.05,-0.49945,73.19,63.94,-30.519,1,CRITICAL,Estimated remaining life (1d) is critically short.,0.3732,0.4284,0.4569,0.4762,vibration_max (z=-1.7); current_max (z=-1.7); current_min (z=-1.7),2026-08-05 14:29:17.384945
0.91,35.1,3.98,-0.49743,74.82,64.3,-30.823,1,CRITICAL,Estimated remaining life (1d) is critically short.,0.3714,0.4273,0.4563,0.4759,current_trend_slope (z=-2.1); vibration_max (z=-1.7); current_max (z=-1.7),2026-08-05 14:29:17.456758
0.81,37.3,4.52,-0.49404,77.57,64.73,-31.1024,1,CRITICAL,Estimated remaining life (1d) is critically short.,0.3693,0.4261,0.4556,0.4755,vibration_max (z=-1.7); current_min (z=-1.7); vibration_mean (z=-1.7),2026-08-05 14:29:17.518059
1.18,31.7,4.43,-0.48932,81.39,65.28,-31.3567,1,CRITICAL,Estimated remaining life (1d) is critically short.,0.3668,0.4246,0.4545,0.4748,vibration_max (z=-1.7); current_min (z=-1.7); vibration_mean (z=-1.7),2026-08-05 14:29:17.594864
0.87,34.8,4.65,-0.51893,57.44,65.02,-31.6044,1,CRITICAL,Estimated remaining life (1d) is critically short.,0.3672,0.4251,0.4552,0.4756,current_crest_factor (z=+2.2); current_trend_slope (z=+1.8); vibration_max (z=-1.8),2026-08-05 14:29:17.673538
0.89,33.7,3.91,-0.52772,50.32,64.54,-31.8587,1,CRITICAL,Estimated remaining life (1d) is critically short.,0.3683,0.4262,0.4564,0.4768,current_crest_factor (z=+2.7); vibration_crest_factor (z=+1.8); current_trend_slope (z=+1.8),2026-08-05 14:29:17.738386
1.36,37.8,4.07,-0.52465,52.81,64.15,-32.1125,1,CRITICAL,Estimated remaining life (1d) is critically short.,0.3691,0.4271,0.4573,0.4778,vibration_crest_factor (z=+3.0); current_crest_factor (z=+2.8); vibration_mean (z=-1.7),2026-08-05 14:29:17.826408
0.83,34.0,4.18,-0.5278,50.26,63.7,-32.3697,1,CRITICAL,Estimated remaining life (1d) is critically short.,0.3702,0.4282,0.4585,0.479,vibration_crest_factor (z=+3.1); current_crest_factor (z=+2.7); current_trend_slope (z=+1.8),2026-08-05 14:29:17.909477
1.11,35.4,4.28,-0.50507,68.65,63.86,-32.6182,1,CRITICAL,Estimated remaining life (1d) is critically short.,0.3692,0.4277,0.4583,0.479,vibration_max (z=-1.8); vibration_rms (z=-1.7); vibration_mean (z=-1.7),2026-08-05 14:29:18.101039
1.16,33.1,4.24,-0.50675,67.29,63.97,-32.8608,1,CRITICAL,Estimated remaining life (1d) is critically short.,0.3683,0.4273,0.4582,0.4792,vibration_max (z=-1.8); vibration_skew (z=-1.8); vibration_min (z=-1.7),2026-08-05 14:29:18.181137
1.31,31.7,4.03,-0.49255,78.77,64.46,-33.0905,1,CRITICAL,Estimated remaining life (1d) is critically short.,0.366,0.4259,0.4573,0.4786,vibration_current_corr (z=-2.1); vibration_max (z=-1.7); vibration_min (z=-1.7),2026-08-05 14:29:18.250160
1.2,33.7,4.21,-0.50276,70.52,64.66,-33.3109,1,CRITICAL,Estimated remaining life (1d) is critically short.,0.3648,0.4253,0.457,0.4785,vibration_current_corr (z=-2.3); current_trend_slope (z=-1.9); vibration_max (z=-1.7),2026-08-05 14:29:18.331913
1.0,32.5,4.07,-0.50489,68.79,64.79,-33.5263,1,CRITICAL,Estimated remaining life (1d) is critically short.,0.3639,0.4248,0.4568,0.4785,current_trend_slope (z=-2.6); vibration_current_corr (z=-1.9); vibration_max (z=-1.7),2026-08-05 14:29:18.430266
0.78,32.6,4.29,-0.50549,68.31,64.91,-33.754,1,CRITICAL,Estimated remaining life (1d) is critically short.,0.3629,0.4244,0.4567,0.4786,current_trend_slope (z=-2.6); vibration_crest_factor (z=+2.1); temperature_crest_factor (z=+1.9),2026-08-05 14:29:18.510786
0.94,30.8,4.32,-0.50156,71.48,65.12,-34.0042,1,CRITICAL,Estimated remaining life (1d) is critically short.,0.3613,0.4236,0.4563,0.4785,vibration_crest_factor (z=+2.2); current_trend_slope (z=-1.8); vibration_max (z=-1.7),2026-08-05 14:29:18.585432
1.15,34.2,3.76,-0.50223,70.94,65.31,-34.2675,1,CRITICAL,Estimated remaining life (1d) is critically short.,0.3598,0.4228,0.4559,0.4785,current_trend_slope (z=-2.2); current_crest_factor (z=+2.2); vibration_max (z=-1.7),2026-08-05 14:29:18.652546
1.1,31.9,4.0,-0.50701,67.08,65.37,-34.5354,1,CRITICAL,Estimated remaining life (1d) is critically short.,0.3586,0.4223,0.4559,0.4787,vibration_max (z=-1.7); current_max (z=-1.7); vibration_min (z=-1.7),2026-08-05 14:29:18.718771
0.98,36.0,4.24,-0.51231,62.79,65.29,-34.8068,1,CRITICAL,Estimated remaining life (1d) is critically short.,0.3579,0.4222,0.4561,0.4792,current_skew (z=-1.8); current_max (z=-1.8); vibration_max (z=-1.7),2026-08-05 14:29:18.786263
0.76,31.2,4.28,-0.521,55.76,64.98,-35.0838,1,CRITICAL,Estimated remaining life (1d) is critically short.,0.3581,0.4228,0.4569,0.4802,vibration_crest_factor (z=+2.2); current_skew (z=-1.8); current_max (z=-1.8),2026-08-05 14:29:18.852641
1.18,34.3,4.68,-0.50751,66.68,65.03,-35.3633,1,CRITICAL,Estimated remaining life (1d) is critically short.,0.3568,0.4222,0.4568,0.4804,current_crest_factor (z=+2.3); vibration_crest_factor (z=+2.2); vibration_max (z=-1.7),2026-08-05 14:29:18.930229
1.09,32.7,4.57,-0.50434,69.23,65.17,-35.6405,1,CRITICAL,Estimated remaining life (1d) is critically short.,0.3551,0.4215,0.4566,0.4805,vibration_max (z=-1.8); vibration_mean (z=-1.7); vibration_rms (z=-1.7),2026-08-05 14:29:19.014381
0.95,30.9,4.22,-0.50098,71.95,65.39,-35.9176,1,CRITICAL,Estimated remaining life (1d) is critically short.,0.353,0.4204,0.4561,0.4804,vibration_max (z=-1.8); vibration_rms (z=-1.7); vibration_mean (z=-1.7),2026-08-05 14:29:19.087227
1.0,36.5,4.34,-0.49872,73.79,65.67,-36.1955,1,CRITICAL,Estimated remaining life (1d) is critically short.,0.3507,0.4191,0.4554,0.4802,vibration_max (z=-1.8); vibration_rms (z=-1.7); vibration_mean (z=-1.7),2026-08-05 14:29:19.156334
1.22,31.9,3.98,-0.49549,76.4,66.02,-36.4728,1,CRITICAL,Estimated remaining life (1d) is critically short.,0.3479,0.4175,0.4545,0.4798,vibration_max (z=-1.8); current_crest_factor (z=+1.7); vibration_rms (z=-1.7),2026-08-05 14:29:19.222140
1.24,32.9,3.73,-0.50512,68.6,66.1,-36.7408,1,CRITICAL,Estimated remaining life (1d) is critically short.,0.3461,0.4167,0.4543,0.48,current_crest_factor (z=+2.3); vibration_max (z=-1.8); vibration_min (z=-1.7),2026-08-05 14:29:19.292459
0.89,33.5,4.03,-0.49417,77.46,66.48,-37.0019,1,CRITICAL,Estimated remaining life (1d) is critically short.,0.3432,0.415,0.4533,0.4795,current_crest_factor (z=+2.1); vibration_max (z=-1.8); vibration_rms (z=-1.7),2026-08-05 14:29:19.360207
0.81,35.1,3.97,-0.50303,70.29,66.6,-37.261,1,CRITICAL,Estimated remaining life (1d) is critically short.,0.3411,0.414,0.4529,0.4796,current_trend_slope (z=-2.4); current_crest_factor (z=+2.1); vibration_max (z=-1.8),2026-08-05 14:29:19.425948
0.75,35.1,4.36,-0.49753,74.75,66.87,-37.5136,1,CRITICAL,Estimated remaining life (1d) is critically short.,0.3385,0.4126,0.4522,0.4793,vibration_crest_factor (z=+2.0); current_trend_slope (z=-2.0); current_crest_factor (z=+2.0),2026-08-05 14:29:19.501522
0.89,32.4,4.12,-0.5069,67.16,66.88,-37.7612,1,CRITICAL,Estimated remaining life (1d) is critically short.,0.3368,0.4119,0.452,0.4796,current_crest_factor (z=+2.1); current_trend_slope (z=-2.1); vibration_crest_factor (z=+1.8),2026-08-05 14:29:19.570041
1.07,32.8,4.09,-0.48956,81.19,67.35,-37.9899,1,CRITICAL,Estimated remaining life (1d) is critically short.,0.3334,0.4098,0.4507,0.4788,vibration_crest_factor (z=+2.1); vibration_max (z=-1.8); vibration_mean (z=-1.7),2026-08-05 14:29:19.645535
1.15,34.0,3.97,-0.49853,73.94,67.56,-38.2071,1,CRITICAL,Estimated remaining life (1d) is critically short.,0.331,0.4085,0.45,0.4785,vibration_crest_factor (z=+1.9); vibration_current_corr (z=-1.8); vibration_max (z=-1.8),2026-08-05 14:29:19.723667
1.47,34.8,3.91,-0.52211,54.86,67.15,-38.4208,1,CRITICAL,Estimated remaining life (1d) is critically short.,0.3313,0.4092,0.451,0.4798,vibration_crest_factor (z=+4.3); vibration_current_corr (z=-1.8); current_max (z=-1.7),2026-08-05 14:29:19.796907
1.19,34.0,4.48,-0.53642,43.29,66.36,-38.637,1,CRITICAL,Estimated remaining life (1d) is critically short.,0.3332,0.4111,0.4531,0.4819,vibration_crest_factor (z=+3.9); temperature_std (z=-2.2); vibration_min (z=-1.7),2026-08-05 14:29:19.869277
1.19,30.0,4.6,-0.55173,30.91,65.2,-38.8613,1,CRITICAL,Estimated remaining life (1d) is critically short.,0.3368,0.4144,0.4562,0.485,vibration_crest_factor (z=+3.9); current_crest_factor (z=+2.2); current_trend_slope (z=+2.2),2026-08-05 14:29:19.948014
1.35,32.0,4.27,-0.54067,39.85,64.37,-39.086,1,CRITICAL,Estimated remaining life (1d) is critically short.,0.3392,0.4167,0.4585,0.4874,vibration_crest_factor (z=+3.7); vibration_trend_slope (z=+3.0); vibration_min (z=-1.7),2026-08-05 14:29:20.026949
1.07,32.3,4.34,-0.5251,52.44,63.98,-39.2981,1,CRITICAL,Estimated remaining life (1d) is critically short.,0.3399,0.4176,0.4597,0.4887,vibration_crest_factor (z=+3.4); vibration_trend_slope (z=+2.4); vibration_min (z=-1.7),2026-08-05 14:29:20.148329
1.28,33.6,4.43,-0.51072,64.08,63.98,-39.5007,1,CRITICAL,Estimated remaining life (1d) is critically short.,0.3389,0.4173,0.4598,0.4891,vibration_crest_factor (z=+2.6); vibration_trend_slope (z=+2.0); vibration_min (z=-1.7),2026-08-05 14:29:20.229784
1.01,31.6,4.63,-0.50021,72.58,64.26,-39.6937,1,CRITICAL,Estimated remaining life (1d) is critically short.,0.3366,0.416,0.4591,0.4888,current_trend_slope (z=+2.3); vibration_crest_factor (z=+2.3); temperature_std (z=-1.7),2026-08-05 14:29:20.298760
1.19,34.7,4.4,-0.50945,65.11,64.29,-39.8756,1,CRITICAL,Estimated remaining life (1d) is critically short.,0.3355,0.4156,0.4591,0.4891,current_trend_slope (z=+2.1); vibration_crest_factor (z=+1.8); temperature_max (z=-1.7),2026-08-05 14:29:20.366061
1.24,33.3,4.89,-0.51646,59.44,64.13,-40.0475,1,CRITICAL,Estimated remaining life (1d) is critically short.,0.3354,0.4159,0.4596,0.4898,current_trend_slope (z=+2.7); current_crest_factor (z=+2.1); temperature_max (z=-1.7),2026-08-05 14:29:20.433067
0.97,39.8,4.72,-0.5379,42.09,63.41,-40.2206,1,CRITICAL,Estimated remaining life (1d) is critically short.,0.3379,0.4182,0.4618,0.492,temperature_crest_factor (z=+3.5); current_trend_slope (z=+2.4); temperature_kurtosis (z=+2.3),2026-08-05 14:29:20.502337
0.9,33.5,4.33,-0.52626,51.51,63.02,-40.4042,1,CRITICAL,Estimated remaining life (1d) is critically short.,0.3389,0.4193,0.4631,0.4934,temperature_crest_factor (z=+3.7); temperature_kurtosis (z=+2.9); temperature_skew (z=+2.2),2026-08-05 14:29:20.575534
0.88,36.3,4.29,-0.52599,51.72,62.65,-40.5863,1,CRITICAL,Estimated remaining life (1d) is critically short.,0.3398,0.4204,0.4643,0.4948,temperature_crest_factor (z=+3.4); temperature_trend_slope (z=+2.4); vibration_trend_slope (z=-1.8),2026-08-05 14:29:20.652766
0.88,33.4,4.53,-0.52533,52.26,62.31,-40.7659,1,CRITICAL,Estimated remaining life (1d) is critically short.,0.3407,0.4214,0.4655,0.4961,temperature_crest_factor (z=+3.1); temperature_skew (z=+2.3); temperature_kurtosis (z=+2.2),2026-08-05 14:29:20.725460
1.31,34.7,4.57,-0.5058,68.05,62.5,-40.9255,1,CRITICAL,Estimated remaining life (1d) is critically short.,0.3392,0.4206,0.4651,0.496,temperature_crest_factor (z=+2.8); temperature_kurtosis (z=+2.2); temperature_skew (z=+2.1),2026-08-05 14:29:20.803373
1.17,34.8,4.35,-0.50012,72.65,62.83,-41.074,1,CRITICAL,Estimated remaining life (1d) is critically short.,0.337,0.4193,0.4643,0.4955,temperature_crest_factor (z=+2.5); temperature_kurtosis (z=+2.3); temperature_skew (z=+2.0),2026-08-05 14:29:20.886239
1.12,34.2,3.87,-0.51643,59.46,62.72,-41.2297,1,CRITICAL,Estimated remaining life (1d) is critically short.,0.3369,0.4196,0.4648,0.4961,temperature_crest_factor (z=+2.5); temperature_kurtosis (z=+2.4); current_trend_slope (z=-2.2),2026-08-05 14:29:20.959454
0.87,29.4,4.45,-0.51831,57.93,62.56,-41.3926,1,CRITICAL,Estimated remaining life (1d) is critically short.,0.337,0.42,0.4654,0.497,temperature_crest_factor (z=+2.7); vibration_crest_factor (z=+2.0); temperature_kurtosis (z=+1.9),2026-08-05 14:29:21.042101
0.58,32.7,4.35,-0.53564,43.92,61.95,-41.5631,1,CRITICAL,Estimated remaining life (1d) is critically short.,0.3392,0.422,0.4674,0.499,vibration_crest_factor (z=+3.0); temperature_crest_factor (z=+2.9); current_trend_slope (z=-2.0),2026-08-05 14:29:21.125671
0.98,27.4,4.81,-0.55017,32.17,60.98,-41.7479,1,CRITICAL,Estimated remaining life (1d) is critically short.,0.3432,0.4255,0.4706,0.502,vibration_crest_factor (z=+3.6); temperature_crest_factor (z=+3.5); temperature_trend_slope (z=-3.3),2026-08-05 14:29:21.208991
1.39,27.3,4.54,-0.56007,24.16,59.77,-41.9469,1,CRITICAL,Estimated remaining life (1d) is critically short.,0.3485,0.4299,0.4746,0.5058,vibration_crest_factor (z=+3.8); temperature_trend_slope (z=-3.1); vibration_min (z=-1.8),2026-08-05 14:29:21.281220
1.21,31.0,4.27,-0.5522,30.53,58.81,-42.1545,1,CRITICAL,Estimated remaining life (1d) is critically short.,0.3528,0.4335,0.4779,0.5089,vibration_crest_factor (z=+3.2); temperature_trend_slope (z=-3.1); vibration_min (z=-1.8),2026-08-05 14:29:21.349916
1.14,32.6,4.15,-0.52274,54.36,58.66,-42.3522,1,CRITICAL,Estimated remaining life (1d) is critically short.,0.3531,0.4341,0.4787,0.5099,vibration_crest_factor (z=+2.7); temperature_trend_slope (z=-2.0); vibration_min (z=-1.8),2026-08-05 14:29:21.420554
1.08,29.4,4.28,-0.52001,56.56,58.59,-42.5407,1,CRITICAL,Estimated remaining life (1d) is critically short.,0.353,0.4344,0.4792,0.5106,vibration_crest_factor (z=+2.4); temperature_trend_slope (z=-2.0); vibration_min (z=-1.8),2026-08-05 14:29:21.490098
1.17,30.0,3.75,-0.54116,39.45,57.97,-42.7343,1,CRITICAL,Estimated remaining life (1d) is critically short.,0.3559,0.4369,0.4816,0.5129,vibration_crest_factor (z=+2.7); current_crest_factor (z=+2.5); vibration_min (z=-1.8),2026-08-05 14:29:21.557651
1.06,31.6,4.05,-0.53226,46.65,57.6,-42.9276,1,CRITICAL,Estimated remaining life (1d) is critically short.,0.3575,0.4384,0.4831,0.5145,vibration_crest_factor (z=+2.9); current_crest_factor (z=+2.8); vibration_min (z=-1.8),2026-08-05 14:29:21.631433
1.11,32.1,4.19,-0.54713,34.63,56.84,-43.1297,1,CRITICAL,Estimated remaining life (1d) is critically short.,0.3611,0.4414,0.4859,0.5171,vibration_crest_factor (z=+2.9); current_crest_factor (z=+2.5); current_trend_slope (z=-2.5),2026-08-05 14:29:21.702333
0.79,28.7,4.1,-0.54064,39.87,56.29,-43.335,1,CRITICAL,Estimated remaining life (1d) is critically short.,0.3638,0.4438,0.4881,0.5192,vibration_crest_factor (z=+3.0); current_crest_factor (z=+2.9); current_trend_slope (z=-2.4),2026-08-05 14:29:21.770644
1.02,28.3,4.53,-0.5216,55.27,56.25,-43.5256,1,CRITICAL,Estimated remaining life (1d) is critically short.,0.3639,0.4441,0.4886,0.5199,current_crest_factor (z=+2.7); vibration_crest_factor (z=+2.4); temperature_max (z=-1.8),2026-08-05 14:29:21.839013
0.92,32.5,4.46,-0.50941,65.13,56.54,-43.7009,1,CRITICAL,Estimated remaining life (1d) is critically short.,0.3624,0.4432,0.4881,0.5196,vibration_crest_factor (z=+2.5); vibration_trend_slope (z=-2.1); temperature_max (z=-1.8),2026-08-05 14:29:21.909305
0.96,29.3,4.41,-0.51905,57.33,56.57,-43.8683,1,CRITICAL,Estimated remaining life (1d) is critically short.,0.3622,0.4433,0.4884,0.52,temperature_max (z=-1.8); vibration_max (z=-1.8); temperature_rms (z=-1.7),2026-08-05 14:29:21.981119
0.98,34.6,4.21,-0.51524,60.42,56.7,-44.0288,1,CRITICAL,Estimated remaining life (1d) is critically short.,0.3615,0.443,0.4883,0.5202,vibration_max (z=-1.8); vibration_rms (z=-1.7); vibration_mean (z=-1.7),2026-08-05 14:29:22.056630
1.0,30.3,4.71,-0.52787,50.2,56.48,-44.1923,1,CRITICAL,Estimated remaining life (1d) is critically short.,0.3626,0.4441,0.4894,0.5212,current_trend_slope (z=+2.3); vibration_max (z=-1.8); temperature_crest_factor (z=+1.8),2026-08-05 14:29:22.127307
1.16,33.8,4.11,-0.52205,54.91,56.43,-44.3426,1,CRITICAL,Estimated remaining life (1d) is critically short.,0.3629,0.4445,0.4899,0.5218,current_trend_slope (z=+2.0); current_crest_factor (z=+1.9); vibration_max (z=-1.8),2026-08-05 14:29:22.205127
1.19,33.3,4.36,-0.50018,72.6,56.96,-44.4705,1,CRITICAL,Estimated remaining life (1d) is critically short.,0.3601,0.4426,0.4885,0.5207,vibration_max (z=-1.8); vibration_rms (z=-1.7); vibration_mean (z=-1.7),2026-08-05 14:29:22.280624
0.95,32.7,4.1,-0.49404,77.57,57.64,-44.5754,1,CRITICAL,Estimated remaining life (1d) is critically short.,0.3566,0.4402,0.4866,0.5192,vibration_max (z=-1.8); vibration_rms (z=-1.7); vibration_mean (z=-1.7),2026-08-05 14:29:22.354654
1.14,32.5,4.04,-0.5042,69.35,58.02,-44.6714,1,CRITICAL,Estimated remaining life (1d) is critically short.,0.3547,0.4388,0.4856,0.5184,vibration_max (z=-1.8); vibration_rms (z=-1.7); vibration_mean (z=-1.7),2026-08-05 14:29:22.424189
0.85,32.7,4.46,-0.50158,71.47,58.46,-44.7555,1,CRITICAL,Estimated remaining life (1d) is critically short.,0.3524,0.4372,0.4843,0.5174,vibration_max (z=-1.8); vibration_rms (z=-1.7); vibration_mean (z=-1.7),2026-08-05 14:29:22.502378
1.09,29.7,4.68,-0.49216,79.09,59.14,-44.8263,1,CRITICAL,Estimated remaining life (1d) is critically short.,0.3488,0.4347,0.4823,0.5158,vibration_max (z=-1.8); vibration_rms (z=-1.7); vibration_mean (z=-1.7),2026-08-05 14:29:22.586054
1.16,31.7,4.07,-0.49855,73.92,59.62,-44.8919,1,CRITICAL,Estimated remaining life (1d) is critically short.,0.3463,0.4329,0.4809,0.5146,vibration_max (z=-1.8); vibration_rms (z=-1.7); vibration_mean (z=-1.7),2026-08-05 14:29:22.657649
1.15,34.8,4.38,-0.49981,72.9,60.06,-44.9594,1,CRITICAL,Estimated remaining life (1d) is critically short.,0.344,0.4312,0.4797,0.5136,vibration_max (z=-1.8); vibration_rms (z=-1.7); vibration_mean (z=-1.7),2026-08-05 14:29:22.735538
0.93,32.8,4.88,-0.52343,53.8,59.85,-45.0322,1,CRITICAL,Estimated remaining life (1d) is critically short.,0.3449,0.4321,0.4805,0.5144,current_crest_factor (z=+2.1); vibration_max (z=-1.8); vibration_rms (z=-1.7),2026-08-05 14:29:22.808499
1.19,35.1,4.48,-0.52781,50.25,59.54,-45.0961,1,CRITICAL,Estimated remaining life (1d) is critically short.,0.3465,0.4334,0.4816,0.5155,current_crest_factor (z=+2.4); current_trend_slope (z=+2.0); vibration_max (z=-1.8),2026-08-05 14:29:22.877974
1.21,35.5,4.64,-0.51375,61.63,59.61,-45.1583,1,CRITICAL,Estimated remaining life (1d) is critically short.,0.3461,0.4332,0.4815,0.5155,current_trend_slope (z=+1.9); current_crest_factor (z=+1.8); vibration_max (z=-1.8),2026-08-05 14:29:22.956427
1.22,36.9,4.52,-0.5094,65.14,59.79,-45.2155,1,CRITICAL,Estimated remaining life (1d) is critically short.,0.3451,0.4325,0.4811,0.5151,current_trend_slope (z=+2.0); temperature_trend_slope (z=+1.8); vibration_max (z=-1.8),2026-08-05 14:29:23.034566
1.04,34.6,4.32,-0.50114,71.83,60.18,-45.2545,1,CRITICAL,Estimated remaining life (1d) is critically short.,0.343,0.431,0.4799,0.5142,temperature_trend_slope (z=+1.9); vibration_max (z=-1.8); vibration_skew (z=-1.7),2026-08-05 14:29:23.107379
0.9,34.2,4.49,-0.49367,77.87,60.76,-45.2718,1,CRITICAL,Estimated remaining life (1d) is critically short.,0.34,0.4288,0.478,0.5126,vibration_max (z=-1.8); temperature_trend_slope (z=+1.7); vibration_rms (z=-1.7),2026-08-05 14:29:23.177960
0.8,31.6,4.34,-0.48401,85.68,61.58,-45.2638,1,CRITICAL,Estimated remaining life (1d) is critically short.,0.3358,0.4256,0.4754,0.5103,vibration_max (z=-1.8); vibration_rms (z=-1.7); vibration_mean (z=-1.7),2026-08-05 14:29:23.247362
1.06,37.3,4.3,-0.49295,78.45,62.13,-45.2352,1,CRITICAL,Estimated remaining life (1d) is critically short.,0.3331,0.4234,0.4736,0.5087,vibration_max (z=-1.8); vibration_rms (z=-1.7); vibration_mean (z=-1.7),2026-08-05 14:29:23.347837
1.03,35.1,3.94,-0.49966,73.02,62.49,-45.1896,1,CRITICAL,Estimated remaining life (1d) is critically short.,0.3313,0.422,0.4723,0.5075,current_trend_slope (z=-2.2); vibration_max (z=-1.8); vibration_rms (z=-1.7),2026-08-05 14:29:23.423943
1.23,31.3,4.1,-0.49828,74.14,62.87,-45.1269,1,CRITICAL,Estimated remaining life (1d) is critically short.,0.3294,0.4205,0.471,0.5063,current_trend_slope (z=-3.0); current_crest_factor (z=+1.9); vibration_max (z=-1.8),2026-08-05 14:29:23.500494
1.37,29.2,4.01,-0.50364,69.8,63.1,-45.0502,1,CRITICAL,Estimated remaining life (1d) is critically short.,0.3283,0.4195,0.4701,0.5054,current_trend_slope (z=-2.6); temperature_trend_slope (z=-1.9); vibration_crest_factor (z=+1.9),2026-08-05 14:29:23.572444
1.24,34.8,4.31,-0.49653,75.55,63.51,-44.961,1,CRITICAL,Estimated remaining life (1d) is critically short.,0.3263,0.4178,0.4686,0.504,current_trend_slope (z=-2.2); vibration_crest_factor (z=+1.8); vibration_max (z=-1.7),2026-08-05 14:29:23.640963
1.12,30.7,4.04,-0.49938,73.25,63.83,-44.8627,1,CRITICAL,Estimated remaining life (1d) is critically short.,0.3248,0.4165,0.4674,0.5029,vibration_crest_factor (z=+2.0); temperature_trend_slope (z=-1.9); current_trend_slope (z=-1.8),2026-08-05 14:29:23.711700
1.36,29.2,4.19,-0.52189,55.04,63.54,-44.7706,1,CRITICAL,Estimated remaining life (1d) is critically short.,0.3263,0.4175,0.4681,0.5034,vibration_trend_slope (z=+2.1); temperature_crest_factor (z=+2.1); temperature_trend_slope (z=-1.9),2026-08-05 14:29:23.788826
1.16,35.1,4.41,-0.5102,64.5,63.57,-44.6802,1,CRITICAL,Estimated remaining life (1d) is critically short.,0.3262,0.4173,0.4678,0.5031,vibration_trend_slope (z=+2.0); temperature_crest_factor (z=+2.0); vibration_max (z=-1.7),2026-08-05 14:29:23.859305
0.87,35.4,4.3,-0.50019,72.59,63.87,-44.5812,1,CRITICAL,Estimated remaining life (1d) is critically short.,0.3248,0.4161,0.4667,0.502,temperature_crest_factor (z=+1.9); current_max (z=-1.7); vibration_max (z=-1.7),2026-08-05 14:29:23.936858
1.17,31.6,4.31,-0.50258,70.66,64.09,-44.4786,1,CRITICAL,Estimated remaining life (1d) is critically short.,0.3238,0.4152,0.4658,0.5011,temperature_crest_factor (z=+1.9); current_max (z=-1.7); vibration_max (z=-1.7),2026-08-05 14:29:24.013364
1.31,33.2,4.25,-0.49716,75.05,64.45,-44.374,1,CRITICAL,Estimated remaining life (1d) is critically short.,0.3221,0.4137,0.4644,0.4998,current_max (z=-1.7); vibration_max (z=-1.7); temperature_max (z=-1.7),2026-08-05 14:29:24.087923
1.11,32.1,4.26,-0.51039,64.34,64.44,-44.2731,1,CRITICAL,Estimated remaining life (1d) is critically short.,0.3222,0.4137,0.4643,0.4995,current_std (z=-1.9); current_max (z=-1.7); vibration_max (z=-1.7),2026-08-05 14:29:24.160366
1.25,32.8,4.15,-0.50792,66.34,64.51,-44.1721,1,CRITICAL,Estimated remaining life (1d) is critically short.,0.3221,0.4134,0.4639,0.4991,current_std (z=-1.9); current_max (z=-1.7); vibration_max (z=-1.7),2026-08-05 14:29:24.235476
0.77,30.6,3.81,-0.52555,52.08,64.1,-44.0857,1,CRITICAL,Estimated remaining life (1d) is critically short.,0.3242,0.4149,0.465,0.5,current_skew (z=-2.1); current_kurtosis (z=+1.7); current_max (z=-1.7),2026-08-05 14:29:24.306353
1.1,33.3,4.18,-0.51727,58.77,63.92,-44.0068,1,CRITICAL,Estimated remaining life (1d) is critically short.,0.3252,0.4155,0.4654,0.5002,current_skew (z=-1.9); current_max (z=-1.7); vibration_min (z=-1.7),2026-08-05 14:29:24.378799
1.12,34.5,4.56,-0.50453,69.08,64.09,-43.9234,1,CRITICAL,Estimated remaining life (1d) is critically short.,0.3245,0.4148,0.4647,0.4995,current_kurtosis (z=+1.9); vibration_min (z=-1.7); vibration_max (z=-1.7),2026-08-05 14:29:24.477195
1.22,33.4,4.53,-0.50889,65.56,64.14,-43.8351,1,CRITICAL,Estimated remaining life (1d) is critically short.,0.3243,0.4146,0.4644,0.4992,vibration_max (z=-1.7); vibration_skew (z=-1.7); vibration_min (z=-1.7),2026-08-05 14:29:24.565734
1.13,35.3,4.2,-0.50201,71.12,64.37,-43.7406,1,CRITICAL,Estimated remaining life (1d) is critically short.,0.3233,0.4137,0.4635,0.4983,vibration_max (z=-1.7); vibration_min (z=-1.7); vibration_mean (z=-1.7),2026-08-05 14:29:24.655416
1.35,33.0,4.48,-0.53235,46.58,63.79,-43.6524,1,CRITICAL,Estimated remaining life (1d) is critically short.,0.3263,0.4158,0.4652,0.4996,vibration_kurtosis (z=+2.6); vibration_skew (z=-2.1); vibration_current_corr (z=+2.1),2026-08-05 14:29:24.765270
1.04,31.7,4.42,-0.52331,53.89,63.46,-43.5723,1,CRITICAL,Estimated remaining life (1d) is critically short.,0.328,0.417,0.4661,0.5003,vibration_current_corr (z=+1.9); temperature_std (z=-1.9); vibration_max (z=-1.7),2026-08-05 14:29:24.840184
0.82,33.7,4.04,-0.50436,69.22,63.65,-43.4901,1,CRITICAL,Estimated remaining life (1d) is critically short.,0.3271,0.4162,0.4653,0.4996,vibration_current_corr (z=+2.2); vibration_crest_factor (z=+1.9); temperature_std (z=-1.8),2026-08-05 14:29:24.928186
1.23,32.1,3.66,-0.50294,70.37,63.87,-43.4025,1,CRITICAL,Estimated remaining life (1d) is critically short.,0.3261,0.4153,0.4645,0.4987,temperature_std (z=-1.8); current_min (z=-1.7); vibration_max (z=-1.7),2026-08-05 14:29:25.007366
1.13,28.4,3.85,-0.5104,64.33,63.89,-43.3211,1,CRITICAL,Estimated remaining life (1d) is critically short.,0.3261,0.4152,0.4643,0.4985,vibration_crest_factor (z=+1.9); current_min (z=-1.7); vibration_max (z=-1.7),2026-08-05 14:29:25.085668
0.95,28.6,3.78,-0.53584,43.76,63.23,-43.2567,1,CRITICAL,Estimated remaining life (1d) is critically short.,0.3295,0.4176,0.4662,0.5001,current_trend_slope (z=-3.1); temperature_trend_slope (z=-2.2); current_min (z=-1.7),2026-08-05 14:29:25.171505
0.85,29.9,4.66,-0.53629,43.39,62.58,-43.2079,1,CRITICAL,Estimated remaining life (1d) is critically short.,0.3327,0.42,0.4682,0.5017,temperature_trend_slope (z=-2.5); current_std (z=+2.2); current_trend_slope (z=-2.1),2026-08-05 14:29:25.252248
0.71,26.5,4.47,-0.55194,30.73,61.53,-43.184,1,CRITICAL,Estimated remaining life (1d) is critically short.,0.3379,0.4239,0.4714,0.5045,temperature_trend_slope (z=-3.0); vibration_crest_factor (z=+2.7); vibration_trend_slope (z=-2.2),2026-08-05 14:29:25.323681
0.89,31.8,4.02,-0.55043,31.95,60.56,-43.1792,1,CRITICAL,Estimated remaining life (1d) is critically short.,0.3427,0.4276,0.4744,0.5071,vibration_crest_factor (z=+3.3); current_crest_factor (z=+2.4); temperature_trend_slope (z=-2.4),2026-08-05 14:29:25.408539
0.99,35.2,3.72,-0.54617,35.4,59.74,-43.19,1,CRITICAL,Estimated remaining life (1d) is critically short.,0.3469,0.4307,0.477,0.5094,vibration_crest_factor (z=+3.6); current_crest_factor (z=+2.9); current_std (z=+2.2),2026-08-05 14:29:25.482362
1.04,35.3,3.7,-0.54286,38.08,59.03,-43.2179,1,CRITICAL,Estimated remaining life (1d) is critically short.,0.3504,0.4334,0.4793,0.5114,current_crest_factor (z=+3.8); vibration_crest_factor (z=+2.5); current_std (z=+2.2),2026-08-05 14:29:25.558422
1.0,32.1,3.99,-0.54953,32.68,58.16,-43.2689,1,CRITICAL,Estimated remaining life (1d) is critically short.,0.3548,0.4368,0.4821,0.5139,current_crest_factor (z=+4.3); vibration_crest_factor (z=+2.5); vibration_current_corr (z=-2.2),2026-08-05 14:29:25.638491
1.04,36.2,4.17,-0.55898,25.04,57.08,-43.3446,1,CRITICAL,Estimated remaining life (1d) is critically short.,0.3604,0.441,0.4857,0.517,current_crest_factor (z=+4.2); temperature_trend_slope (z=+2.6); temperature_crest_factor (z=+2.3),2026-08-05 14:29:25.720952
1.18,31.6,4.21,-0.55543,27.91,56.12,-43.439,1,CRITICAL,Estimated remaining life (1d) is critically short.,0.3654,0.4448,0.4889,0.5199,current_crest_factor (z=+3.5); temperature_trend_slope (z=+2.7); temperature_crest_factor (z=+2.3),2026-08-05 14:29:25.801846
0.81,35.0,4.09,-0.55028,32.07,55.33,-43.5487,1,CRITICAL,Estimated remaining life (1d) is critically short.,0.3695,0.448,0.4916,0.5223,current_crest_factor (z=+3.3); temperature_trend_slope (z=+2.6); vibration_crest_factor (z=+2.1),2026-08-05 14:29:25.877243
0.92,30.8,4.62,-0.5278,50.26,55.17,-43.6688,1,CRITICAL,Estimated remaining life (1d) is critically short.,0.3705,0.4489,0.4924,0.5231,current_crest_factor (z=+2.3); vibration_crest_factor (z=+2.1); vibration_max (z=-1.8),2026-08-05 14:29:25.955542
0.89,33.7,4.37,-0.53528,44.21,54.81,-43.7985,1,CRITICAL,Estimated remaining life (1d) is critically short.,0.3725,0.4505,0.4938,0.5244,current_crest_factor (z=+2.2); vibration_crest_factor (z=+2.1); vibration_max (z=-1.8),2026-08-05 14:29:26.035032
1.1,33.3,3.61,-0.52824,49.9,54.65,-43.93,1,CRITICAL,Estimated remaining life (1d) is critically short.,0.3734,0.4513,0.4947,0.5252,current_crest_factor (z=+3.2); vibration_max (z=-1.8); current_min (z=-1.8),2026-08-05 14:29:26.111984
1.41,34.1,4.27,-0.55116,31.36,53.88,-44.07,1,CRITICAL,Estimated remaining life (1d) is critically short.,0.3776,0.4545,0.4974,0.5277,vibration_crest_factor (z=+3.8); current_crest_factor (z=+2.9); current_min (z=-1.8),2026-08-05 14:29:26.183580
1.19,32.3,4.27,-0.51797,58.21,54.03,-44.2056,1,CRITICAL,Estimated remaining life (1d) is critically short.,0.377,0.4542,0.4973,0.5277,vibration_crest_factor (z=+3.4); current_crest_factor (z=+2.3); current_min (z=-1.8),2026-08-05 14:29:26.258565
0.83,29.8,4.15,-0.52076,55.96,54.09,-44.34,1,CRITICAL,Estimated remaining life (1d) is critically short.,0.3768,0.4542,0.4974,0.5279,vibration_crest_factor (z=+3.7); current_crest_factor (z=+1.8); current_min (z=-1.8),2026-08-05 14:29:26.349026
1.04,29.2,3.98,-0.52275,54.34,54.1,-44.4704,1,CRITICAL,Estimated remaining life (1d) is critically short.,0.377,0.4545,0.4977,0.5282,vibration_crest_factor (z=+3.6); current_crest_factor (z=+1.8); temperature_trend_slope (z=-1.8),2026-08-05 14:29:26.462983
1.09,30.6,3.74,-0.52086,55.87,54.16,-44.5922,1,CRITICAL,Estimated remaining life (1d) is critically short.,0.3768,0.4545,0.4978,0.5284,vibration_crest_factor (z=+3.5); current_crest_factor (z=+2.3); current_min (z=-1.8),2026-08-05 14:29:26.533756
1.2,30.4,4.12,-0.5251,52.44,54.1,-44.7122,1,CRITICAL,Estimated remaining life (1d) is critically short.,0.3773,0.4549,0.4982,0.5289,vibration_crest_factor (z=+3.5); current_crest_factor (z=+2.4); current_min (z=-1.8),2026-08-05 14:29:26.605048
1.15,33.2,3.98,-0.51906,57.33,54.21,-44.8305,1,CRITICAL,Estimated remaining life (1d) is critically short.,0.3769,0.4547,0.4982,0.5289,vibration_crest_factor (z=+2.9); current_crest_factor (z=+2.5); current_trend_slope (z=-1.8),2026-08-05 14:29:26.683202
1.09,33.9,4.37,-0.50369,69.76,54.72,-44.9274,1,CRITICAL,Estimated remaining life (1d) is critically short.,0.3744,0.453,0.4968,0.5278,vibration_crest_factor (z=+2.6); current_min (z=-1.8); current_max (z=-1.7),2026-08-05 14:29:26.760073
0.91,33.7,4.16,-0.51256,62.59,54.97,-45.0095,1,CRITICAL,Estimated remaining life (1d) is critically short.,0.3731,0.4521,0.4962,0.5273,vibration_crest_factor (z=+2.6); current_min (z=-1.8); current_max (z=-1.7),2026-08-05 14:29:26.835340
0.75,32.3,4.04,-0.52025,56.37,55.02,-45.0802,1,CRITICAL,Estimated remaining life (1d) is critically short.,0.373,0.4521,0.4962,0.5273,vibration_crest_factor (z=+3.1); current_max (z=-1.7); vibration_trend_slope (z=-1.7),2026-08-05 14:29:26.908391
0.74,34.6,3.99,-0.51238,62.74,55.27,-45.1389,1,CRITICAL,Estimated remaining life (1d) is critically short.,0.3718,0.4513,0.4955,0.5268,vibration_max (z=-1.8); current_max (z=-1.7); vibration_mean (z=-1.7),2026-08-05 14:29:26.990987
0.89,33.5,3.81,-0.51104,63.82,55.55,-45.1851,1,CRITICAL,Estimated remaining life (1d) is critically short.,0.3705,0.4503,0.4948,0.5262,temperature_trend_slope (z=+2.0); vibration_crest_factor (z=+1.9); vibration_max (z=-1.8),2026-08-05 14:29:27.068679
0.98,35.6,4.55,-0.52381,53.49,55.48,-45.2231,1,CRITICAL,Estimated remaining life (1d) is critically short.,0.3709,0.4506,0.4951,0.5265,current_crest_factor (z=+2.3); temperature_trend_slope (z=+2.1); vibration_max (z=-1.8),2026-08-05 14:29:27.140338
0.82,29.7,3.93,-0.51536,60.32,55.64,-45.2512,1,CRITICAL,Estimated remaining life (1d) is critically short.,0.3701,0.4501,0.4946,0.5261,current_crest_factor (z=+2.3); vibration_crest_factor (z=+2.0); vibration_trend_slope (z=-1.8),2026-08-05 14:29:27.217443
1.03,35.3,4.14,-0.50814,66.17,55.99,-45.2672,1,CRITICAL,Estimated remaining life (1d) is critically short.,0.3684,0.4488,0.4936,0.5252,vibration_crest_factor (z=+2.1); current_crest_factor (z=+1.9); vibration_max (z=-1.8),2026-08-05 14:29:27.291272
1.11,28.5,4.06,-0.5138,61.59,56.17,-45.2858,1,CRITICAL,Estimated remaining life (1d) is critically short.,0.3675,0.4481,0.4931,0.5248,current_crest_factor (z=+2.0); vibration_max (z=-1.8); vibration_rms (z=-1.8),2026-08-05 14:29:27.364378
1.04,34.3,4.02,-0.51618,59.66,56.29,-45.3066,1,CRITICAL,Estimated remaining life (1d) is critically short.,0.3669,0.4478,0.4928,0.5245,current_crest_factor (z=+1.9); vibration_max (z=-1.9); temperature_skew (z=-1.8),2026-08-05 14:29:27.450946
1.4,35.3,4.45,-0.56353,21.35,55.14,-45.345,1,CRITICAL,Estimated remaining life (1d) is critically short.,0.3729,0.4522,0.4964,0.5277,vibration_crest_factor (z=+5.0); vibration_trend_slope (z=+2.4); current_crest_factor (z=+1.8),2026-08-05 14:29:27.523743
0.99,35.9,4.92,-0.59023,0.0,53.33,-45.4148,1,CRITICAL,Estimated remaining life (1d) is critically short.,0.3824,0.4593,0.5023,0.5328,vibration_crest_factor (z=+4.8); current_crest_factor (z=+4.6); current_trend_slope (z=+2.5),2026-08-05 14:29:27.600775
1.22,32.7,4.3,-0.57237,14.21,52.05,-45.5064,1,CRITICAL,Estimated remaining life (1d) is critically short.,0.3893,0.4644,0.5065,0.5364,current_crest_factor (z=+4.3); vibration_crest_factor (z=+3.9); current_trend_slope (z=+2.3),2026-08-05 14:29:27.674390
0.96,32.9,4.31,-0.55521,28.09,51.27,-45.6076,1,CRITICAL,Estimated remaining life (1d) is critically short.,0.3937,0.4676,0.5092,0.5388,current_crest_factor (z=+3.9); vibration_crest_factor (z=+3.5); current_trend_slope (z=+2.0),2026-08-05 14:29:27.750334
0.95,33.4,3.86,-0.54048,40.0,50.9,-45.715,1,CRITICAL,Estimated remaining life (1d) is critically short.,0.396,0.4693,0.5106,0.54,current_crest_factor (z=+3.9); vibration_crest_factor (z=+3.4); vibration_mean (z=-1.7),2026-08-05 14:29:27.835199
1.07,34.2,3.89,-0.5554,27.93,50.14,-45.8351,1,CRITICAL,Estimated remaining life (1d) is critically short.,0.4003,0.4725,0.5132,0.5422,current_crest_factor (z=+4.6); vibration_crest_factor (z=+3.2); current_skew (z=+1.8),2026-08-05 14:29:27.918034
0.77,33.0,3.99,-0.57349,13.3,48.94,-45.9704,1,CRITICAL,Estimated remaining life (1d) is critically short.,0.407,0.4774,0.5172,0.5457,current_crest_factor (z=+4.6); vibration_crest_factor (z=+3.3); temperature_kurtosis (z=+2.6),2026-08-05 14:29:27.991120
0.97,30.2,3.69,-0.55925,24.82,48.14,-46.1126,1,CRITICAL,Estimated remaining life (1d) is critically short.,0.4117,0.4807,0.5199,0.548,current_crest_factor (z=+5.0); vibration_crest_factor (z=+3.4); current_trend_slope (z=-2.2),2026-08-05 14:29:28.071069
0.95,32.2,4.28,-0.56898,16.95,47.12,-46.2628,1,CRITICAL,Estimated remaining life (1d) is critically short.,0.4176,0.4849,0.5233,0.5509,current_crest_factor (z=+4.8); vibration_crest_factor (z=+3.7); current_trend_slope (z=-2.2),2026-08-05 14:29:28.143222
1.03,31.6,4.92,-0.56231,22.34,46.31,-46.4208,1,CRITICAL,Estimated remaining life (1d) is critically short.,0.4224,0.4884,0.5261,0.5533,vibration_crest_factor (z=+3.7); current_crest_factor (z=+3.7); current_std (z=+3.2),2026-08-05 14:29:28.216316
0.85,32.8,4.74,-0.53842,41.67,46.16,-46.5801,1,CRITICAL,Estimated remaining life (1d) is critically short.,0.4238,0.4893,0.5268,0.5538,current_std (z=+3.6); current_crest_factor (z=+3.4); vibration_crest_factor (z=+2.2),2026-08-05 14:29:28.290770
0.86,33.1,4.42,-0.56052,23.79,45.42,-46.7597,1,CRITICAL,Estimated remaining life (1d) is critically short.,0.4282,0.4924,0.5293,0.5559,current_crest_factor (z=+4.0); current_std (z=+2.7); vibration_crest_factor (z=+2.4),2026-08-05 14:29:28.381516
1.05,33.0,4.19,-0.55928,24.8,44.75,-46.9628,1,CRITICAL,Estimated remaining life (1d) is critically short.,0.4323,0.4953,0.5316,0.5579,current_crest_factor (z=+4.1); current_std (z=+2.7); current_trend_slope (z=+2.4),2026-08-05 14:29:28.468395
1.3,34.0,3.97,-0.56235,22.31,44.01,-47.1814,1,CRITICAL,Estimated remaining life (1d) is critically short.,0.4368,0.4985,0.5341,0.5599,current_crest_factor (z=+4.5); vibration_crest_factor (z=+3.3); current_std (z=+2.8),2026-08-05 14:29:28.536912
1.25,34.1,4.18,-0.54163,39.07,43.85,-47.4115,1,CRITICAL,Estimated remaining life (1d) is critically short.,0.4383,0.4995,0.5348,0.5606,current_crest_factor (z=+4.1); vibration_crest_factor (z=+2.6); current_std (z=+2.5),2026-08-05 14:29:28.610423
1.02,31.9,4.51,-0.54642,35.2,43.57,-47.6533,1,CRITICAL,Estimated remaining life (1d) is critically short.,0.4405,0.5009,0.536,0.5615,current_crest_factor (z=+3.4); vibration_crest_factor (z=+2.7); current_std (z=+2.3),2026-08-05 14:29:28.684904
1.31,33.0,4.55,-0.52921,49.12,43.75,-47.8829,1,CRITICAL,Estimated remaining life (1d) is critically short.,0.4402,0.5007,0.5358,0.5613,current_crest_factor (z=+2.8); current_std (z=+2.2); temperature_std (z=-2.2),2026-08-05 14:29:28.766493
1.23,34.5,4.18,-0.52888,49.38,43.93,-48.0967,1,CRITICAL,Estimated remaining life (1d) is critically short.,0.4399,0.5004,0.5355,0.561,temperature_std (z=-2.5); current_crest_factor (z=+2.4); vibration_trend_slope (z=+1.9),2026-08-05 14:29:28.836013
1.07,32.0,4.49,-0.5197,56.81,44.36,-48.291,1,CRITICAL,Estimated remaining life (1d) is critically short.,0.4383,0.4992,0.5345,0.5601,temperature_std (z=-2.5); current_crest_factor (z=+2.2); vibration_max (z=-1.7),2026-08-05 14:29:28.913646
0.84,35.1,4.44,-0.50014,72.64,45.28,-48.461,1,CRITICAL,Estimated remaining life (1d) is critically short.,0.4342,0.4963,0.532,0.558,temperature_std (z=-2.4); vibration_max (z=-1.7); vibration_current_corr (z=-1.7),2026-08-05 14:29:28.992512
1.07,35.5,4.2,-0.49934,73.28,46.2,-48.6142,1,CRITICAL,Estimated remaining life (1d) is critically short.,0.4301,0.4933,0.5296,0.5559,temperature_std (z=-2.1); vibration_max (z=-1.7); vibration_mean (z=-1.7),2026-08-05 14:29:29.065564
1.01,31.9,4.83,-0.50245,70.77,47.01,-48.745,1,CRITICAL,Estimated remaining life (1d) is critically short.,0.4265,0.4907,0.5275,0.5541,current_crest_factor (z=+2.0); current_trend_slope (z=+1.9); temperature_std (z=-1.9),2026-08-05 14:29:29.135026
1.03,33.4,4.7,-0.50793,66.33,47.64,-48.8571,1,CRITICAL,Estimated remaining life (1d) is critically short.,0.4237,0.4887,0.5259,0.5527,current_trend_slope (z=+2.2); temperature_std (z=-1.9); vibration_max (z=-1.7),2026-08-05 14:29:29.208883
1.15,36.0,4.4,-0.4884,82.13,48.77,-48.9422,1,CRITICAL,Estimated remaining life (1d) is critically short.,0.4184,0.4849,0.5228,0.55,vibration_max (z=-1.7); vibration_rms (z=-1.7); vibration_mean (z=-1.7),2026-08-05 14:29:29.279777
1.05,33.3,4.83,-0.48783,82.59,49.88,-48.9983,1,CRITICAL,Estimated remaining life (1d) is critically short.,0.4132,0.4811,0.5197,0.5473,vibration_max (z=-1.7); vibration_rms (z=-1.7); vibration_mean (z=-1.7),2026-08-05 14:29:29.359344
1.03,32.2,4.57,-0.48853,82.02,50.93,-49.0299,1,CRITICAL,Estimated remaining life (1d) is critically short.,0.4082,0.4775,0.5167,0.5448,vibration_max (z=-1.7); vibration_rms (z=-1.7); vibration_mean (z=-1.7),2026-08-05 14:29:29.469733
0.99,35.1,4.3,-0.50956,65.02,51.39,-49.0489,1,CRITICAL,Estimated remaining life (1d) is critically short.,0.406,0.4759,0.5154,0.5437,vibration_std (z=-1.9); vibration_max (z=-1.8); vibration_rms (z=-1.7),2026-08-05 14:29:29.540159
1.09,35.0,4.18,-0.52862,49.6,51.34,-49.0755,1,CRITICAL,Estimated remaining life (1d) is critically short.,0.4063,0.4762,0.5157,0.5439,vibration_kurtosis (z=+2.6); vibration_std (z=-2.3); vibration_skew (z=-2.0),2026-08-05 14:29:29.611544
1.09,34.1,3.95,-0.54776,34.11,50.77,-49.1115,1,CRITICAL,Estimated remaining life (1d) is critically short.,0.4091,0.4782,0.5173,0.5453,vibration_kurtosis (z=+2.5); vibration_std (z=-2.3); vibration_skew (z=-2.0),2026-08-05 14:29:29.686081
1.02,34.2,4.24,-0.52645,51.35,50.79,-49.1511,1,CRITICAL,Estimated remaining life (1d) is critically short.,0.4092,0.4782,0.5174,0.5454,vibration_std (z=-3.1); current_trend_slope (z=-2.1); vibration_max (z=-1.8),2026-08-05 14:29:29.757622
1.07,34.5,4.22,-0.53499,44.44,50.58,-49.1986,1,CRITICAL,Estimated remaining life (1d) is critically short.,0.4103,0.4791,0.518,0.546,vibration_std (z=-3.1); current_trend_slope (z=-3.0); temperature_std (z=-1.9),2026-08-05 14:29:29.829526
1.33,32.5,4.47,-0.54445,36.79,50.13,-49.2636,1,CRITICAL,Estimated remaining life (1d) is critically short.,0.4126,0.4808,0.5195,0.5472,vibration_kurtosis (z=+3.5); vibration_skew (z=+2.9); temperature_std (z=-2.1),2026-08-05 14:29:29.905796
0.97,31.2,4.28,-0.54429,36.92,49.7,-49.3475,1,CRITICAL,Estimated remaining life (1d) is critically short.,0.4149,0.4825,0.5209,0.5484,vibration_kurtosis (z=+2.9); vibration_skew (z=+2.5); current_crest_factor (z=+2.1),2026-08-05 14:29:29.987934
0.9,30.4,3.96,-0.55195,30.73,49.08,-49.4457,1,CRITICAL,Estimated remaining life (1d) is critically short.,0.4181,0.4848,0.5228,0.5501,vibration_kurtosis (z=+3.1); current_crest_factor (z=+2.5); vibration_crest_factor (z=+2.4),2026-08-05 14:29:30.074000
0.8,33.3,4.26,-0.5176,58.51,49.38,-49.5379,1,CRITICAL,Estimated remaining life (1d) is critically short.,0.4168,0.4839,0.5221,0.5495,vibration_crest_factor (z=+2.8); vibration_rms (z=-1.7); vibration_mean (z=-1.7),2026-08-05 14:29:30.156468
1.11,32.4,4.37,-0.51784,58.31,49.68,-49.616,1,CRITICAL,Estimated remaining life (1d) is critically short.,0.4156,0.483,0.5214,0.549,vibration_crest_factor (z=+2.6); vibration_rms (z=-1.7); vibration_mean (z=-1.7),2026-08-05 14:29:30.228458
1.11,35.2,4.34,-0.51435,61.14,50.05,-49.6762,1,CRITICAL,Estimated remaining life (1d) is critically short.,0.4139,0.4819,0.5205,0.5482,vibration_crest_factor (z=+2.4); vibration_max (z=-1.7); vibration_rms (z=-1.7),2026-08-05 14:29:30.301020
0.97,33.4,4.02,-0.51166,63.32,50.49,-49.7232,1,CRITICAL,Estimated remaining life (1d) is critically short.,0.4119,0.4804,0.5193,0.5472,vibration_crest_factor (z=+2.6); vibration_rms (z=-1.7); vibration_mean (z=-1.7),2026-08-05 14:29:30.371237
1.22,32.6,4.58,-0.49786,74.47,51.27,-49.7512,1,CRITICAL,Estimated remaining life (1d) is critically short.,0.4082,0.4778,0.5171,0.5453,vibration_crest_factor (z=+2.4); vibration_current_corr (z=+2.2); vibration_max (z=-1.7),2026-08-05 14:29:30.455759
1.26,29.0,4.5,-0.49879,73.72,52.01,-49.7729,1,CRITICAL,Estimated remaining life (1d) is critically short.,0.4047,0.4753,0.5151,0.5436,vibration_current_corr (z=+2.3); vibration_crest_factor (z=+1.9); vibration_max (z=-1.7),2026-08-05 14:29:30.530805
1.06,31.4,4.36,-0.50041,72.41,52.68,-49.785,1,CRITICAL,Estimated remaining life (1d) is critically short.,0.4016,0.473,0.5132,0.542,vibration_current_corr (z=+2.3); vibration_crest_factor (z=+1.9); vibration_max (z=-1.7),2026-08-05 14:29:30.606360
1.47,33.4,4.12,-0.50996,64.69,53.07,-49.7901,1,CRITICAL,Estimated remaining life (1d) is critically short.,0.3997,0.4716,0.5121,0.541,vibration_crest_factor (z=+3.6); vibration_trend_slope (z=+2.2); vibration_mean (z=-1.7),2026-08-05 14:29:30.681008
1.19,33.5,3.83,-0.50635,67.61,53.55,-49.7762,1,CRITICAL,Estimated remaining life (1d) is critically short.,0.3974,0.4699,0.5107,0.5398,vibration_crest_factor (z=+3.2); vibration_trend_slope (z=+2.1); vibration_min (z=-1.7),2026-08-05 14:29:30.755326
1.08,35.3,4.21,-0.50608,67.83,54.02,-49.7474,1,CRITICAL,Estimated remaining life (1d) is critically short.,0.3952,0.4682,0.5093,0.5386,vibration_crest_factor (z=+2.9); vibration_min (z=-1.7); temperature_max (z=-1.7),2026-08-05 14:29:30.830056
0.95,39.1,4.21,-0.5147,60.86,54.24,-49.7116,1,CRITICAL,Estimated remaining life (1d) is critically short.,0.394,0.4674,0.5086,0.538,temperature_crest_factor (z=+3.0); vibration_crest_factor (z=+2.7); vibration_rms (z=-1.6),2026-08-05 14:29:30.916952
0.81,35.2,4.34,-0.49719,75.02,54.92,-49.6599,1,CRITICAL,Estimated remaining life (1d) is critically short.,0.3907,0.4649,0.5066,0.5362,vibration_crest_factor (z=+3.2); temperature_crest_factor (z=+2.7); vibration_min (z=-1.7),2026-08-05 14:29:30.993109
0.96,31.6,4.31,-0.50372,69.74,55.41,-49.5964,1,CRITICAL,Estimated remaining life (1d) is critically short.,0.3883,0.4631,0.5051,0.5349,vibration_crest_factor (z=+3.4); temperature_crest_factor (z=+3.1); vibration_mean (z=-1.7),2026-08-05 14:29:31.073344
1.08,29.0,4.25,-0.52529,52.29,55.31,-49.5305,1,CRITICAL,Estimated remaining life (1d) is critically short.,0.3887,0.4634,0.5052,0.5349,temperature_crest_factor (z=+3.5); vibration_crest_factor (z=+3.3); vibration_trend_slope (z=-1.8),2026-08-05 14:29:31.163397
1.1,35.7,3.85,-0.51656,59.35,55.44,-49.4564,1,CRITICAL,Estimated remaining life (1d) is critically short.,0.3879,0.4628,0.5047,0.5345,vibration_crest_factor (z=+3.5); temperature_crest_factor (z=+3.2); vibration_mean (z=-1.7),2026-08-05 14:29:31.246477
1.18,31.3,4.44,-0.53111,47.58,55.18,-49.3907,1,CRITICAL,Estimated remaining life (1d) is critically short.,0.389,0.4635,0.5053,0.5349,vibration_crest_factor (z=+3.7); temperature_crest_factor (z=+2.9); current_max (z=-1.7),2026-08-05 14:29:31.316147
0.99,29.2,4.23,-0.55015,32.18,54.43,-49.3348,1,CRITICAL,Estimated remaining life (1d) is critically short.,0.3925,0.466,0.5073,0.5367,vibration_crest_factor (z=+3.8); temperature_crest_factor (z=+3.1); temperature_trend_slope (z=-1.9),2026-08-05 14:29:31.389564
0.85,31.2,4.09,-0.53658,43.16,54.06,-49.279,1,CRITICAL,Estimated remaining life (1d) is critically short.,0.3941,0.4672,0.5083,0.5374,temperature_crest_factor (z=+3.4); temperature_trend_slope (z=-2.3); vibration_max (z=-1.8),2026-08-05 14:29:31.462681
1.08,29.0,4.04,-0.54916,32.98,53.37,-49.2304,1,CRITICAL,Estimated remaining life (1d) is critically short.,0.3973,0.4695,0.5101,0.539,temperature_crest_factor (z=+3.9); temperature_trend_slope (z=-3.1); temperature_std (z=+1.8),2026-08-05 14:29:31.535856
0.96,28.0,4.53,-0.5394,40.88,52.96,-49.1929,1,CRITICAL,Estimated remaining life (1d) is critically short.,0.3992,0.4709,0.5112,0.54,temperature_crest_factor (z=+4.7); temperature_trend_slope (z=-3.3); temperature_std (z=+2.1),2026-08-05 14:29:31.610132
1.3,35.0,4.11,-0.49376,77.79,53.77,-49.1452,1,CRITICAL,Estimated remaining life (1d) is critically short.,0.3952,0.4679,0.5088,0.5379,vibration_crest_factor (z=+2.3); temperature_crest_factor (z=+1.9); vibration_max (z=-1.7),2026-08-05 14:29:31.685780
1.09,37.0,4.13,-0.50612,67.8,54.23,-49.085,1,CRITICAL,Estimated remaining life (1d) is critically short.,0.3929,0.4662,0.5074,0.5366,temperature_crest_factor (z=+2.9); vibration_crest_factor (z=+1.8); vibration_max (z=-1.7),2026-08-05 14:29:31.759581
1.15,32.8,4.47,-0.51062,64.16,54.56,-49.0181,1,CRITICAL,Estimated remaining life (1d) is critically short.,0.3912,0.465,0.5063,0.5357,temperature_crest_factor (z=+2.8); vibration_max (z=-1.7); vibration_rms (z=-1.7),2026-08-05 14:29:31.833158
0.87,28.7,4.54,-0.50682,67.23,54.97,-48.9542,1,CRITICAL,Estimated remaining life (1d) is critically short.,0.3891,0.4634,0.505,0.5345,temperature_crest_factor (z=+2.8); vibration_crest_factor (z=+1.8); vibration_max (z=-1.7),2026-08-05 14:29:31.907726
1.13,31.6,4.36,-0.50745,66.72,55.36,-48.8912,1,CRITICAL,Estimated remaining life (1d) is critically short.,0.3872,0.4619,0.5037,0.5334,temperature_crest_factor (z=+3.3); vibration_crest_factor (z=+1.8); vibration_max (z=-1.7),2026-08-05 14:29:31.981687
1.23,33.0,4.62,-0.51303,62.21,55.58,-48.8225,1,CRITICAL,Estimated remaining life (1d) is critically short.,0.3861,0.461,0.503,0.5327,temperature_crest_factor (z=+3.1); current_trend_slope (z=+1.8); vibration_max (z=-1.7),2026-08-05 14:29:32.060484
1.25,32.3,4.49,-0.51661,59.31,55.7,-48.7497,1,CRITICAL,Estimated remaining life (1d) is critically short.,0.3854,0.4605,0.5024,0.5322,temperature_crest_factor (z=+2.8); current_trend_slope (z=+1.9); vibration_max (z=-1.7),2026-08-05 14:29:32.133052
1.11,27.8,3.97,-0.50877,65.66,56.03,-48.6731,1,CRITICAL,Estimated remaining life (1d) is critically short.,0.3837,0.4592,0.5014,0.5312,temperature_crest_factor (z=+3.2); vibration_max (z=-1.7); temperature_min (z=-1.7),2026-08-05 14:29:32.203386
0.85,31.4,4.46,-0.50699,67.09,56.39,-48.5891,1,CRITICAL,Estimated remaining life (1d) is critically short.,0.3819,0.4578,0.5001,0.5301,temperature_crest_factor (z=+2.9); vibration_max (z=-1.7); vibration_rms (z=-1.7),2026-08-05 14:29:32.293277
0.98,33.1,4.07,-0.4912,79.86,57.16,-48.4935,1,CRITICAL,Estimated remaining life (1d) is critically short.,0.3782,0.455,0.4977,0.528,temperature_crest_factor (z=+2.4); vibration_max (z=-1.7); vibration_rms (z=-1.7),2026-08-05 14:29:32.373272
0.84,29.2,4.05,-0.50852,65.86,57.45,-48.39,1,CRITICAL,Estimated remaining life (1d) is critically short.,0.3767,0.4538,0.4967,0.527,temperature_crest_factor (z=+3.0); vibration_max (z=-1.8); vibration_rms (z=-1.7),2026-08-05 14:29:32.443301
1.09,30.1,4.25,-0.53784,42.14,56.95,-48.285,1,CRITICAL,Estimated remaining life (1d) is critically short.,0.379,0.4554,0.4979,0.528,temperature_crest_factor (z=+2.6); vibration_crest_factor (z=+2.2); current_trend_slope (z=-2.0),2026-08-05 14:29:32.643847
0.97,30.2,4.04,-0.54569,35.79,56.25,-48.2119,1,CRITICAL,Estimated remaining life (1d) is critically short.,0.3822,0.4576,0.4997,0.5295,temperature_crest_factor (z=+2.8); temperature_trend_slope (z=-2.5); vibration_crest_factor (z=+2.1),2026-08-05 14:29:32.722407
1.21,31.8,4.05,-0.53855,41.56,55.77,-48.1564,1,CRITICAL,Estimated remaining life (1d) is critically short.,0.3844,0.4592,0.501,0.5306,temperature_crest_factor (z=+3.0); temperature_trend_slope (z=-2.5); vibration_max (z=-1.8),2026-08-05 14:29:32.852110
1.03,26.7,4.09,-0.53,48.48,55.53,-48.1249,1,CRITICAL,Estimated remaining life (1d) is critically short.,0.3855,0.46,0.5016,0.5311,temperature_trend_slope (z=-2.4); vibration_max (z=-1.8); temperature_min (z=-1.7),2026-08-05 14:29:32.923155
1.2,32.8,4.1,-0.5141,61.34,55.72,-48.1034,1,CRITICAL,Estimated remaining life (1d) is critically short.,0.3846,0.4593,0.501,0.5305,temperature_trend_slope (z=-1.9); vibration_max (z=-1.8); temperature_min (z=-1.7),2026-08-05 14:29:32.992044
1.1,27.9,4.46,-0.51681,59.15,55.83,-48.0855,1,CRITICAL,Estimated remaining life (1d) is critically short.,0.3841,0.4589,0.5007,0.5302,temperature_trend_slope (z=-2.1); temperature_crest_factor (z=+2.0); vibration_max (z=-1.8),2026-08-05 14:29:33.069446
1.04,33.2,4.44,-0.51836,57.9,55.9,-48.078,1,CRITICAL,Estimated remaining life (1d) is critically short.,0.3838,0.4587,0.5004,0.53,temperature_max (z=-1.8); vibration_max (z=-1.8); temperature_min (z=-1.7),2026-08-05 14:29:33.141574
1.04,30.7,3.91,-0.51385,61.54,56.09,-48.0785,1,CRITICAL,Estimated remaining life (1d) is critically short.,0.3829,0.458,0.4999,0.5296,vibration_std (z=-2.1); temperature_max (z=-1.8); vibration_max (z=-1.8),2026-08-05 14:29:33.212974
1.08,31.3,4.59,-0.5083,66.03,56.41,-48.0741,1,CRITICAL,Estimated remaining life (1d) is critically short.,0.3814,0.4569,0.499,0.5288,vibration_std (z=-2.5); vibration_max (z=-1.8); temperature_max (z=-1.8),2026-08-05 14:29:33.293302
1.18,32.0,4.06,-0.50774,66.49,56.74,-48.0661,1,CRITICAL,Estimated remaining life (1d) is critically short.,0.3798,0.4557,0.498,0.5279,vibration_std (z=-2.4); vibration_max (z=-1.8); temperature_max (z=-1.8),2026-08-05 14:29:33.375607
1.08,31.6,4.62,-0.52033,56.3,56.73,-48.0521,1,CRITICAL,Estimated remaining life (1d) is critically short.,0.3799,0.4558,0.498,0.5279,vibration_std (z=-2.4); vibration_max (z=-1.8); temperature_max (z=-1.8),2026-08-05 14:29:33.460888
1.04,31.4,4.35,-0.52408,53.27,56.61,-48.0297,1,CRITICAL,Estimated remaining life (1d) is critically short.,0.3804,0.4561,0.4983,0.5281,vibration_std (z=-2.6); temperature_skew (z=-2.0); vibration_max (z=-1.8),2026-08-05 14:29:33.532802
1.02,31.3,3.96,-0.52357,53.68,56.52,-47.9998,1,CRITICAL,Estimated remaining life (1d) is critically short.,0.3809,0.4564,0.4985,0.5283,vibration_std (z=-2.7); temperature_skew (z=-1.9); vibration_max (z=-1.8),2026-08-05 14:29:33.605747
1.24,33.8,4.26,-0.51949,56.98,56.53,-47.961,1,CRITICAL,Estimated remaining life (1d) is critically short.,0.3808,0.4563,0.4984,0.5282,vibration_std (z=-2.4); temperature_kurtosis (z=+1.9); vibration_max (z=-1.8),2026-08-05 14:29:33.677486
1.41,34.6,4.66,-0.53166,47.14,56.23,-47.9203,1,CRITICAL,Estimated remaining life (1d) is critically short.,0.3822,0.4573,0.4992,0.5288,vibration_skew (z=+2.4); vibration_crest_factor (z=+2.3); vibration_kurtosis (z=+2.0),2026-08-05 14:29:33.751449
1.14,27.3,4.34,-0.52282,54.28,56.16,-47.8786,1,CRITICAL,Estimated remaining life (1d) is critically short.,0.3825,0.4575,0.4993,0.5288,vibration_skew (z=+2.2); vibration_crest_factor (z=+2.2); vibration_kurtosis (z=+1.8),2026-08-05 14:29:33.823892
1.08,30.6,4.12,-0.52556,52.07,56.03,-47.8387,1,CRITICAL,Estimated remaining life (1d) is critically short.,0.3832,0.4579,0.4996,0.5291,vibration_skew (z=+2.2); vibration_crest_factor (z=+2.1); vibration_kurtosis (z=+1.9),2026-08-05 14:29:33.898070
0.89,34.0,4.01,-0.50952,65.04,56.32,-47.793,1,CRITICAL,Estimated remaining life (1d) is critically short.,0.3817,0.4568,0.4986,0.5282,vibration_crest_factor (z=+2.4); temperature_max (z=-1.7); temperature_min (z=-1.7),2026-08-05 14:29:33.968139
1.04,37.0,4.53,-0.51033,64.39,56.59,-47.7386,1,CRITICAL,Estimated remaining life (1d) is critically short.,0.3805,0.4558,0.4978,0.5274,vibration_crest_factor (z=+2.4); temperature_crest_factor (z=+2.3); temperature_min (z=-1.7),2026-08-05 14:29:34.035464
0.88,37.0,4.2,-0.51817,58.05,56.64,-47.6864,1,CRITICAL,Estimated remaining life (1d) is critically short.,0.3803,0.4556,0.4975,0.5272,vibration_crest_factor (z=+2.9); temperature_trend_slope (z=+1.9); vibration_current_corr (z=+1.8),2026-08-05 14:29:34.139931
0.88,34.6,4.59,-0.52137,55.46,56.6,-47.6307,1,CRITICAL,Estimated remaining life (1d) is critically short.,0.3804,0.4556,0.4975,0.5271,vibration_crest_factor (z=+3.3); temperature_trend_slope (z=+1.9); vibration_mean (z=-1.7),2026-08-05 14:29:34.224577
1.22,32.5,4.43,-0.51087,63.95,56.84,-47.5686,1,CRITICAL,Estimated remaining life (1d) is critically short.,0.3793,0.4547,0.4967,0.5264,vibration_crest_factor (z=+2.9); temperature_min (z=-1.7); vibration_mean (z=-1.7),2026-08-05 14:29:34.299611
1.04,32.5,4.57,-0.51049,64.26,57.08,-47.5014,1,CRITICAL,Estimated remaining life (1d) is critically short.,0.3781,0.4538,0.4959,0.5256,vibration_crest_factor (z=+2.9); temperature_min (z=-1.7); vibration_mean (z=-1.7),2026-08-05 14:29:34.369909
1.22,32.2,4.41,-0.50732,66.82,57.4,-47.4198,1,CRITICAL,Estimated remaining life (1d) is critically short.,0.3766,0.4526,0.4948,0.5246,vibration_crest_factor (z=+2.9); temperature_min (z=-1.7); vibration_mean (z=-1.7),2026-08-05 14:29:34.444933
1.06,32.6,4.66,-0.50809,66.2,57.69,-47.321,1,CRITICAL,Estimated remaining life (1d) is critically short.,0.3752,0.4515,0.4938,0.5236,vibration_max (z=-1.8); current_trend_slope (z=+1.8); vibration_rms (z=-1.7),2026-08-05 14:29:34.534291
1.08,31.7,4.37,-0.50276,70.51,58.11,-47.2256,1,CRITICAL,Estimated remaining life (1d) is critically short.,0.3733,0.4499,0.4924,0.5223,vibration_max (z=-1.8); vibration_rms (z=-1.7); vibration_mean (z=-1.7),2026-08-05 14:29:34.607762
1.25,32.6,4.32,-0.50373,69.73,58.49,-47.1508,1,CRITICAL,Estimated remaining life (1d) is critically short.,0.3716,0.4485,0.4912,0.5212,temperature_trend_slope (z=-1.8); vibration_max (z=-1.8); vibration_rms (z=-1.7),2026-08-05 14:29:34.685310
1.09,35.0,4.23,-0.49141,79.7,59.19,-47.0902,1,CRITICAL,Estimated remaining life (1d) is critically short.,0.3684,0.4461,0.4891,0.5193,vibration_max (z=-1.8); vibration_rms (z=-1.7); vibration_mean (z=-1.7),2026-08-05 14:29:34.759730
1.14,32.2,4.16,-0.49823,74.18,59.68,-47.0426,1,CRITICAL,Estimated remaining life (1d) is critically short.,0.3662,0.4444,0.4876,0.518,temperature_skew (z=+2.0); vibration_max (z=-1.8); vibration_rms (z=-1.7),2026-08-05 14:29:34.832813
0.89,33.2,4.06,-0.50623,67.7,59.94,-46.9988,1,CRITICAL,Estimated remaining life (1d) is critically short.,0.3651,0.4435,0.4868,0.5172,temperature_std (z=-2.3); current_trend_slope (z=-2.1); vibration_max (z=-1.8),2026-08-05 14:29:34.904635
0.92,34.9,4.03,-0.52117,55.62,59.8,-46.9552,1,CRITICAL,Estimated remaining life (1d) is critically short.,0.3658,0.4439,0.4871,0.5174,current_trend_slope (z=-2.3); temperature_std (z=-2.2); vibration_max (z=-1.8),2026-08-05 14:29:34.974528
0.96,30.9,3.98,-0.51522,60.43,59.82,-46.9144,1,CRITICAL,Estimated remaining life (1d) is critically short.,0.3658,0.4438,0.487,0.5173,current_trend_slope (z=-2.7); temperature_std (z=-1.9); vibration_max (z=-1.8),2026-08-05 14:29:35.051269
1.11,30.3,4.35,-0.50467,68.97,60.12,-46.8805,1,CRITICAL,Estimated remaining life (1d) is critically short.,0.3645,0.4428,0.4861,0.5164,current_trend_slope (z=-1.8); vibration_current_corr (z=+1.8); vibration_max (z=-1.8),2026-08-05 14:29:35.120027
1.06,32.6,3.6,-0.53594,43.67,59.58,-46.8729,1,CRITICAL,Estimated remaining life (1d) is critically short.,0.367,0.4446,0.4876,0.5177,current_trend_slope (z=-2.8); current_crest_factor (z=+2.2); vibration_std (z=-1.8),2026-08-05 14:29:35.191038
0.95,33.6,4.01,-0.522,54.95,59.43,-46.8967,1,CRITICAL,Estimated remaining life (1d) is critically short.,0.3676,0.4452,0.488,0.5182,current_trend_slope (z=-1.9); current_min (z=-1.8); vibration_max (z=-1.8),2026-08-05 14:29:35.263246
1.29,35.5,4.06,-0.5202,56.41,59.33,-46.9419,1,CRITICAL,Estimated remaining life (1d) is critically short.,0.3679,0.4455,0.4884,0.5186,current_min (z=-1.8); current_max (z=-1.8); vibration_max (z=-1.7),2026-08-05 14:29:35.337958
1.27,30.2,4.48,-0.50065,72.22,59.75,-46.9858,1,CRITICAL,Estimated remaining life (1d) is critically short.,0.3658,0.444,0.4873,0.5177,current_min (z=-1.8); vibration_max (z=-1.7); vibration_rms (z=-1.7),2026-08-05 14:29:35.414734
1.3,36.1,4.32,-0.50573,68.11,60.03,-47.0289,1,CRITICAL,Estimated remaining life (1d) is critically short.,0.3644,0.4431,0.4866,0.5171,current_min (z=-1.8); vibration_max (z=-1.7); vibration_rms (z=-1.7),2026-08-05 14:29:35.501006
1.03,34.1,4.5,-0.51032,64.4,60.17,-47.0685,1,CRITICAL,Estimated remaining life (1d) is critically short.,0.3636,0.4425,0.4862,0.5169,current_trend_slope (z=+1.8); current_min (z=-1.8); vibration_max (z=-1.7),2026-08-05 14:29:35.575575
0.92,36.4,4.19,-0.50699,67.1,60.4,-47.1058,1,CRITICAL,Estimated remaining life (1d) is critically short.,0.3623,0.4417,0.4856,0.5165,current_min (z=-1.8); current_trend_slope (z=+1.7); vibration_max (z=-1.7),2026-08-05 14:29:35.676645
1.01,35.5,4.18,-0.51639,59.49,60.37,-47.1482,1,CRITICAL,Estimated remaining life (1d) is critically short.,0.3623,0.4418,0.4858,0.5167,temperature_trend_slope (z=+2.1); current_min (z=-1.8); vibration_max (z=-1.7),2026-08-05 14:29:35.760982
1.33,35.2,3.92,-0.49913,73.45,60.8,-47.1891,1,CRITICAL,Estimated remaining life (1d) is critically short.,0.3601,0.4403,0.4846,0.5157,current_min (z=-1.8); temperature_trend_slope (z=+1.8); vibration_max (z=-1.7),2026-08-05 14:29:35.837013
1.19,30.1,4.2,-0.49518,76.64,61.32,-47.2049,1,CRITICAL,Estimated remaining life (1d) is critically short.,0.3576,0.4385,0.4832,0.5145,current_min (z=-1.8); vibration_max (z=-1.7); current_max (z=-1.6),2026-08-05 14:29:35.920167
1.09,32.5,4.46,-0.47965,89.2,62.23,-47.1923,1,CRITICAL,Estimated remaining life (1d) is critically short.,0.3535,0.4353,0.4806,0.5122,vibration_max (z=-1.7); current_max (z=-1.6); vibration_rms (z=-1.6),2026-08-05 14:29:35.994995
0.95,35.3,4.79,-0.50551,68.29,62.43,-47.1639,1,CRITICAL,Estimated remaining life (1d) is critically short.,0.3527,0.4347,0.48,0.5117,current_crest_factor (z=+2.0); vibration_max (z=-1.7); vibration_rms (z=-1.6),2026-08-05 14:29:36.069302
1.08,35.1,4.84,-0.50647,67.52,62.6,-47.1295,1,CRITICAL,Estimated remaining life (1d) is critically short.,0.3521,0.4341,0.4794,0.5111,vibration_max (z=-1.7); current_crest_factor (z=+1.7); vibration_rms (z=-1.7),2026-08-05 14:29:36.139081
1.04,36.0,4.45,-0.53197,46.88,62.08,-47.0989,1,CRITICAL,Estimated remaining life (1d) is critically short.,0.3545,0.4359,0.4809,0.5123,temperature_skew (z=-2.5); temperature_kurtosis (z=+1.9); current_trend_slope (z=+1.7),2026-08-05 14:29:36.223294
1.05,36.6,4.39,-0.53861,41.52,61.41,-47.0686,1,CRITICAL,Estimated remaining life (1d) is critically short.,0.3577,0.4382,0.4827,0.5139,temperature_skew (z=-2.4); vibration_crest_factor (z=+2.1); vibration_max (z=-1.7),2026-08-05 14:29:36.297325
1.21,32.9,4.25,-0.52061,56.07,61.23,-47.0264,1,CRITICAL,Estimated remaining life (1d) is critically short.,0.3587,0.4389,0.4831,0.5142,temperature_skew (z=-1.9); current_crest_factor (z=+1.9); vibration_crest_factor (z=+1.8),2026-08-05 14:29:36.405552
0.94,33.9,3.84,-0.51885,57.5,61.11,-46.9733,1,CRITICAL,Estimated remaining life (1d) is critically short.,0.3594,0.4393,0.4834,0.5143,current_crest_factor (z=+2.2); vibration_crest_factor (z=+1.7); temperature_skew (z=-1.7),2026-08-05 14:29:36.514530
1.23,34.3,4.22,-0.51132,63.59,61.19,-46.9073,1,CRITICAL,Estimated remaining life (1d) is critically short.,0.3592,0.439,0.4831,0.514,current_crest_factor (z=+2.2); vibration_max (z=-1.7); vibration_rms (z=-1.7),2026-08-05 14:29:36.598913
1.06,34.9,4.07,-0.51935,57.1,61.06,-46.8356,1,CRITICAL,Estimated remaining life (1d) is critically short.,0.36,0.4395,0.4833,0.5141,current_trend_slope (z=-2.2); current_crest_factor (z=+2.1); vibration_std (z=-1.9),2026-08-05 14:29:36.674334
0.92,33.3,4.18,-0.52024,56.37,60.9,-46.7589,1,CRITICAL,Estimated remaining life (1d) is critically short.,0.3609,0.44,0.4836,0.5142,current_trend_slope (z=-2.9); current_crest_factor (z=+2.1); vibration_std (z=-1.9),2026-08-05 14:29:36.753750
0.91,38.2,4.01,-0.52515,52.4,60.62,-46.6853,1,CRITICAL,Estimated remaining life (1d) is critically short.,0.3623,0.4409,0.4843,0.5147,current_trend_slope (z=-3.3); current_crest_factor (z=+2.5); vibration_max (z=-1.8),2026-08-05 14:29:36.829614
1.28,34.1,4.33,-0.51513,60.51,60.62,-46.6046,1,CRITICAL,Estimated remaining life (1d) is critically short.,0.3625,0.4409,0.4842,0.5145,current_crest_factor (z=+3.1); current_trend_slope (z=-2.1); vibration_max (z=-1.7),2026-08-05 14:29:36.905849
1.4,32.6,4.13,-0.49258,78.75,61.21,-46.5074,1,CRITICAL,Estimated remaining life (1d) is critically short.,0.36,0.4388,0.4823,0.5128,vibration_crest_factor (z=+2.4); current_max (z=-1.7); vibration_mean (z=-1.7),2026-08-05 14:29:36.992195
1.49,32.2,4.57,-0.51727,58.78,61.13,-46.4077,1,CRITICAL,Estimated remaining life (1d) is critically short.,0.3605,0.4391,0.4824,0.5127,vibration_crest_factor (z=+2.8); vibration_current_corr (z=+2.0); vibration_mean (z=-1.6),2026-08-05 14:29:37.064260
1.3,30.3,4.26,-0.52969,48.73,60.73,-46.3042,1,CRITICAL,Estimated remaining life (1d) is critically short.,0.3625,0.4404,0.4833,0.5134,vibration_current_corr (z=+2.4); vibration_crest_factor (z=+2.3); temperature_crest_factor (z=+2.0),2026-08-05 14:29:37.135506
1.11,30.8,4.19,-0.53236,46.57,60.26,-46.1988,1,CRITICAL,Estimated remaining life (1d) is critically short.,0.3648,0.4419,0.4844,0.5142,vibration_crest_factor (z=+2.5); vibration_current_corr (z=+2.3); temperature_crest_factor (z=+2.2),2026-08-05 14:29:37.206044
1.13,35.8,4.27,-0.52001,56.56,60.14,-46.0855,1,CRITICAL,Estimated remaining life (1d) is critically short.,0.3654,0.4422,0.4846,0.5142,vibration_crest_factor (z=+2.2); vibration_current_corr (z=+2.2); temperature_crest_factor (z=+2.0),2026-08-05 14:29:37.286204
1.08,36.1,4.41,-0.49871,73.79,60.59,-45.962,1,CRITICAL,Estimated remaining life (1d) is critically short.,0.3636,0.4407,0.4831,0.5128,vibration_crest_factor (z=+2.5); vibration_current_corr (z=+1.8); temperature_crest_factor (z=+1.8),2026-08-05 14:29:37.361844
1.24,32.5,4.25,-0.49777,74.55,61.05,-45.8303,1,CRITICAL,Estimated remaining life (1d) is critically short.,0.3617,0.439,0.4816,0.5114,vibration_crest_factor (z=+2.2); temperature_crest_factor (z=+2.1); vibration_current_corr (z=+1.8),2026-08-05 14:29:37.450300
1.08,33.1,4.52,-0.48696,83.29,61.78,-45.6898,1,CRITICAL,Estimated remaining life (1d) is critically short.,0.3586,0.4366,0.4794,0.5093,temperature_crest_factor (z=+2.1); vibration_crest_factor (z=+2.0); current_max (z=-1.6),2026-08-05 14:29:37.527234
1.04,31.0,4.35,-0.49127,79.81,62.37,-45.5427,1,CRITICAL,Estimated remaining life (1d) is critically short.,0.3563,0.4345,0.4775,0.5075,vibration_crest_factor (z=+1.8); vibration_trend_slope (z=-1.8); current_std (z=-1.7),2026-08-05 14:29:37.607229
0.94,33.3,4.69,-0.49358,77.94,62.88,-45.3916,1,CRITICAL,Estimated remaining life (1d) is critically short.,0.3543,0.4328,0.4759,0.5059,vibration_crest_factor (z=+2.3); vibration_trend_slope (z=-2.3); temperature_max (z=-1.6),2026-08-05 14:29:37.688819
1.37,33.7,4.29,-0.48356,86.05,63.64,-45.2316,1,CRITICAL,Estimated remaining life (1d) is critically short.,0.3513,0.4303,0.4736,0.5038,vibration_crest_factor (z=+2.4); temperature_max (z=-1.6); vibration_mean (z=-1.6),2026-08-05 14:29:37.769723
1.5,32.2,4.18,-0.5006,72.26,63.92,-45.0647,1,CRITICAL,Estimated remaining life (1d) is critically short.,0.3505,0.4294,0.4726,0.5027,vibration_crest_factor (z=+2.5); vibration_current_corr (z=-2.1); current_skew (z=+1.8),2026-08-05 14:29:37.850164
1.42,33.7,4.37,-0.50124,71.75,64.18,-44.8858,1,CRITICAL,Estimated remaining life (1d) is critically short.,0.3498,0.4286,0.4717,0.5017,vibration_crest_factor (z=+2.2); vibration_current_corr (z=-1.8); vibration_trend_slope (z=+1.6),2026-08-05 14:29:37.942323
1.21,34.7,4.29,-0.49854,73.93,64.5,-44.6929,1,CRITICAL,Estimated remaining life (1d) is critically short.,0.3488,0.4276,0.4706,0.5005,vibration_crest_factor (z=+2.1); vibration_current_corr (z=-2.1); current_skew (z=+1.7),2026-08-05 14:29:38.018924
1.02,33.7,4.39,-0.49973,72.97,64.77,-44.4919,1,CRITICAL,Estimated remaining life (1d) is critically short.,0.3481,0.4267,0.4695,0.4993,vibration_crest_factor (z=+2.2); vibration_current_corr (z=-2.2); temperature_std (z=-1.8),2026-08-05 14:29:38.102685
0.9,35.3,4.45,-0.50991,64.73,64.77,-44.2804,1,CRITICAL,Estimated remaining life (1d) is critically short.,0.3485,0.4267,0.4693,0.4989,vibration_crest_factor (z=+2.5); vibration_current_corr (z=-2.1); temperature_std (z=-2.0),2026-08-05 14:29:38.174643
1.18,39.3,4.13,-0.53696,42.85,64.05,-44.0734,1,CRITICAL,Estimated remaining life (1d) is critically short.,0.3519,0.4289,0.4709,0.5,temperature_crest_factor (z=+2.7); temperature_kurtosis (z=+2.7); vibration_crest_factor (z=+2.6),2026-08-05 14:29:38.287870
1.04,35.2,4.44,-0.53575,43.83,63.39,-43.8668,1,CRITICAL,Estimated remaining life (1d) is critically short.,0.3549,0.4309,0.4723,0.5011,vibration_crest_factor (z=+2.7); temperature_crest_factor (z=+2.5); temperature_trend_slope (z=+2.1),2026-08-05 14:29:38.407686
0.99,34.4,4.2,-0.53894,41.25,62.67,-43.6684,1,CRITICAL,Estimated remaining life (1d) is critically short.,0.3582,0.4331,0.4739,0.5023,temperature_kurtosis (z=+3.3); vibration_crest_factor (z=+2.7); temperature_skew (z=+2.5),2026-08-05 14:29:38.508079
1.05,36.2,4.13,-0.53016,48.35,62.2,-43.4728,1,CRITICAL,Estimated remaining life (1d) is critically short.,0.3603,0.4344,0.4748,0.5029,vibration_crest_factor (z=+2.6); vibration_trend_slope (z=-2.4); temperature_kurtosis (z=+2.1),2026-08-05 14:29:38.592969
1.17,33.1,4.19,-0.52697,50.93,61.83,-43.2714,1,CRITICAL,Estimated remaining life (1d) is critically short.,0.3619,0.4354,0.4754,0.5033,vibration_crest_factor (z=+2.9); current_std (z=-1.9); temperature_crest_factor (z=+1.9),2026-08-05 14:29:38.674209
1.4,36.4,4.07,-0.50644,67.54,62.01,-43.0573,1,CRITICAL,Estimated remaining life (1d) is critically short.,0.3611,0.4346,0.4745,0.5024,vibration_crest_factor (z=+2.1); temperature_skew (z=+1.8); current_std (z=-1.7),2026-08-05 14:29:38.755453
1.2,30.1,4.65,-0.48912,81.55,62.65,-42.8283,1,CRITICAL,Estimated remaining life (1d) is critically short.,0.3584,0.4323,0.4725,0.5004,vibration_crest_factor (z=+2.2); temperature_crest_factor (z=+1.8); vibration_max (z=-1.7),2026-08-05 14:29:38.837745
1.09,29.6,4.13,-0.51132,63.59,62.69,-42.5974,1,CRITICAL,Estimated remaining life (1d) is critically short.,0.3583,0.432,0.472,0.4998,vibration_crest_factor (z=+2.4); temperature_crest_factor (z=+2.3); temperature_trend_slope (z=-2.1),2026-08-05 14:29:38.912235
1.17,33.9,4.23,-0.51286,62.35,62.67,-42.3594,1,CRITICAL,Estimated remaining life (1d) is critically short.,0.3583,0.4317,0.4716,0.4993,temperature_trend_slope (z=-2.3); temperature_crest_factor (z=+2.3); vibration_crest_factor (z=+2.2),2026-08-05 14:29:39.044279
1.18,32.3,4.38,-0.53294,46.1,62.13,-42.1223,1,CRITICAL,Estimated remaining life (1d) is critically short.,0.3605,0.4332,0.4726,0.5,temperature_crest_factor (z=+2.6); temperature_trend_slope (z=-2.5); current_skew (z=+1.8),2026-08-05 14:29:39.129614
1.17,33.2,4.32,-0.516,59.8,62.05,-41.8792,1,CRITICAL,Estimated remaining life (1d) is critically short.,0.3607,0.4331,0.4723,0.4996,vibration_crest_factor (z=+1.8); vibration_max (z=-1.7); vibration_std (z=-1.6),2026-08-05 14:29:39.199140
0.9,29.0,4.28,-0.51043,64.31,62.13,-41.6306,1,CRITICAL,Estimated remaining life (1d) is critically short.,0.3603,0.4325,0.4717,0.4989,current_kurtosis (z=+2.1); current_skew (z=+2.1); vibration_crest_factor (z=+2.0),2026-08-05 14:29:39.270513
0.95,32.6,4.84,-0.52187,55.06,61.9,-41.3867,1,CRITICAL,Estimated remaining life (1d) is critically short.,0.3611,0.4329,0.4718,0.4989,current_crest_factor (z=+2.4); vibration_crest_factor (z=+2.0); current_skew (z=+1.8),2026-08-05 14:29:39.351589
1.13,29.5,4.36,-0.51988,56.67,61.73,-41.1589,1,CRITICAL,Estimated remaining life (1d) is critically short.,0.3617,0.4332,0.4719,0.4987,current_crest_factor (z=+2.2); temperature_crest_factor (z=+2.1); vibration_crest_factor (z=+1.9),2026-08-05 14:29:39.423412
1.23,35.0,4.25,-0.5101,64.58,61.82,-40.9336,1,CRITICAL,Estimated remaining life (1d) is critically short.,0.3612,0.4326,0.4712,0.498,current_crest_factor (z=+2.1); temperature_crest_factor (z=+1.9); vibration_crest_factor (z=+1.8),2026-08-05 14:29:39.515578
1.08,27.5,3.88,-0.51566,60.08,61.76,-40.7127,1,CRITICAL,Estimated remaining life (1d) is critically short.,0.3614,0.4325,0.471,0.4976,current_crest_factor (z=+2.3); vibration_max (z=-1.8); vibration_std (z=-1.8),2026-08-05 14:29:39.596813
1.01,29.7,3.95,-0.52648,51.33,61.42,-40.4992,1,CRITICAL,Estimated remaining life (1d) is critically short.,0.3627,0.4333,0.4715,0.4979,current_crest_factor (z=+3.0); vibration_std (z=-1.8); vibration_max (z=-1.8),2026-08-05 14:29:39.676337
1.02,31.8,4.1,-0.52503,52.5,61.13,-40.2982,1,CRITICAL,Estimated remaining life (1d) is critically short.,0.3638,0.4339,0.4719,0.4981,current_crest_factor (z=+3.1); vibration_max (z=-1.8); vibration_std (z=-1.7),2026-08-05 14:29:39.754219
0.99,36.0,4.57,-0.51756,58.55,61.04,-40.0962,1,CRITICAL,Estimated remaining life (1d) is critically short.,0.3641,0.4339,0.4717,0.4979,current_crest_factor (z=+2.7); temperature_crest_factor (z=+2.1); vibration_max (z=-1.8),2026-08-05 14:29:39.827444
1.04,35.5,4.55,-0.52144,55.41,60.86,-39.8997,1,CRITICAL,Estimated remaining life (1d) is critically short.,0.3647,0.4343,0.4718,0.4979,current_crest_factor (z=+2.5); vibration_std (z=-1.9); vibration_max (z=-1.8),2026-08-05 14:29:39.901130
0.99,35.1,3.89,-0.5461,35.45,60.03,-39.7259,1,CRITICAL,Estimated remaining life (1d) is critically short.,0.3681,0.4366,0.4736,0.4993,current_crest_factor (z=+2.9); temperature_trend_slope (z=+2.2); vibration_std (z=-2.1),2026-08-05 14:29:39.976827
1.06,36.5,4.07,-0.56008,24.15,58.85,-39.5736,1,CRITICAL,Estimated remaining life (1d) is critically short.,0.373,0.4401,0.4764,0.5016,current_crest_factor (z=+3.2); vibration_std (z=-2.3); temperature_trend_slope (z=+2.3),2026-08-05 14:29:40.052608
1.15,36.2,4.26,-0.53144,47.31,58.47,-39.4259,1,CRITICAL,Estimated remaining life (1d) is critically short.,0.3744,0.441,0.4771,0.5021,temperature_trend_slope (z=+2.9); vibration_std (z=-2.4); vibration_max (z=-1.8),2026-08-05 14:29:40.153645
1.06,35.0,4.21,-0.54029,40.16,57.87,-39.2839,1,CRITICAL,Estimated remaining life (1d) is critically short.,0.3768,0.4426,0.4783,0.5032,vibration_std (z=-2.5); temperature_trend_slope (z=+2.3); temperature_skew (z=-2.0),2026-08-05 14:29:40.249334
1.28,35.3,3.83,-0.56703,18.53,56.58,-39.1616,1,CRITICAL,Estimated remaining life (1d) is critically short.,0.3821,0.4465,0.4814,0.5058,temperature_trend_slope (z=+2.9); vibration_skew (z=+2.5); vibration_kurtosis (z=+2.4),2026-08-05 14:29:40.335593
1.46,29.6,4.0,-0.54502,36.33,55.92,-39.0422,1,CRITICAL,Estimated remaining life (1d) is critically short.,0.3847,0.4483,0.4829,0.507,vibration_crest_factor (z=+3.2); vibration_skew (z=+2.4); vibration_kurtosis (z=+1.9),2026-08-05 14:29:40.409706
1.22,33.6,4.5,-0.52005,56.53,55.94,-38.9162,1,CRITICAL,Estimated remaining life (1d) is critically short.,0.3844,0.448,0.4826,0.5067,vibration_crest_factor (z=+2.9); temperature_skew (z=-2.2); vibration_skew (z=+1.8),2026-08-05 14:29:40.486298
1.04,34.7,4.59,-0.54614,35.43,55.26,-38.7937,1,CRITICAL,Estimated remaining life (1d) is critically short.,0.387,0.4499,0.484,0.5079,temperature_kurtosis (z=+4.1); temperature_skew (z=-3.3); vibration_crest_factor (z=+2.8),2026-08-05 14:29:40.562400
1.0,33.5,4.83,-0.55847,25.45,54.29,-38.6844,1,CRITICAL,Estimated remaining life (1d) is critically short.,0.391,0.4527,0.4863,0.5099,temperature_kurtosis (z=+3.2); vibration_crest_factor (z=+2.8); temperature_skew (z=-2.8),2026-08-05 14:29:40.634765
1.07,33.4,4.67,-0.55826,25.62,53.35,-38.588,1,CRITICAL,Estimated remaining life (1d) is critically short.,0.3948,0.4555,0.4886,0.5118,current_trend_slope (z=+3.4); vibration_crest_factor (z=+2.8); current_crest_factor (z=+2.6),2026-08-05 14:29:40.711212
1.16,30.7,4.57,-0.53844,41.65,52.96,-38.4965,1,CRITICAL,Estimated remaining life (1d) is critically short.,0.3962,0.4565,0.4894,0.5124,current_trend_slope (z=+3.0); vibration_crest_factor (z=+2.5); current_crest_factor (z=+1.9),2026-08-05 14:29:40.805650
1.17,34.4,4.32,-0.53668,43.07,52.64,-38.4048,1,CRITICAL,Estimated remaining life (1d) is critically short.,0.3974,0.4573,0.49,0.513,vibration_crest_factor (z=+2.3); current_trend_slope (z=+2.2); vibration_current_corr (z=-2.1),2026-08-05 14:29:40.890319
1.02,31.8,3.73,-0.53177,47.05,52.46,-38.3106,1,CRITICAL,Estimated remaining life (1d) is critically short.,0.3979,0.4576,0.4903,0.5132,vibration_crest_factor (z=+2.5); current_std (z=+2.3); current_crest_factor (z=+2.2),2026-08-05 14:29:41.030587
1.26,34.6,3.92,-0.52824,49.91,52.37,-38.2127,1,CRITICAL,Estimated remaining life (1d) is critically short.,0.398,0.4577,0.4903,0.5132,current_std (z=+2.7); current_crest_factor (z=+2.5); vibration_crest_factor (z=+2.2),2026-08-05 14:29:41.108619
1.1,34.6,3.94,-0.55046,31.93,51.7,-38.1291,1,CRITICAL,Estimated remaining life (1d) is critically short.,0.4007,0.4596,0.4919,0.5145,vibration_crest_factor (z=+2.5); current_std (z=+2.5); current_trend_slope (z=-2.4),2026-08-05 14:29:41.187781
1.5,31.9,4.22,-0.56128,23.18,50.77,-38.062,1,CRITICAL,Estimated remaining life (1d) is critically short.,0.4046,0.4624,0.4942,0.5165,current_trend_slope (z=-3.4); vibration_crest_factor (z=+2.9); current_std (z=+2.2),2026-08-05 14:29:41.281067
1.11,32.3,4.33,-0.57,16.12,49.63,-38.0189,1,CRITICAL,Estimated remaining life (1d) is critically short.,0.4095,0.466,0.4971,0.519,vibration_crest_factor (z=+3.1); current_trend_slope (z=-3.0); vibration_kurtosis (z=+2.6),2026-08-05 14:29:41.369068
0.94,32.0,4.12,-0.55852,25.41,48.84,-38.0026,1,CRITICAL,Estimated remaining life (1d) is critically short.,0.4129,0.4685,0.4991,0.5208,vibration_crest_factor (z=+3.3); current_crest_factor (z=+2.8); current_trend_slope (z=-2.7),2026-08-05 14:29:41.458922
0.83,32.9,3.78,-0.5352,44.27,48.69,-38.0007,1,CRITICAL,Estimated remaining life (1d) is critically short.,0.4136,0.4689,0.4995,0.5211,vibration_crest_factor (z=+3.5); current_crest_factor (z=+2.5); current_trend_slope (z=-2.2),2026-08-05 14:29:41.532304
0.67,32.3,4.22,-0.54151,39.17,48.38,-38.0198,1,CRITICAL,Estimated remaining life (1d) is critically short.,0.415,0.47,0.5004,0.5219,vibration_crest_factor (z=+4.1); vibration_trend_slope (z=-2.0); current_crest_factor (z=+2.0),2026-08-05 14:29:41.629599
0.87,30.6,3.93,-0.54948,32.73,47.86,-38.0693,1,CRITICAL,Estimated remaining life (1d) is critically short.,0.4174,0.4717,0.5018,0.5231,vibration_crest_factor (z=+4.7); vibration_trend_slope (z=-2.3); temperature_std (z=-1.8),2026-08-05 14:29:41.700841
1.11,34.6,4.14,-0.54615,35.42,47.46,-38.1364,1,CRITICAL,Estimated remaining life (1d) is critically short.,0.4194,0.4732,0.503,0.5242,vibration_crest_factor (z=+4.8); current_max (z=-1.8); vibration_min (z=-1.8),2026-08-05 14:29:41.769164
1.15,35.1,3.65,-0.52943,48.94,47.5,-38.2114,1,CRITICAL,Estimated remaining life (1d) is critically short.,0.4194,0.4732,0.503,0.5242,vibration_crest_factor (z=+4.5); current_max (z=-1.8); vibration_min (z=-1.8),2026-08-05 14:29:41.840415
1.1,35.9,4.51,-0.52696,50.94,47.62,-38.2944,1,CRITICAL,Estimated remaining life (1d) is critically short.,0.419,0.473,0.5029,0.5241,vibration_crest_factor (z=+4.9); vibration_min (z=-1.8); current_min (z=-1.7),2026-08-05 14:29:41.915638
0.92,32.1,4.42,-0.52704,50.88,47.72,-38.3769,1,CRITICAL,Estimated remaining life (1d) is critically short.,0.4187,0.4728,0.5028,0.524,vibration_crest_factor (z=+5.3); vibration_min (z=-1.8); current_min (z=-1.7),2026-08-05 14:29:42.007289
0.98,33.7,4.11,-0.4982,74.2,48.59,-38.4485,1,CRITICAL,Estimated remaining life (1d) is critically short.,0.415,0.4702,0.5006,0.5222,vibration_max (z=-1.8); vibration_min (z=-1.8); vibration_mean (z=-1.8),2026-08-05 14:29:42.090291
1.3,34.5,3.96,-0.5137,61.67,49.02,-38.5167,1,CRITICAL,Estimated remaining life (1d) is critically short.,0.4133,0.4689,0.4997,0.5214,vibration_crest_factor (z=+3.1); vibration_min (z=-1.8); current_min (z=-1.7),2026-08-05 14:29:42.172622
1.13,37.9,3.99,-0.51355,61.79,49.44,-38.5765,1,CRITICAL,Estimated remaining life (1d) is critically short.,0.4116,0.4677,0.4987,0.5206,vibration_crest_factor (z=+2.7); vibration_trend_slope (z=+1.9); current_crest_factor (z=+1.9),2026-08-05 14:29:42.253680
1.16,33.8,4.27,-0.50264,70.61,50.13,-38.6286,1,CRITICAL,Estimated remaining life (1d) is critically short.,0.4086,0.4656,0.497,0.5191,vibration_crest_factor (z=+2.1); vibration_trend_slope (z=+1.8); vibration_min (z=-1.8),2026-08-05 14:29:42.336897
0.74,34.6,4.2,-0.48927,81.42,51.16,-38.6745,1,CRITICAL,Estimated remaining life (1d) is critically short.,0.4042,0.4624,0.4944,0.5169,vibration_crest_factor (z=+2.0); current_min (z=-1.7); vibration_max (z=-1.7),2026-08-05 14:29:42.426031
0.75,32.7,4.02,-0.49924,73.36,51.89,-38.7135,1,CRITICAL,Estimated remaining life (1d) is critically short.,0.401,0.4602,0.4926,0.5154,vibration_crest_factor (z=+2.1); current_min (z=-1.7); vibration_max (z=-1.7),2026-08-05 14:29:42.512865
0.98,36.4,4.25,-0.49571,76.22,52.68,-38.7366,1,CRITICAL,Estimated remaining life (1d) is critically short.,0.3976,0.4577,0.4906,0.5136,vibration_crest_factor (z=+2.4); current_min (z=-1.7); vibration_max (z=-1.7),2026-08-05 14:29:42.605937
1.35,33.8,4.21,-0.48322,86.32,53.79,-38.7382,1,CRITICAL,Estimated remaining life (1d) is critically short.,0.3928,0.4542,0.4877,0.5111,vibration_crest_factor (z=+2.7); vibration_min (z=-1.7); vibration_mean (z=-1.7),2026-08-05 14:29:42.684917
1.0,33.5,4.39,-0.50166,71.4,54.36,-38.7195,1,CRITICAL,Estimated remaining life (1d) is critically short.,0.3903,0.4523,0.4862,0.5098,vibration_crest_factor (z=+2.9); vibration_min (z=-1.7); vibration_mean (z=-1.7),2026-08-05 14:29:42.770915
0.95,31.6,4.26,-0.51063,64.15,54.69,-38.6872,1,CRITICAL,Estimated remaining life (1d) is critically short.,0.3888,0.4513,0.4853,0.509,vibration_crest_factor (z=+2.8); current_max (z=-1.7); vibration_min (z=-1.7),2026-08-05 14:29:42.874153
1.25,34.1,4.7,-0.52324,53.95,54.66,-38.6545,1,CRITICAL,Estimated remaining life (1d) is critically short.,0.3889,0.4513,0.4853,0.509,vibration_crest_factor (z=+2.3); current_trend_slope (z=+2.1); current_crest_factor (z=+2.1),2026-08-05 14:29:42.977319
1.18,35.5,4.61,-0.50724,66.89,55.06,-38.6118,1,CRITICAL,Estimated remaining life (1d) is critically short.,0.3871,0.45,0.4841,0.508,vibration_crest_factor (z=+2.6); current_trend_slope (z=+2.3); vibration_min (z=-1.7),2026-08-05 14:29:43.060901
1.17,34.6,4.23,-0.51047,64.28,55.36,-38.5633,1,CRITICAL,Estimated remaining life (1d) is critically short.,0.3858,0.4489,0.4833,0.5072,vibration_crest_factor (z=+2.5); temperature_std (z=-1.8); vibration_min (z=-1.7),2026-08-05 14:29:43.147140
1.12,34.4,4.75,-0.52235,54.67,55.34,-38.5157,1,CRITICAL,Estimated remaining life (1d) is critically short.,0.3859,0.449,0.4832,0.5071,vibration_crest_factor (z=+2.6); current_trend_slope (z=+2.2); vibration_trend_slope (z=+1.9),2026-08-05 14:29:43.237915
1.18,34.9,4.95,-0.5188,57.54,55.41,-38.4654,1,CRITICAL,Estimated remaining life (1d) is critically short.,0.3855,0.4487,0.483,0.5069,current_trend_slope (z=+3.0); current_crest_factor (z=+2.2); vibration_crest_factor (z=+1.8),2026-08-05 14:29:43.329832
0.99,35.3,4.78,-0.50544,68.35,55.84,-38.3962,1,CRITICAL,Estimated remaining life (1d) is critically short.,0.3837,0.4472,0.4817,0.5058,current_trend_slope (z=+2.6); temperature_std (z=-1.9); vibration_max (z=-1.7),2026-08-05 14:29:43.424684
1.31,28.2,4.34,-0.5137,61.66,56.03,-38.3096,1,CRITICAL,Estimated remaining life (1d) is critically short.,0.3828,0.4465,0.4811,0.5051,temperature_kurtosis (z=+2.9); temperature_skew (z=-2.9); vibration_max (z=-1.7),2026-08-05 14:29:43.503768
1.25,25.5,4.2,-0.52312,54.05,55.96,-38.2135,1,CRITICAL,Estimated remaining life (1d) is critically short.,0.3829,0.4465,0.481,0.5051,temperature_skew (z=-2.3); temperature_trend_slope (z=-2.1); temperature_min (z=-1.8),2026-08-05 14:29:43.595736
1.17,31.3,4.14,-0.53418,45.1,55.61,-38.1162,1,CRITICAL,Estimated remaining life (1d) is critically short.,0.3843,0.4475,0.4818,0.5056,temperature_trend_slope (z=-2.2); temperature_skew (z=-1.9); temperature_min (z=-1.8),2026-08-05 14:29:43.671828
1.07,30.8,4.37,-0.55246,30.31,54.78,-38.0234,1,CRITICAL,Estimated remaining life (1d) is critically short.,0.3878,0.45,0.4837,0.5073,temperature_trend_slope (z=-2.8); vibration_std (z=-2.1); current_trend_slope (z=-1.8),2026-08-05 14:29:43.775993
0.91,34.2,4.37,-0.53506,44.38,54.44,-37.9433,1,CRITICAL,Estimated remaining life (1d) is critically short.,0.3891,0.4509,0.4845,0.5079,temperature_trend_slope (z=-2.0); current_crest_factor (z=+1.8); temperature_min (z=-1.8),2026-08-05 14:29:43.850239
1.01,34.4,4.56,-0.5161,59.73,54.61,-37.8641,1,CRITICAL,Estimated remaining life (1d) is critically short.,0.3883,0.4502,0.4839,0.5073,current_crest_factor (z=+1.9); temperature_skew (z=-1.8); temperature_min (z=-1.8),2026-08-05 14:29:43.924244
0.94,39.2,4.46,-0.52545,52.16,54.53,-37.7904,1,CRITICAL,Estimated remaining life (1d) is critically short.,0.3885,0.4503,0.4839,0.5073,temperature_crest_factor (z=+3.7); temperature_std (z=+2.7); temperature_min (z=-1.8),2026-08-05 14:29:44.006753
1.02,32.5,4.14,-0.53563,43.93,54.18,-37.7209,1,CRITICAL,Estimated remaining life (1d) is critically short.,0.3899,0.4513,0.4847,0.508,temperature_crest_factor (z=+3.9); temperature_std (z=+2.6); current_crest_factor (z=+2.3),2026-08-05 14:29:44.083435
1.03,31.0,4.6,-0.53287,46.16,53.92,-37.6593,1,CRITICAL,Estimated remaining life (1d) is critically short.,0.391,0.452,0.4852,0.5084,temperature_crest_factor (z=+4.4); temperature_std (z=+2.5); temperature_min (z=-1.8),2026-08-05 14:29:44.167845
1.15,31.6,4.82,-0.54572,35.77,53.32,-37.6028,1,CRITICAL,Estimated remaining life (1d) is critically short.,0.3935,0.4538,0.4867,0.5096,temperature_crest_factor (z=+4.8); temperature_std (z=+2.2); temperature_trend_slope (z=+2.2),2026-08-05 14:29:44.241591
1.32,31.9,4.54,-0.52786,50.21,53.22,-37.5466,1,CRITICAL,Estimated remaining life (1d) is critically short.,0.3938,0.454,0.4868,0.5097,temperature_crest_factor (z=+4.4); current_trend_slope (z=+1.9); temperature_std (z=+1.8),2026-08-05 14:29:44.321213
1.24,32.3,4.3,-0.52957,48.83,53.08,-37.4931,1,CRITICAL,Estimated remaining life (1d) is critically short.,0.3943,0.4544,0.4871,0.51,temperature_crest_factor (z=+3.7); temperature_kurtosis (z=+3.1); temperature_skew (z=+2.7),2026-08-05 14:29:44.401376
1.11,34.1,4.23,-0.52255,54.51,53.13,-37.4269,1,CRITICAL,Estimated remaining life (1d) is critically short.,0.394,0.4541,0.4868,0.5097,temperature_crest_factor (z=+3.4); temperature_kurtosis (z=+2.5); temperature_skew (z=+2.3),2026-08-05 14:29:44.480691
1.37,31.6,3.84,-0.546,35.54,52.55,-37.3625,1,CRITICAL,Estimated remaining life (1d) is critically short.,0.3964,0.4558,0.4882,0.5109,temperature_crest_factor (z=+3.4); temperature_kurtosis (z=+2.9); temperature_skew (z=+2.5),2026-08-05 14:29:44.558452
1.38,33.1,4.33,-0.55255,30.24,51.82,-37.3019,1,CRITICAL,Estimated remaining life (1d) is critically short.,0.3995,0.458,0.49,0.5124,temperature_kurtosis (z=+3.5); temperature_crest_factor (z=+3.5); temperature_skew (z=+2.8),2026-08-05 14:29:44.644146
1.33,32.4,4.05,-0.56657,18.9,50.74,-37.2514,1,CRITICAL,Estimated remaining life (1d) is critically short.,0.4041,0.4613,0.4927,0.5147,temperature_kurtosis (z=+4.7); temperature_crest_factor (z=+3.7); temperature_skew (z=+3.4),2026-08-05 14:29:44.728177
1.35,36.0,4.39,-0.52299,54.15,50.85,-37.1895,1,CRITICAL,Estimated remaining life (1d) is critically short.,0.4034,0.4608,0.4923,0.5143,current_crest_factor (z=+2.2); temperature_skew (z=+2.0); vibration_trend_slope (z=+1.7),2026-08-05 14:29:44.804671
1.11,33.0,4.27,-0.50856,65.82,51.34,-37.1187,1,CRITICAL,Estimated remaining life (1d) is critically short.,0.4011,0.4591,0.4908,0.5131,current_crest_factor (z=+2.0); current_trend_slope (z=-2.0); temperature_skew (z=+1.8),2026-08-05 14:29:44.879041
1.08,29.2,4.28,-0.50127,71.72,52.01,-37.0299,1,CRITICAL,Estimated remaining life (1d) is critically short.,0.3979,0.4568,0.4889,0.5114,current_crest_factor (z=+2.4); vibration_max (z=-1.7); temperature_max (z=-1.6),2026-08-05 14:29:44.952031
1.03,33.3,4.71,-0.48903,81.62,52.98,-36.9182,1,CRITICAL,Estimated remaining life (1d) is critically short.,0.3934,0.4535,0.4861,0.5089,vibration_max (z=-1.7); temperature_max (z=-1.6); current_min (z=-1.6),2026-08-05 14:29:45.034656
1.03,37.1,4.62,-0.50398,69.53,53.52,-36.7892,1,CRITICAL,Estimated remaining life (1d) is critically short.,0.3907,0.4514,0.4844,0.5074,current_trend_slope (z=+2.0); vibration_current_corr (z=-1.8); vibration_max (z=-1.7),2026-08-05 14:29:45.111862
0.95,34.1,4.35,-0.50406,69.46,54.04,-36.652,1,CRITICAL,Estimated remaining life (1d) is critically short.,0.3881,0.4495,0.4827,0.5059,current_trend_slope (z=+2.0); vibration_trend_slope (z=-1.8); vibration_current_corr (z=-1.7),2026-08-05 14:29:45.186879
1.32,34.9,4.59,-0.50898,65.48,54.42,-36.5179,1,CRITICAL,Estimated remaining life (1d) is critically short.,0.3861,0.448,0.4815,0.5048,current_trend_slope (z=+2.4); vibration_trend_slope (z=-1.7); vibration_max (z=-1.7),2026-08-05 14:29:45.261659
1.11,35.3,4.54,-0.49188,79.31,55.24,-36.3811,1,CRITICAL,Estimated remaining life (1d) is critically short.,0.3823,0.4451,0.479,0.5026,vibration_max (z=-1.7); vibration_rms (z=-1.6); vibration_mean (z=-1.6),2026-08-05 14:29:45.339578
1.31,40.9,4.14,-0.51635,59.52,55.38,-36.2475,1,CRITICAL,Estimated remaining life (1d) is critically short.,0.3814,0.4444,0.4784,0.502,temperature_crest_factor (z=+3.4); temperature_trend_slope (z=+2.2); vibration_max (z=-1.7),2026-08-05 14:29:45.418754
1.22,41.1,4.74,-0.5117,63.29,55.64,-36.1082,1,CRITICAL,Estimated remaining life (1d) is critically short.,0.3801,0.4433,0.4774,0.5011,temperature_trend_slope (z=+2.9); temperature_crest_factor (z=+2.7); temperature_std (z=+2.1),2026-08-05 14:29:45.493653
1.08,36.3,4.53,-0.5191,57.29,55.69,-35.9692,1,CRITICAL,Estimated remaining life (1d) is critically short.,0.3796,0.4428,0.477,0.5006,temperature_trend_slope (z=+3.2); temperature_crest_factor (z=+2.6); temperature_std (z=+2.1),2026-08-05 14:29:45.574708
0.87,35.2,4.11,-0.51774,58.4,55.78,-35.8316,1,CRITICAL,Estimated remaining life (1d) is critically short.,0.3789,0.4423,0.4764,0.5001,temperature_trend_slope (z=+2.6); temperature_crest_factor (z=+2.4); temperature_std (z=+1.9),2026-08-05 14:29:45.652934
0.92,33.0,3.7,-0.52103,55.74,55.78,-35.6899,1,CRITICAL,Estimated remaining life (1d) is critically short.,0.3787,0.442,0.4761,0.4998,current_trend_slope (z=-2.7); temperature_crest_factor (z=+2.1); current_skew (z=-1.7),2026-08-05 14:29:45.738917
1.25,32.5,4.26,-0.51519,60.46,55.93,-35.5421,1,CRITICAL,Estimated remaining life (1d) is critically short.,0.3778,0.4412,0.4754,0.4991,current_trend_slope (z=-2.2); temperature_crest_factor (z=+2.2); vibration_max (z=-1.7),2026-08-05 14:29:45.836230
1.28,35.2,3.99,-0.51379,61.59,56.12,-35.3918,1,CRITICAL,Estimated remaining life (1d) is critically short.,0.3767,0.4403,0.4746,0.4983,temperature_crest_factor (z=+2.4); current_trend_slope (z=-2.3); vibration_max (z=-1.7),2026-08-05 14:29:45.914583
1.13,36.3,4.15,-0.51768,58.44,56.19,-35.2419,1,CRITICAL,Estimated remaining life (1d) is critically short.,0.3761,0.4398,0.4741,0.4978,current_trend_slope (z=-2.5); temperature_crest_factor (z=+2.1); current_crest_factor (z=+1.9),2026-08-05 14:29:45.991898
1.09,27.4,4.17,-0.5627,22.03,55.07,-35.1089,1,CRITICAL,Estimated remaining life (1d) is critically short.,0.3807,0.4431,0.4768,0.5001,temperature_trend_slope (z=-3.3); temperature_crest_factor (z=+2.8); temperature_std (z=+2.7),2026-08-05 14:29:46.071029
1.41,33.5,4.19,-0.56475,20.37,53.94,-34.9936,1,CRITICAL,Estimated remaining life (1d) is critically short.,0.3855,0.4466,0.4795,0.5024,temperature_trend_slope (z=-3.7); temperature_crest_factor (z=+3.0); temperature_std (z=+2.8),2026-08-05 14:29:46.148554
1.24,34.9,4.5,-0.54571,35.77,53.34,-34.8882,1,CRITICAL,Estimated remaining life (1d) is critically short.,0.3879,0.4483,0.4809,0.5036,temperature_crest_factor (z=+3.6); current_crest_factor (z=+2.4); temperature_trend_slope (z=-2.3),2026-08-05 14:29:46.224517
1.09,34.5,4.68,-0.53015,48.36,53.18,-34.7921,1,CRITICAL,Estimated remaining life (1d) is critically short.,0.3884,0.4486,0.4811,0.5037,temperature_kurtosis (z=+3.1); temperature_skew (z=-2.8); vibration_crest_factor (z=+2.0),2026-08-05 14:29:46.301045
1.1,36.4,4.6,-0.53222,46.68,52.96,-34.6941,1,CRITICAL,Estimated remaining life (1d) is critically short.,0.3891,0.449,0.4815,0.504,temperature_kurtosis (z=+3.0); current_trend_slope (z=+3.0); temperature_skew (z=-2.7),2026-08-05 14:29:46.432012
1.18,34.4,4.46,-0.53695,42.86,52.63,-34.6013,1,CRITICAL,Estimated remaining life (1d) is critically short.,0.3903,0.4499,0.4821,0.5046,current_trend_slope (z=+3.1); temperature_kurtosis (z=+3.1); temperature_skew (z=-2.7),2026-08-05 14:29:46.522238
1.23,34.3,3.93,-0.53927,40.98,52.25,-34.512,1,CRITICAL,Estimated remaining life (1d) is critically short.,0.3918,0.4509,0.483,0.5052,temperature_kurtosis (z=+3.6); temperature_skew (z=-3.0); vibration_std (z=-1.9),2026-08-05 14:29:46.596951
1.11,33.3,4.21,-0.53709,42.74,51.94,-34.428,1,CRITICAL,Estimated remaining life (1d) is critically short.,0.393,0.4518,0.4836,0.5058,temperature_kurtosis (z=+4.4); temperature_skew (z=-3.3); vibration_std (z=-1.9),2026-08-05 14:29:46.673118
1.23,31.5,4.62,-0.52322,53.96,52.0,-34.3479,1,CRITICAL,Estimated remaining life (1d) is critically short.,0.3925,0.4514,0.4832,0.5054,temperature_skew (z=-2.4); temperature_kurtosis (z=+2.4); vibration_std (z=-1.9),2026-08-05 14:29:46.748798
1.23,33.4,4.75,-0.52525,52.32,52.02,-34.2714,1,CRITICAL,Estimated remaining life (1d) is critically short.,0.3922,0.4512,0.483,0.5053,temperature_kurtosis (z=+2.9); temperature_skew (z=-2.6); vibration_std (z=-2.0),2026-08-05 14:29:46.830047
0.91,34.9,4.66,-0.5085,65.87,52.47,-34.1877,1,CRITICAL,Estimated remaining life (1d) is critically short.,0.39,0.4495,0.4816,0.504,temperature_std (z=-1.9); vibration_max (z=-1.7); vibration_rms (z=-1.6),2026-08-05 14:29:46.912531
1.06,32.5,4.43,-0.51304,62.2,52.79,-34.0961,1,CRITICAL,Estimated remaining life (1d) is critically short.,0.3883,0.4482,0.4806,0.503,current_skew (z=-2.0); vibration_std (z=-1.8); temperature_std (z=-1.8),2026-08-05 14:29:47.003831
1.08,35.8,4.41,-0.50678,67.26,53.26,-33.9955,1,CRITICAL,Estimated remaining life (1d) is critically short.,0.386,0.4465,0.4791,0.5017,vibration_std (z=-1.9); current_skew (z=-1.8); vibration_max (z=-1.8),2026-08-05 14:29:47.076440
1.05,31.8,4.16,-0.49701,75.17,53.98,-33.8884,1,CRITICAL,Estimated remaining life (1d) is critically short.,0.3825,0.4439,0.4769,0.4998,vibration_std (z=-1.9); vibration_max (z=-1.8); vibration_rms (z=-1.7),2026-08-05 14:29:47.150568
1.16,34.2,4.08,-0.49644,75.63,54.69,-33.7699,1,CRITICAL,Estimated remaining life (1d) is critically short.,0.3791,0.4413,0.4747,0.4978,vibration_std (z=-1.9); temperature_std (z=-1.8); vibration_max (z=-1.8),2026-08-05 14:29:47.226570
1.09,35.0,4.11,-0.50052,72.33,55.27,-33.6344,1,CRITICAL,Estimated remaining life (1d) is critically short.,0.3763,0.4391,0.4729,0.4962,vibration_std (z=-1.9); vibration_max (z=-1.8); temperature_std (z=-1.7),2026-08-05 14:29:47.303916
1.2,33.6,4.21,-0.50658,67.43,55.67,-33.4808,1,CRITICAL,Estimated remaining life (1d) is critically short.,0.3742,0.4375,0.4714,0.4949,vibration_std (z=-2.0); current_trend_slope (z=-2.0); vibration_max (z=-1.8),2026-08-05 14:29:47.378266
1.1,31.6,4.38,-0.50842,65.93,56.0,-33.3139,1,CRITICAL,Estimated remaining life (1d) is critically short.,0.3723,0.436,0.4702,0.4937,current_trend_slope (z=-2.3); vibration_std (z=-2.0); vibration_max (z=-1.8),2026-08-05 14:29:47.476875
1.09,35.1,4.5,-0.50708,67.02,56.37,-33.1333,1,CRITICAL,Estimated remaining life (1d) is critically short.,0.3703,0.4345,0.4688,0.4924,vibration_std (z=-2.2); vibration_max (z=-1.8); vibration_rms (z=-1.7),2026-08-05 14:29:47.587958
1.14,40.1,4.3,-0.54812,33.83,55.63,-32.9617,1,CRITICAL,Estimated remaining life (1d) is critically short.,0.3732,0.4365,0.4704,0.4937,temperature_crest_factor (z=+2.9); vibration_std (z=-2.4); vibration_kurtosis (z=+2.0),2026-08-05 14:29:47.666847
1.08,34.7,3.77,-0.53705,42.78,55.21,-32.7982,1,CRITICAL,Estimated remaining life (1d) is critically short.,0.3746,0.4375,0.4711,0.4943,vibration_std (z=-3.1); temperature_crest_factor (z=+2.9); temperature_kurtosis (z=+1.9),2026-08-05 14:29:47.740510
1.35,36.7,4.03,-0.53886,41.31,54.75,-32.6473,1,CRITICAL,Estimated remaining life (1d) is critically short.,0.3763,0.4386,0.472,0.495,vibration_kurtosis (z=+2.9); vibration_skew (z=+2.6); temperature_crest_factor (z=+2.5),2026-08-05 14:29:47.818084
1.02,32.7,4.45,-0.52969,48.73,54.55,-32.5018,1,CRITICAL,Estimated remaining life (1d) is critically short.,0.3768,0.4389,0.4722,0.4951,temperature_crest_factor (z=+2.8); vibration_kurtosis (z=+2.3); vibration_skew (z=+2.2),2026-08-05 14:29:47.894384
0.87,33.8,4.18,-0.50849,65.88,54.92,-32.3524,1,CRITICAL,Estimated remaining life (1d) is critically short.,0.3748,0.4373,0.4708,0.4939,temperature_crest_factor (z=+2.6); temperature_kurtosis (z=+1.9); temperature_skew (z=+1.7),2026-08-05 14:29:47.981953
0.95,32.8,4.19,-0.50441,69.18,55.39,-32.2001,1,CRITICAL,Estimated remaining life (1d) is critically short.,0.3723,0.4354,0.4692,0.4924,temperature_crest_factor (z=+2.8); vibration_crest_factor (z=+2.0); temperature_skew (z=+1.8),2026-08-05 14:29:48.074580
1.14,31.2,4.34,-0.51395,61.46,55.59,-32.0541,1,CRITICAL,Estimated remaining life (1d) is critically short.,0.3711,0.4345,0.4683,0.4916,temperature_crest_factor (z=+3.1); vibration_crest_factor (z=+1.9); vibration_max (z=-1.7),2026-08-05 14:29:48.149823
1.21,32.2,4.22,-0.51488,60.71,55.76,-31.9116,1,CRITICAL,Estimated remaining life (1d) is critically short.,0.37,0.4336,0.4675,0.4908,temperature_crest_factor (z=+3.3); vibration_crest_factor (z=+1.9); temperature_skew (z=+1.7),2026-08-05 14:29:48.234844
1.08,35.4,3.99,-0.50292,70.38,56.24,-31.7626,1,CRITICAL,Estimated remaining life (1d) is critically short.,0.3676,0.4317,0.4659,0.4893,temperature_crest_factor (z=+2.9); vibration_crest_factor (z=+1.9); temperature_trend_slope (z=-1.8),2026-08-05 14:29:48.318682
1.42,36.4,4.0,-0.48885,81.77,57.07,-31.6096,1,CRITICAL,Estimated remaining life (1d) is critically short.,0.3636,0.4286,0.4632,0.487,temperature_crest_factor (z=+2.8); vibration_crest_factor (z=+2.3); current_max (z=-1.7),2026-08-05 14:29:48.403769
1.35,36.0,3.95,-0.49125,79.83,57.82,-31.4382,1,CRITICAL,Estimated remaining life (1d) is critically short.,0.36,0.4259,0.4608,0.4848,vibration_crest_factor (z=+1.9); current_max (z=-1.7); current_rms (z=-1.7),2026-08-05 14:29:48.488929
1.41,34.0,4.26,-0.49618,75.84,58.41,-31.2617,1,CRITICAL,Estimated remaining life (1d) is critically short.,0.3572,0.4236,0.4588,0.4829,current_max (z=-1.7); vibration_trend_slope (z=+1.7); vibration_max (z=-1.6),2026-08-05 14:29:48.586785
1.07,31.4,4.5,-0.49259,78.74,59.08,-31.0762,1,CRITICAL,Estimated remaining life (1d) is critically short.,0.3541,0.4211,0.4567,0.4809,vibration_trend_slope (z=+1.9); vibration_crest_factor (z=+1.8); current_max (z=-1.6),2026-08-05 14:29:48.707375
1.06,32.9,4.31,-0.48517,84.75,59.92,-30.8821,1,CRITICAL,Estimated remaining life (1d) is critically short.,0.3502,0.4181,0.454,0.4785,vibration_crest_factor (z=+1.7); current_max (z=-1.6); vibration_max (z=-1.6),2026-08-05 14:29:48.793842
1.06,35.1,4.3,-0.48088,88.22,60.85,-30.6847,1,CRITICAL,Estimated remaining life (1d) is critically short.,0.3461,0.4148,0.4511,0.4758,current_max (z=-1.6); vibration_max (z=-1.6); vibration_mean (z=-1.6),2026-08-05 14:29:48.872343
1.32,34.0,4.26,-0.48584,84.2,61.61,-30.4874,1,CRITICAL,Estimated remaining life (1d) is critically short.,0.3429,0.4122,0.4487,0.4736,current_max (z=-1.6); vibration_max (z=-1.6); temperature_max (z=-1.6),2026-08-05 14:29:48.946968
1.49,36.0,4.34,-0.48629,83.84,62.34,-30.2842,1,CRITICAL,Estimated remaining life (1d) is critically short.,0.3399,0.4097,0.4465,0.4715,current_max (z=-1.6); temperature_max (z=-1.6); vibration_max (z=-1.6),2026-08-05 14:29:49.024383
1.4,33.5,4.07,-0.48812,82.35,63.0,-30.0764,1,CRITICAL,Estimated remaining life (1d) is critically short.,0.3373,0.4075,0.4445,0.4695,current_max (z=-1.6); current_rms (z=-1.6); current_mean (z=-1.6),2026-08-05 14:29:49.112825
1.07,31.3,4.09,-0.48284,86.63,63.77,-29.8568,1,CRITICAL,Estimated remaining life (1d) is critically short.,0.3342,0.405,0.4421,0.4673,current_max (z=-1.6); temperature_max (z=-1.6); current_rms (z=-1.6),2026-08-05 14:29:49.205106
1.29,32.4,4.13,-0.4764,91.84,64.69,-29.6192,1,CRITICAL,Estimated remaining life (1d) is critically short.,0.3307,0.402,0.4394,0.4647,current_max (z=-1.6); temperature_max (z=-1.6); vibration_max (z=-1.6),2026-08-05 14:29:49.281830
1.35,34.8,4.2,-0.48292,86.57,65.41,-29.3689,1,CRITICAL,Estimated remaining life (1d) is critically short.,0.3282,0.3998,0.4373,0.4627,current_std (z=-1.9); current_max (z=-1.6); temperature_max (z=-1.6),2026-08-05 14:29:49.358167
1.09,31.4,4.15,-0.48563,84.37,66.03,-29.1081,1,CRITICAL,Estimated remaining life (1d) is critically short.,0.3261,0.3979,0.4355,0.4608,current_std (z=-1.8); vibration_crest_factor (z=+1.7); current_max (z=-1.6),2026-08-05 14:29:49.432557
0.91,30.2,4.08,-0.50811,66.18,66.04,-28.8459,1,CRITICAL,Estimated remaining life (1d) is critically short.,0.3266,0.3979,0.4352,0.4604,current_std (z=-2.3); vibration_crest_factor (z=+1.9); current_max (z=-1.8),2026-08-05 14:29:49.511424
1.05,35.1,4.56,-0.50209,71.06,66.2,-28.5773,1,CRITICAL,Estimated remaining life (1d) is critically short.,0.3264,0.3975,0.4346,0.4596,vibration_crest_factor (z=+1.9); current_skew (z=+1.8); temperature_max (z=-1.6),2026-08-05 14:29:49.587393
1.14,35.2,4.93,-0.53306,46.0,65.54,-28.3194,1,CRITICAL,Estimated remaining life (1d) is critically short.,0.3296,0.3996,0.4361,0.4607,current_crest_factor (z=+3.7); current_skew (z=+2.5); current_kurtosis (z=+2.2),2026-08-05 14:29:49.663426
1.14,37.7,4.49,-0.52807,50.04,65.03,-28.0732,1,CRITICAL,Estimated remaining life (1d) is critically short.,0.332,0.4011,0.4372,0.4614,current_crest_factor (z=+3.4); current_trend_slope (z=+2.2); vibration_crest_factor (z=+2.1),2026-08-05 14:29:49.740186
1.22,37.0,4.61,-0.52195,54.99,64.7,-27.8519,1,CRITICAL,Estimated remaining life (1d) is critically short.,0.3338,0.4022,0.4378,0.4618,current_crest_factor (z=+3.1); current_trend_slope (z=+2.9); temperature_trend_slope (z=+2.0),2026-08-05 14:29:49.816983
1.06,33.0,4.4,-0.51322,62.05,64.61,-27.6569,1,CRITICAL,Estimated remaining life (1d) is critically short.,0.3345,0.4025,0.4379,0.4617,current_crest_factor (z=+2.8); current_trend_slope (z=+2.4); temperature_trend_slope (z=+1.7),2026-08-05 14:29:49.897731
1.07,32.3,4.43,-0.50334,70.04,64.79,-27.4756,1,CRITICAL,Estimated remaining life (1d) is critically short.,0.3342,0.4021,0.4373,0.4611,current_crest_factor (z=+2.4); current_trend_slope (z=+1.8); vibration_max (z=-1.7),2026-08-05 14:29:49.975372
1.07,33.4,4.65,-0.50806,66.23,64.84,-27.3047,1,CRITICAL,Estimated remaining life (1d) is critically short.,0.3345,0.402,0.4371,0.4607,current_crest_factor (z=+1.9); vibration_max (z=-1.7); vibration_crest_factor (z=+1.7),2026-08-05 14:29:50.055194
0.95,33.1,4.78,-0.50726,66.88,64.91,-27.1361,1,CRITICAL,Estimated remaining life (1d) is critically short.,0.3346,0.402,0.4369,0.4603,vibration_std (z=-2.2); vibration_max (z=-1.8); current_trend_slope (z=+1.7),2026-08-05 14:29:50.192680
1.08,34.6,4.81,-0.51168,63.3,64.85,-26.9635,1,CRITICAL,Estimated remaining life (1d) is critically short.,0.3353,0.4022,0.4369,0.4602,vibration_std (z=-2.2); vibration_max (z=-1.8); vibration_rms (z=-1.7),2026-08-05 14:29:50.281296
1.35,34.0,4.62,-0.50197,71.16,65.06,-26.7883,1,CRITICAL,Estimated remaining life (1d) is critically short.,0.3348,0.4017,0.4363,0.4595,vibration_std (z=-1.8); vibration_max (z=-1.7); vibration_rms (z=-1.7),2026-08-05 14:29:50.360803
1.08,34.4,4.46,-0.50882,65.61,65.08,-26.6177,1,CRITICAL,Estimated remaining life (1d) is critically short.,0.3352,0.4017,0.4362,0.4593,vibration_std (z=-1.8); vibration_max (z=-1.7); vibration_rms (z=-1.7),2026-08-05 14:29:50.438518
1.24,28.4,4.07,-0.51434,61.15,64.95,-26.4516,1,CRITICAL,Estimated remaining life (1d) is critically short.,0.3361,0.4022,0.4364,0.4594,temperature_trend_slope (z=-2.0); vibration_max (z=-1.7); vibration_rms (z=-1.7),2026-08-05 14:29:50.514977
1.3,34.7,4.34,-0.512,63.04,64.89,-26.2886,1,CRITICAL,Estimated remaining life (1d) is critically short.,0.3368,0.4025,0.4365,0.4593,temperature_kurtosis (z=+2.4); vibration_max (z=-1.7); temperature_skew (z=-1.7),2026-08-05 14:29:50.592201
1.18,35.0,4.69,-0.52541,52.19,64.47,-26.1256,1,CRITICAL,Estimated remaining life (1d) is critically short.,0.3388,0.4039,0.4375,0.46,temperature_kurtosis (z=+3.6); temperature_skew (z=-3.0); vibration_max (z=-1.7),2026-08-05 14:29:50.668265
1.0,35.1,4.33,-0.52064,56.05,64.19,-25.9536,1,CRITICAL,Estimated remaining life (1d) is critically short.,0.3402,0.4047,0.438,0.4603,temperature_kurtosis (z=+3.6); temperature_skew (z=-3.1); vibration_max (z=-1.7),2026-08-05 14:29:50.747498
1.12,33.4,4.22,-0.52859,49.62,63.72,-25.7804,1,CRITICAL,Estimated remaining life (1d) is critically short.,0.3423,0.4061,0.439,0.4611,temperature_kurtosis (z=+4.8); temperature_skew (z=-3.6); current_trend_slope (z=-2.0),2026-08-05 14:29:50.823687
1.12,30.0,4.75,-0.50363,69.81,63.92,-25.5959,1,CRITICAL,Estimated remaining life (1d) is critically short.,0.3418,0.4055,0.4384,0.4604,temperature_skew (z=-2.3); vibration_max (z=-1.7); temperature_max (z=-1.7),2026-08-05 14:29:50.912345
0.98,32.1,4.15,-0.50214,71.01,64.15,-25.4001,1,CRITICAL,Estimated remaining life (1d) is critically short.,0.3411,0.4048,0.4376,0.4595,temperature_skew (z=-2.0); vibration_max (z=-1.7); temperature_max (z=-1.7),2026-08-05 14:29:50.990035
0.95,34.7,3.89,-0.50509,68.63,64.3,-25.2037,1,CRITICAL,Estimated remaining life (1d) is critically short.,0.3407,0.4043,0.4371,0.4589,temperature_skew (z=-2.0); vibration_max (z=-1.7); temperature_max (z=-1.7),2026-08-05 14:29:51.074655
1.08,32.3,4.4,-0.50012,72.65,64.57,-25.0123,1,CRITICAL,Estimated remaining life (1d) is critically short.,0.3399,0.4035,0.4362,0.4581,vibration_max (z=-1.7); vibration_std (z=-1.7); temperature_skew (z=-1.7),2026-08-05 14:29:51.156193
1.12,34.6,4.24,-0.50259,70.65,64.77,-24.8288,1,CRITICAL,Estimated remaining life (1d) is critically short.,0.3394,0.403,0.4356,0.4574,vibration_max (z=-1.7); vibration_std (z=-1.7); current_crest_factor (z=+1.7),2026-08-05 14:29:51.242171
1.17,37.3,3.95,-0.49579,76.16,65.14,-24.6539,1,CRITICAL,Estimated remaining life (1d) is critically short.,0.3383,0.4019,0.4346,0.4563,vibration_std (z=-1.8); current_trend_slope (z=-1.8); current_crest_factor (z=+1.8),2026-08-05 14:29:51.334738
1.03,35.5,4.28,-0.50566,68.17,65.24,-24.4857,1,CRITICAL,Estimated remaining life (1d) is critically short.,0.3382,0.4017,0.4343,0.4559,vibration_std (z=-2.4); current_crest_factor (z=+1.9); vibration_max (z=-1.8),2026-08-05 14:29:51.420680
0.99,33.7,4.45,-0.50517,68.57,65.35,-24.3187,1,CRITICAL,Estimated remaining life (1d) is critically short.,0.3382,0.4015,0.4339,0.4555,vibration_std (z=-2.5); current_crest_factor (z=+2.1); vibration_max (z=-1.8),2026-08-05 14:29:51.505191
1.01,34.5,4.15,-0.51067,64.12,65.31,-24.1471,1,CRITICAL,Estimated remaining life (1d) is critically short.,0.3387,0.4017,0.4339,0.4554,vibration_std (z=-2.5); current_crest_factor (z=+2.3); vibration_max (z=-1.8),2026-08-05 14:29:51.589749
1.03,33.2,4.79,-0.51083,63.99,65.27,-23.9722,1,CRITICAL,Estimated remaining life (1d) is critically short.,0.3391,0.4019,0.4339,0.4552,vibration_std (z=-2.6); current_crest_factor (z=+2.1); vibration_max (z=-1.8),2026-08-05 14:29:51.668423
1.19,31.2,5.33,-0.56316,21.65,63.84,-23.8147,1,CRITICAL,Estimated remaining life (1d) is critically short.,0.3449,0.406,0.4372,0.458,current_crest_factor (z=+6.5); current_trend_slope (z=+3.8); current_std (z=+3.3),2026-08-05 14:29:51.746474
1.32,30.1,4.45,-0.56682,18.7,62.36,-23.674,1,CRITICAL,Estimated remaining life (1d) is critically short.,0.3507,0.4102,0.4406,0.4609,current_crest_factor (z=+6.1); current_trend_slope (z=+3.4); current_std (z=+3.2),2026-08-05 14:29:51.835538
1.2,36.1,4.49,-0.5509,31.58,61.35,-23.5424,1,CRITICAL,Estimated remaining life (1d) is critically short.,0.3547,0.413,0.4429,0.4627,current_crest_factor (z=+5.5); current_std (z=+2.5); current_trend_slope (z=+2.4),2026-08-05 14:29:51.924640
1.08,31.2,5.26,-0.54631,35.29,60.49,-23.4164,1,CRITICAL,Estimated remaining life (1d) is critically short.,0.3581,0.4154,0.4447,0.4643,current_crest_factor (z=+4.5); current_trend_slope (z=+3.9); current_std (z=+3.8),2026-08-05 14:29:52.020750
1.21,36.3,3.93,-0.52991,48.55,60.1,-23.2899,1,CRITICAL,Estimated remaining life (1d) is critically short.,0.3596,0.4164,0.4455,0.4649,current_crest_factor (z=+4.8); current_std (z=+4.3); current_trend_slope (z=+1.9),2026-08-05 14:29:52.104283
1.23,35.0,4.08,-0.51878,57.56,60.02,-23.1651,1,CRITICAL,Estimated remaining life (1d) is critically short.,0.3598,0.4165,0.4455,0.4648,current_crest_factor (z=+4.7); current_std (z=+4.1); vibration_max (z=-1.7),2026-08-05 14:29:52.180881
1.04,34.3,4.42,-0.51741,58.67,59.98,-23.0431,1,CRITICAL,Estimated remaining life (1d) is critically short.,0.36,0.4165,0.4454,0.4647,current_crest_factor (z=+4.5); current_std (z=+4.0); vibration_max (z=-1.7),2026-08-05 14:29:52.260536
1.25,33.5,4.45,-0.51904,57.35,59.89,-22.9254,1,CRITICAL,Estimated remaining life (1d) is critically short.,0.3603,0.4166,0.4454,0.4646,current_crest_factor (z=+4.5); current_std (z=+4.0); vibration_std (z=-1.8),2026-08-05 14:29:52.347566
0.91,35.2,4.48,-0.53483,44.57,59.39,-22.8184,1,CRITICAL,Estimated remaining life (1d) is critically short.,0.3622,0.418,0.4465,0.4655,current_crest_factor (z=+4.2); current_std (z=+3.7); current_trend_slope (z=-2.7),2026-08-05 14:29:52.436823
1.01,36.4,4.4,-0.54823,33.74,58.55,-22.7326,1,CRITICAL,Estimated remaining life (1d) is critically short.,0.3655,0.4203,0.4483,0.467,current_crest_factor (z=+4.6); current_std (z=+3.6); current_trend_slope (z=-2.5),2026-08-05 14:29:52.519060
1.31,33.1,4.38,-0.54342,37.62,57.86,-22.6751,1,CRITICAL,Estimated remaining life (1d) is critically short.,0.3682,0.4222,0.4499,0.4683,current_crest_factor (z=+5.1); current_kurtosis (z=+2.9); current_std (z=+1.9),2026-08-05 14:29:52.605548
1.2,33.7,4.55,-0.54104,39.55,57.26,-22.6237,1,CRITICAL,Estimated remaining life (1d) is critically short.,0.3705,0.4239,0.4512,0.4695,current_crest_factor (z=+5.0); current_kurtosis (z=+2.6); current_std (z=+1.9),2026-08-05 14:29:52.686800
1.39,34.3,4.75,-0.52621,51.55,57.07,-22.5693,1,CRITICAL,Estimated remaining life (1d) is critically short.,0.3712,0.4244,0.4516,0.4698,current_crest_factor (z=+4.7); current_std (z=+2.1); vibration_max (z=-1.7),2026-08-05 14:29:52.774978
1.54,36.6,4.11,-0.49794,74.42,57.64,-22.5021,1,CRITICAL,Estimated remaining life (1d) is critically short.,0.3689,0.4227,0.4501,0.4685,vibration_crest_factor (z=+2.5); temperature_std (z=-2.0); vibration_min (z=-1.6),2026-08-05 14:29:52.850848
1.33,40.2,4.52,-0.50519,68.55,58.0,-22.4284,1,CRITICAL,Estimated remaining life (1d) is critically short.,0.3675,0.4215,0.4491,0.4676,vibration_crest_factor (z=+2.3); temperature_crest_factor (z=+2.2); temperature_skew (z=+2.2),2026-08-05 14:29:52.936147
1.39,38.0,4.51,-0.50914,65.35,58.24,-22.3634,1,CRITICAL,Estimated remaining life (1d) is critically short.,0.3665,0.4208,0.4485,0.4669,vibration_trend_slope (z=+2.2); current_kurtosis (z=+2.0); vibration_crest_factor (z=+2.0),2026-08-05 14:29:53.015625
1.24,33.8,4.42,-0.50064,72.23,58.7,-22.2988,1,CRITICAL,Estimated remaining life (1d) is critically short.,0.3647,0.4194,0.4473,0.4659,current_kurtosis (z=+2.0); temperature_crest_factor (z=+2.0); vibration_crest_factor (z=+1.7),2026-08-05 14:29:53.113825
1.11,33.7,4.23,-0.47546,92.6,59.81,-22.217,1,CRITICAL,Estimated remaining life (1d) is critically short.,0.3603,0.4161,0.4445,0.4634,temperature_crest_factor (z=+2.0); vibration_crest_factor (z=+1.9); vibration_min (z=-1.6),2026-08-05 14:29:53.192195
1.08,33.8,4.22,-0.46527,100.0,61.13,-22.119,1,CRITICAL,Estimated remaining life (1d) is critically short.,0.3553,0.4123,0.4413,0.4605,temperature_crest_factor (z=+2.1); vibration_crest_factor (z=+1.7); vibration_max (z=-1.6),2026-08-05 14:29:53.266642
1.16,33.3,4.4,-0.47299,94.59,62.22,-22.0107,1,CRITICAL,Estimated remaining life (1d) is critically short.,0.3511,0.4091,0.4386,0.4581,temperature_crest_factor (z=+2.4); temperature_skew (z=+2.0); vibration_max (z=-1.6),2026-08-05 14:29:53.350245
1.08,32.9,4.32,-0.49065,80.31,62.82,-21.8889,1,CRITICAL,Estimated remaining life (1d) is critically short.,0.349,0.4074,0.4371,0.4567,temperature_crest_factor (z=+2.4); temperature_skew (z=+1.9); vibration_crest_factor (z=+1.8),2026-08-05 14:29:53.427896
0.96,36.8,4.83,-0.49148,79.64,63.37,-21.754,1,CRITICAL,Estimated remaining life (1d) is critically short.,0.347,0.4058,0.4356,0.4554,vibration_trend_slope (z=-2.5); vibration_crest_factor (z=+2.2); temperature_crest_factor (z=+2.1),2026-08-05 14:29:53.558778
1.25,35.8,4.79,-0.49923,73.37,63.7,-21.6214,2,CRITICAL,Estimated remaining life (2d) is critically short.,0.3459,0.4049,0.4348,0.4545,vibration_crest_factor (z=+2.4); vibration_trend_slope (z=-2.0); temperature_crest_factor (z=+2.0),2026-08-05 14:29:53.651340
1.28,35.4,4.88,-0.49714,75.06,64.07,-21.498,2,CRITICAL,Estimated remaining life (2d) is critically short.,0.3447,0.4039,0.4338,0.4536,temperature_crest_factor (z=+2.1); current_trend_slope (z=+1.7); vibration_max (z=-1.7),2026-08-05 14:29:53.725611
1.39,34.2,4.52,-0.4866,83.58,64.71,-21.3768,2,CRITICAL,Estimated remaining life (2d) is critically short.,0.3425,0.4021,0.4323,0.4522,current_trend_slope (z=+1.8); vibration_max (z=-1.7); vibration_rms (z=-1.6),2026-08-05 14:29:53.813035
1.37,33.5,3.89,-0.49752,74.75,65.04,-21.2449,2,CRITICAL,Estimated remaining life (2d) is critically short.,0.3415,0.4012,0.4314,0.4513,temperature_std (z=-2.0); vibration_max (z=-1.7); vibration_rms (z=-1.6),2026-08-05 14:29:53.903471
1.23,33.6,4.22,-0.50067,72.2,65.27,-21.1084,2,CRITICAL,Estimated remaining life (2d) is critically short.,0.3409,0.4007,0.4308,0.4507,temperature_std (z=-2.0); vibration_max (z=-1.7); vibration_rms (z=-1.6),2026-08-05 14:29:53.987290
1.36,36.0,4.45,-0.49749,74.78,65.58,-20.9678,2,CRITICAL,Estimated remaining life (2d) is critically short.,0.34,0.3999,0.4301,0.4499,temperature_std (z=-1.8); vibration_max (z=-1.7); vibration_rms (z=-1.6),2026-08-05 14:29:54.075564
1.13,38.1,4.59,-0.48632,83.81,66.18,-20.8239,2,CRITICAL,Estimated remaining life (2d) is critically short.,0.3381,0.3983,0.4287,0.4486,vibration_max (z=-1.7); vibration_rms (z=-1.6); vibration_mean (z=-1.6),2026-08-05 14:29:54.153611
1.23,36.8,4.81,-0.49091,80.1,66.64,-20.6652,2,CRITICAL,Estimated remaining life (2d) is critically short.,0.3368,0.3972,0.4276,0.4475,vibration_max (z=-1.7); vibration_rms (z=-1.6); current_min (z=-1.6),2026-08-05 14:29:54.243072
1.07,36.3,4.8,-0.49915,73.43,66.86,-20.498,2,CRITICAL,Estimated remaining life (2d) is critically short.,0.3364,0.3967,0.427,0.4469,current_skew (z=-1.8); vibration_max (z=-1.7); vibration_rms (z=-1.6),2026-08-05 14:29:54.329610
0.89,35.6,4.74,-0.51642,59.47,66.62,-20.3258,2,CRITICAL,Estimated remaining life (2d) is critically short.,0.3376,0.3974,0.4275,0.4473,current_skew (z=-1.9); vibration_trend_slope (z=-1.7); temperature_std (z=-1.7),2026-08-05 14:29:54.424197
0.97,34.8,4.62,-0.51418,61.28,66.44,-20.1474,2,CRITICAL,Estimated remaining life (2d) is critically short.,0.3386,0.398,0.4278,0.4474,vibration_trend_slope (z=-2.3); current_skew (z=-1.8); vibration_max (z=-1.7),2026-08-05 14:29:54.510322
0.91,33.7,4.54,-0.53023,48.29,65.85,-19.977,2,CRITICAL,Estimated remaining life (2d) is critically short.,0.341,0.3996,0.4291,0.4484,vibration_trend_slope (z=-2.7); current_trend_slope (z=+2.1); current_skew (z=-1.9),2026-08-05 14:29:54.595618
1.1,30.5,4.48,-0.52958,48.82,65.29,-19.8144,2,CRITICAL,Estimated remaining life (2d) is critically short.,0.3433,0.4012,0.4303,0.4493,vibration_trend_slope (z=-2.1); current_trend_slope (z=+2.0); current_skew (z=-1.9),2026-08-05 14:29:54.710268
1.16,33.4,4.8,-0.49474,77.0,65.67,-19.6396,2,CRITICAL,Estimated remaining life (2d) is critically short.,0.3421,0.4002,0.4293,0.4483,vibration_crest_factor (z=+1.8); vibration_max (z=-1.7); vibration_rms (z=-1.7),2026-08-05 14:29:54.811852
1.21,36.0,4.93,-0.49689,75.26,65.99,-19.4562,2,CRITICAL,Estimated remaining life (2d) is critically short.,0.3412,0.3993,0.4284,0.4475,vibration_crest_factor (z=+1.9); vibration_max (z=-1.7); vibration_rms (z=-1.7),2026-08-05 14:29:54.916322
1.28,38.4,4.4,-0.48433,85.42,66.63,-19.2595,2,CRITICAL,Estimated remaining life (2d) is critically short.,0.3392,0.3976,0.4269,0.446,vibration_max (z=-1.7); vibration_rms (z=-1.7); vibration_mean (z=-1.7),2026-08-05 14:29:55.007712
1.19,33.9,4.64,-0.48519,84.73,67.22,-19.0536,2,CRITICAL,Estimated remaining life (2d) is critically short.,0.3373,0.3961,0.4255,0.4446,vibration_max (z=-1.7); vibration_rms (z=-1.7); vibration_mean (z=-1.7),2026-08-05 14:29:55.108858
1.51,31.8,4.68,-0.50154,71.5,67.36,-18.8448,2,CRITICAL,Estimated remaining life (2d) is critically short.,0.3371,0.3958,0.425,0.4441,vibration_crest_factor (z=+3.4); vibration_trend_slope (z=+2.4); vibration_mean (z=-1.6),2026-08-05 14:29:55.197330
1.21,32.1,4.94,-0.50311,70.23,67.45,-18.6553,2,CRITICAL,Estimated remaining life (2d) is critically short.,0.3372,0.3956,0.4248,0.4438,vibration_crest_factor (z=+3.2); vibration_trend_slope (z=+2.4); temperature_crest_factor (z=+1.8),2026-08-05 14:29:55.289165
1.12,35.8,4.41,-0.49288,78.51,67.82,-18.4781,2,CRITICAL,Estimated remaining life (2d) is critically short.,0.3362,0.3947,0.4239,0.4429,vibration_crest_factor (z=+2.8); temperature_crest_factor (z=+1.8); vibration_mean (z=-1.6),2026-08-05 14:29:55.376708
0.91,34.8,4.5,-0.48917,81.51,68.26,-18.3008,2,CRITICAL,Estimated remaining life (2d) is critically short.,0.335,0.3937,0.4229,0.4419,vibration_crest_factor (z=+2.9); temperature_crest_factor (z=+1.8); vibration_mean (z=-1.6),2026-08-05 14:29:55.461030
1.02,34.0,4.34,-0.49499,76.8,68.54,-18.141,2,CRITICAL,Estimated remaining life (2d) is critically short.,0.3345,0.3931,0.4223,0.4413,vibration_crest_factor (z=+2.8); temperature_crest_factor (z=+1.8); vibration_rms (z=-1.6),2026-08-05 14:29:55.539400
1.15,36.0,4.39,-0.49716,75.05,68.76,-17.98,2,CRITICAL,Estimated remaining life (2d) is critically short.,0.3342,0.3927,0.4219,0.4408,vibration_crest_factor (z=+2.7); current_trend_slope (z=-1.8); vibration_rms (z=-1.6),2026-08-05 14:29:55.621938
1.38,35.0,4.48,-0.4786,90.06,69.46,-17.8095,2,CRITICAL,Estimated remaining life (2d) is critically short.,0.3322,0.3911,0.4204,0.4394,vibration_crest_factor (z=+2.3); vibration_mean (z=-1.6); vibration_rms (z=-1.6),2026-08-05 14:29:55.712290
1.38,34.6,5.0,-0.47501,92.96,70.23,-17.6129,2,CRITICAL,Estimated remaining life (2d) is critically short.,0.3301,0.3893,0.4188,0.4378,vibration_crest_factor (z=+2.0); vibration_min (z=-1.6); vibration_mean (z=-1.6),2026-08-05 14:29:55.810427
1.29,32.1,4.45,-0.4812,87.96,70.81,-17.3897,2,CRITICAL,Estimated remaining life (2d) is critically short.,0.3287,0.3881,0.4175,0.4366,vibration_crest_factor (z=+2.0); temperature_max (z=-1.6); vibration_min (z=-1.6),2026-08-05 14:29:55.912893
1.21,34.4,4.82,-0.48133,87.85,71.37,-17.148,2,CRITICAL,Estimated remaining life (2d) is critically short.,0.3274,0.3869,0.4164,0.4355,vibration_crest_factor (z=+1.9); temperature_max (z=-1.6); vibration_min (z=-1.6),2026-08-05 14:29:56.010416
1.01,33.1,4.94,-0.4894,81.32,71.69,-16.8936,3,CRITICAL,Estimated remaining life (3d) is critically short.,0.3269,0.3863,0.4157,0.4347,temperature_std (z=-1.8); vibration_max (z=-1.7); temperature_max (z=-1.6),2026-08-05 14:29:56.087204
1.16,37.8,4.35,-0.48679,83.43,72.08,-16.6252,3,CRITICAL,Estimated remaining life (3d) is critically short.,0.3263,0.3856,0.4149,0.4339,vibration_max (z=-1.7); vibration_rms (z=-1.6); vibration_mean (z=-1.6),2026-08-05 14:29:56.162450
1.12,35.9,4.74,-0.48147,87.74,72.59,-16.3386,3,CRITICAL,Estimated remaining life (3d) is critically short.,0.3252,0.3846,0.4139,0.4328,vibration_max (z=-1.7); vibration_rms (z=-1.6); vibration_mean (z=-1.6),2026-08-05 14:29:56.236325
1.26,37.5,4.61,-0.47862,90.04,73.16,-16.0351,3,CRITICAL,Estimated remaining life (3d) is critically short.,0.324,0.3835,0.4127,0.4316,vibration_max (z=-1.7); vibration_rms (z=-1.6); vibration_mean (z=-1.6),2026-08-05 14:29:56.319635
1.1,34.1,4.44,-0.51418,61.28,72.77,-15.7273,3,CRITICAL,Estimated remaining life (3d) is critically short.,0.326,0.3847,0.4135,0.4321,temperature_std (z=-2.5); current_std (z=-1.9); vibration_max (z=-1.6),2026-08-05 14:29:56.588913
1.28,33.1,4.84,-0.50576,68.09,72.62,-15.417,3,CRITICAL,Estimated remaining life (3d) is critically short.,0.3271,0.3853,0.4138,0.4322,temperature_std (z=-2.4); vibration_max (z=-1.6); current_std (z=-1.6),2026-08-05 14:29:56.670170
1.59,40.8,4.73,-0.52816,49.97,71.88,-15.1083,3,CRITICAL,Estimated remaining life (3d) is critically short.,0.3301,0.3872,0.4153,0.4333,temperature_kurtosis (z=+3.4); temperature_skew (z=+2.7); temperature_crest_factor (z=+2.7),2026-08-05 14:29:56.750526
1.25,36.7,4.33,-0.50708,67.02,71.72,-14.7916,3,CRITICAL,Estimated remaining life (3d) is critically short.,0.331,0.3877,0.4155,0.4333,vibration_crest_factor (z=+2.5); temperature_crest_factor (z=+2.4); temperature_kurtosis (z=+2.4),2026-08-05 14:29:56.835738
1.25,35.1,4.65,-0.4964,75.66,71.85,-14.4703,3,CRITICAL,Estimated remaining life (3d) is critically short.,0.331,0.3875,0.4151,0.4327,temperature_kurtosis (z=+2.5); temperature_crest_factor (z=+2.4); vibration_crest_factor (z=+2.2),2026-08-05 14:29:56.917226
1.0,34.4,4.36,-0.50133,71.67,71.84,-14.1534,3,CRITICAL,Estimated remaining life (3d) is critically short.,0.3314,0.3875,0.4149,0.4325,temperature_kurtosis (z=+2.5); temperature_crest_factor (z=+2.5); vibration_crest_factor (z=+2.4),2026-08-05 14:29:57.015874
1.28,37.6,4.86,-0.47886,89.85,72.43,-13.8287,3,CRITICAL,Estimated remaining life (3d) is critically short.,0.3299,0.3862,0.4136,0.4311,temperature_crest_factor (z=+2.2); vibration_crest_factor (z=+2.0); temperature_skew (z=+1.6),2026-08-05 14:29:57.103413
1.22,35.2,4.32,-0.48436,85.4,72.86,-13.4996,3,CRITICAL,Estimated remaining life (3d) is critically short.,0.329,0.3853,0.4127,0.4301,temperature_crest_factor (z=+2.3); vibration_crest_factor (z=+2.1); temperature_skew (z=+1.9),2026-08-05 14:29:57.185997
1.11,36.2,4.7,-0.50625,67.69,72.69,-13.167,4,CRITICAL,Estimated remaining life (4d) is critically short.,0.33,0.3858,0.4129,0.4301,vibration_crest_factor (z=+2.7); temperature_crest_factor (z=+2.3); temperature_skew (z=+1.8),2026-08-05 14:29:57.267509
1.3,30.2,4.76,-0.51703,58.97,72.24,-12.8339,4,CRITICAL,Estimated remaining life (4d) is critically short.,0.3318,0.3869,0.4136,0.4306,vibration_crest_factor (z=+2.7); temperature_crest_factor (z=+2.6); vibration_kurtosis (z=+1.8),2026-08-05 14:29:57.355030
1.12,37.7,4.61,-0.51542,60.27,71.85,-12.5008,4,CRITICAL,Estimated remaining life (4d) is critically short.,0.3333,0.3878,0.4142,0.4309,vibration_crest_factor (z=+2.7); temperature_crest_factor (z=+2.2); vibration_kurtosis (z=+1.9),2026-08-05 14:29:57.447607
1.01,36.1,4.02,-0.53393,45.3,70.98,-12.1848,4,CRITICAL,Estimated remaining life (4d) is critically short.,0.3363,0.3898,0.4157,0.4321,vibration_crest_factor (z=+3.1); temperature_crest_factor (z=+2.0); vibration_current_corr (z=+1.7),2026-08-05 14:29:57.536752
1.08,36.4,4.23,-0.53215,46.74,70.18,-11.8805,4,CRITICAL,Estimated remaining life (4d) is critically short.,0.339,0.3916,0.417,0.4331,temperature_kurtosis (z=+3.2); temperature_skew (z=-2.8); vibration_current_corr (z=+1.9),2026-08-05 14:29:57.620352
0.89,38.6,4.7,-0.50612,67.8,70.1,-11.581,4,CRITICAL,Estimated remaining life (4d) is critically short.,0.3393,0.3917,0.4169,0.4329,temperature_kurtosis (z=+2.3); temperature_skew (z=-2.2); vibration_max (z=-1.7),2026-08-05 14:29:57.705918
0.97,36.1,4.5,-0.51273,62.45,69.85,-11.2895,4,CRITICAL,Estimated remaining life (4d) is critically short.,0.3402,0.3921,0.4171,0.433,temperature_kurtosis (z=+2.7); temperature_skew (z=-2.5); vibration_max (z=-1.7),2026-08-05 14:29:57.790849
1.38,36.1,4.87,-0.52856,49.65,69.19,-11.023,4,CRITICAL,Estimated remaining life (4d) is critically short.,0.3424,0.3936,0.4182,0.4338,temperature_kurtosis (z=+3.9); temperature_skew (z=-3.0); vibration_max (z=-1.7),2026-08-05 14:29:57.877768
1.21,35.9,4.46,-0.51654,59.37,68.87,-10.7707,4,CRITICAL,Estimated remaining life (4d) is critically short.,0.3436,0.3943,0.4186,0.434,temperature_kurtosis (z=+4.0); temperature_skew (z=-2.9); vibration_crest_factor (z=+1.7),2026-08-05 14:29:57.955140
1.26,36.3,4.24,-0.51983,56.71,68.47,-10.5321,4,CRITICAL,Estimated remaining life (4d) is critically short.,0.3449,0.3951,0.4192,0.4344,temperature_kurtosis (z=+4.6); temperature_skew (z=-3.2); vibration_max (z=-1.7),2026-08-05 14:29:58.042116
1.23,33.1,5.0,-0.5023,70.89,68.55,-10.2986,4,CRITICAL,Estimated remaining life (4d) is critically short.,0.3448,0.3949,0.4189,0.434,temperature_skew (z=-2.2); temperature_kurtosis (z=+1.9); vibration_max (z=-1.7),2026-08-05 14:29:58.138520
1.39,36.0,4.51,-0.51348,61.85,68.33,-10.072,4,CRITICAL,Estimated remaining life (4d) is critically short.,0.3455,0.3953,0.4191,0.4341,temperature_kurtosis (z=+2.2); current_crest_factor (z=+1.9); temperature_std (z=-1.7),2026-08-05 14:29:58.229634
1.22,36.4,4.42,-0.51609,59.73,68.05,-9.8556,4,CRITICAL,Estimated remaining life (4d) is critically short.,0.3465,0.3959,0.4195,0.4343,temperature_kurtosis (z=+3.2); current_crest_factor (z=+2.1); temperature_std (z=-1.9),2026-08-05 14:29:58.306021
1.33,34.7,4.06,-0.50707,67.03,68.01,-9.6406,4,CRITICAL,Estimated remaining life (4d) is critically short.,0.3467,0.3959,0.4193,0.4341,current_crest_factor (z=+2.0); temperature_kurtosis (z=+1.9); temperature_std (z=-1.8),2026-08-05 14:29:58.404727
1.54,35.5,4.74,-0.50028,72.52,68.16,-9.4246,5,CRITICAL,Estimated remaining life (5d) is critically short.,0.3463,0.3954,0.4189,0.4336,vibration_trend_slope (z=+2.2); vibration_crest_factor (z=+1.9); temperature_kurtosis (z=+1.9),2026-08-05 14:29:58.487147
1.31,34.7,4.86,-0.52056,56.12,67.77,-9.2302,5,CRITICAL,Estimated remaining life (5d) is critically short.,0.3476,0.3963,0.4195,0.4341,temperature_std (z=-2.4); temperature_skew (z=-2.3); temperature_kurtosis (z=+1.6),2026-08-05 14:29:58.571281
1.02,33.9,4.64,-0.49545,76.43,68.05,-9.0469,5,CRITICAL,Estimated remaining life (5d) is critically short.,0.3468,0.3956,0.4188,0.4334,temperature_std (z=-2.2); temperature_max (z=-1.6); vibration_max (z=-1.6),2026-08-05 14:29:58.659889
1.06,34.8,4.19,-0.49448,77.22,68.35,-8.8771,5,CRITICAL,Estimated remaining life (5d) is critically short.,0.346,0.3949,0.4181,0.4327,temperature_std (z=-2.3); current_crest_factor (z=+1.9); vibration_crest_factor (z=+1.8),2026-08-05 14:29:58.788532
1.34,32.7,4.92,-0.48812,82.36,68.81,-8.7119,5,CRITICAL,Estimated remaining life (5d) is critically short.,0.3447,0.3938,0.4172,0.4318,temperature_std (z=-1.9); temperature_max (z=-1.6); vibration_crest_factor (z=+1.6),2026-08-05 14:29:58.874363
1.32,34.3,4.87,-0.48689,83.35,69.29,-8.5521,5,CRITICAL,Estimated remaining life (5d) is critically short.,0.3434,0.3927,0.4162,0.4309,temperature_std (z=-2.1); temperature_max (z=-1.6); vibration_max (z=-1.6),2026-08-05 14:29:58.949688
1.49,37.5,4.32,-0.47362,94.09,70.1,-8.3871,5,CRITICAL,Estimated remaining life (5d) is critically short.,0.3411,0.3909,0.4146,0.4294,temperature_std (z=-1.8); vibration_max (z=-1.6); temperature_max (z=-1.5),2026-08-05 14:29:59.028859
1.16,30.1,4.18,-0.47977,89.11,70.72,-8.216,6,CRITICAL,Estimated remaining life (6d) is critically short.,0.3394,0.3896,0.4134,0.4282,vibration_max (z=-1.6); vibration_rms (z=-1.5); vibration_mean (z=-1.5),2026-08-05 14:29:59.105460
1.09,30.4,4.05,-0.49162,79.53,71.01,-8.0386,6,CRITICAL,Estimated remaining life (6d) is critically short.,0.3388,0.389,0.4128,0.4277,current_std (z=+2.1); vibration_crest_factor (z=+1.6); vibration_max (z=-1.6),2026-08-05 14:29:59.185563
1.08,29.5,4.72,-0.51465,60.9,70.68,-7.8549,6,CRITICAL,Estimated remaining life (6d) is critically short.,0.3401,0.3898,0.4134,0.4281,temperature_trend_slope (z=-2.1); vibration_crest_factor (z=+2.0); current_trend_slope (z=-1.8),2026-08-05 14:29:59.292251
1.16,34.4,4.16,-0.51237,62.74,70.42,-7.6583,6,CRITICAL,Estimated remaining life (6d) is critically short.,0.3411,0.3905,0.4138,0.4284,current_trend_slope (z=-2.1); vibration_crest_factor (z=+2.0); current_std (z=+1.8),2026-08-05 14:29:59.383077
1.39,34.7,4.62,-0.49587,76.09,70.61,-7.4428,6,CRITICAL,Estimated remaining life (6d) is critically short.,0.3407,0.39,0.4134,0.4279,vibration_crest_factor (z=+1.8); temperature_crest_factor (z=+1.8); vibration_max (z=-1.6),2026-08-05 14:29:59.462055
1.55,33.1,4.75,-0.48896,81.68,70.97,-7.2032,7,CRITICAL,Estimated remaining life (7d) is critically short.,0.3398,0.3892,0.4125,0.4271,temperature_crest_factor (z=+1.9); vibration_crest_factor (z=+1.8); current_std (z=+1.6),2026-08-05 14:29:59.538583
1.36,39.5,4.38,-0.50381,69.66,70.93,-6.9467,7,CRITICAL,Estimated remaining life (7d) is critically short.,0.3401,0.3893,0.4125,0.4269,temperature_crest_factor (z=+3.2); temperature_min (z=-1.6); vibration_max (z=-1.6),2026-08-05 14:29:59.615936
1.32,36.4,4.78,-0.50444,69.15,70.87,-6.6823,7,CRITICAL,Estimated remaining life (7d) is critically short.,0.3403,0.3893,0.4124,0.4267,temperature_crest_factor (z=+2.8); temperature_min (z=-1.6); temperature_std (z=+1.6),2026-08-05 14:29:59.696455
1.26,33.4,4.69,-0.51602,59.79,70.5,-6.4217,7,CRITICAL,Estimated remaining life (7d) is critically short.,0.3415,0.39,0.4128,0.427,temperature_crest_factor (z=+2.9); current_trend_slope (z=+2.2); temperature_min (z=-1.6),2026-08-05 14:29:59.772785
1.18,37.2,4.46,-0.53939,40.89,69.53,-6.1764,8,WARN,Failure probability within 1d is 43% — schedule maintenance.,0.3445,0.3921,0.4144,0.4283,temperature_trend_slope (z=+2.9); temperature_crest_factor (z=+2.9); vibration_crest_factor (z=+1.9),2026-08-05 14:29:59.855059
0.97,34.8,4.21,-0.50933,65.2,69.39,-5.9261,8,WARN,Failure probability within 1d is 43% — schedule maintenance.,0.345,0.3923,0.4145,0.4282,temperature_crest_factor (z=+2.5); temperature_trend_slope (z=+2.2); vibration_crest_factor (z=+2.2),2026-08-05 14:29:59.932075
1.16,33.4,4.22,-0.49108,79.96,69.74,-5.6596,8,WARN,Failure probability within 1d is 43% — schedule maintenance.,0.3439,0.3913,0.4136,0.4273,temperature_crest_factor (z=+2.2); vibration_crest_factor (z=+2.1); vibration_current_corr (z=+1.7),2026-08-05 14:30:00.015953
1.38,38.1,3.97,-0.47607,92.1,70.47,-5.3773,9,WARN,Failure probability within 1d is 43% — schedule maintenance.,0.3417,0.3895,0.4119,0.4257,vibration_crest_factor (z=+1.6); current_trend_slope (z=-1.6); vibration_max (z=-1.6),2026-08-05 14:30:00.109210
1.15,33.9,4.37,-0.48663,83.56,70.9,-5.0867,10,WARN,Failure probability within 1d is 42% — schedule maintenance.,0.3404,0.3884,0.4108,0.4247,current_trend_slope (z=-2.4); vibration_crest_factor (z=+1.7); vibration_max (z=-1.6),2026-08-05 14:30:00.190406
1.2,37.8,4.54,-0.47578,92.34,71.6,-4.7817,10,WARN,Failure probability within 1d is 42% — schedule maintenance.,0.3382,0.3867,0.4092,0.4232,vibration_crest_factor (z=+2.0); current_trend_slope (z=-1.8); vibration_rms (z=-1.6),2026-08-05 14:30:00.270857
1.4,37.5,4.64,-0.47255,94.95,72.37,-4.4605,11,WARN,Failure probability within 1d is 42% — schedule maintenance.,0.336,0.3848,0.4076,0.4216,vibration_max (z=-1.7); vibration_rms (z=-1.6); vibration_mean (z=-1.6),2026-08-05 14:30:00.359677
1.6,34.5,4.51,-0.47095,96.24,73.15,-4.1276,12,WARN,Failure probability within 1d is 42% — schedule maintenance.,0.3337,0.3829,0.4058,0.4199,vibration_crest_factor (z=+2.4); vibration_min (z=-1.6); vibration_mean (z=-1.6),2026-08-05 14:30:00.443286
1.29,35.4,4.26,-0.47315,94.46,73.85,-3.7819,14,WARN,Failure probability within 1d is 42% — schedule maintenance.,0.3317,0.3813,0.4043,0.4184,vibration_crest_factor (z=+2.5); vibration_mean (z=-1.6); vibration_min (z=-1.6),2026-08-05 14:30:00.521057
1.1,33.3,4.67,-0.48149,87.72,74.3,-3.4348,15,WARN,Failure probability within 1d is 42% — schedule maintenance.,0.3305,0.3802,0.4032,0.4174,vibration_crest_factor (z=+2.7); vibration_mean (z=-1.6); vibration_rms (z=-1.6),2026-08-05 14:30:00.602293
1.28,33.3,4.74,-0.48248,86.92,74.72,-3.0845,17,OK,No action needed.,0.3295,0.3792,0.4023,0.4164,,2026-08-05 14:30:00.681959
1.11,36.7,4.42,-0.47599,92.17,75.29,-2.7308,20,OK,No action needed.,0.328,0.3779,0.401,0.4152,,2026-08-05 14:30:00.758661
1.27,38.2,4.65,-0.49166,79.49,75.43,-2.3791,23,OK,No action needed.,0.3279,0.3776,0.4006,0.4146,,2026-08-05 14:30:00.837998
1.09,36.1,4.63,-0.49386,77.71,75.5,-2.0262,27,OK,No action needed.,0.3279,0.3774,0.4003,0.4142,,2026-08-05 14:30:00.919110
1.2,38.0,4.59,-0.51205,63.0,75.09,-1.6768,32,OK,No action needed.,0.3293,0.3782,0.4008,0.4145,,2026-08-05 14:30:00.997759
1.13,36.1,4.45,-0.51046,64.28,74.74,-1.337,40,OK,No action needed.,0.3305,0.3789,0.4012,0.4148,,2026-08-05 14:30:01.075929
1.09,35.0,4.05,-0.54065,39.86,73.6,-1.0194,52,OK,No action needed.,0.3339,0.3813,0.4031,0.4162,,2026-08-05 14:30:01.153984
1.3,32.0,4.27,-0.49501,76.78,73.7,-0.7041,76,OK,No action needed.,0.3337,0.381,0.4026,0.4157,,2026-08-05 14:30:01.240824
1.3,34.3,4.81,-0.50407,69.46,73.56,-0.3851,90,OK,No action needed.,0.3341,0.3811,0.4026,0.4156,,2026-08-05 14:30:01.317516
1.21,35.3,4.57,-0.50623,67.7,73.37,-0.0601,90,OK,No action needed.,0.3347,0.3814,0.4027,0.4155,,2026-08-05 14:30:01.393239
1.17,38.3,4.59,-0.50959,64.99,73.09,0.2718,90,OK,No action needed.,0.3354,0.3817,0.4028,0.4155,,2026-08-05 14:30:01.480350
0.94,37.7,4.66,-0.50275,70.53,73.01,0.6093,90,OK,No action needed.,0.3356,0.3817,0.4026,0.4152,,2026-08-05 14:30:01.576917
1.16,36.8,4.11,-0.49516,76.67,73.13,0.9455,90,OK,No action needed.,0.3351,0.3812,0.4021,0.4146,,2026-08-05 14:30:01.649632
1.32,35.5,4.63,-0.49134,79.75,73.35,1.2784,90,OK,No action needed.,0.3344,0.3805,0.4013,0.4138,,2026-08-05 14:30:01.726022
1.54,37.6,4.55,-0.49201,79.21,73.54,1.6009,90,OK,No action needed.,0.3339,0.3799,0.4007,0.4132,,2026-08-05 14:30:01.800164
1.28,36.3,4.83,-0.50165,71.41,73.47,1.9221,90,OK,No action needed.,0.334,0.3798,0.4005,0.4129,,2026-08-05 14:30:01.884303
1.4,33.6,4.48,-0.47568,92.42,74.09,2.2549,90,OK,No action needed.,0.3322,0.3783,0.3991,0.4115,,2026-08-05 14:30:01.965539
1.25,39.5,4.75,-0.49414,77.49,74.2,2.5952,90,OK,No action needed.,0.3319,0.3779,0.3986,0.4109,,2026-08-05 14:30:02.059937
1.21,34.7,4.69,-0.50221,70.96,74.1,2.9369,90,OK,No action needed.,0.3321,0.3779,0.3985,0.4107,,2026-08-05 14:30:02.138253
1.35,35.4,4.32,-0.47912,89.64,74.6,3.2943,90,OK,No action needed.,0.3306,0.3765,0.3972,0.4095,,2026-08-05 14:30:02.215290
1.55,33.1,4.47,-0.47245,95.03,75.27,3.6668,90,WARN,Failure probability within 1d is 41% — schedule maintenance.,0.3286,0.3749,0.3957,0.408,vibration_min (z=-1.6); vibration_max (z=-1.6); vibration_mean (z=-1.5),2026-08-05 14:30:02.293248
1.35,36.0,4.51,-0.46033,100.0,76.09,4.0596,90,WARN,Failure probability within 1d is 41% — schedule maintenance.,0.3262,0.3729,0.3939,0.4062,vibration_max (z=-1.6); vibration_rms (z=-1.5); vibration_mean (z=-1.5),2026-08-05 14:30:02.373790
1.04,38.4,4.72,-0.47083,96.34,76.75,4.4584,90,WARN,Failure probability within 1d is 40% — schedule maintenance.,0.3243,0.3713,0.3923,0.4048,vibration_current_corr (z=-1.7); vibration_max (z=-1.6); vibration_rms (z=-1.5),2026-08-05 14:30:02.453896
0.91,36.2,4.37,-0.47311,94.5,77.33,4.8603,90,WARN,Failure probability within 1d is 40% — schedule maintenance.,0.3227,0.3699,0.391,0.4035,vibration_trend_slope (z=-1.8); vibration_min (z=-1.6); vibration_max (z=-1.6),2026-08-05 14:30:02.538935
1.55,36.8,4.69,-0.46486,100.0,78.07,5.2687,90,WARN,Failure probability within 1d is 40% — schedule maintenance.,0.3207,0.3682,0.3894,0.4019,vibration_min (z=-1.6); vibration_max (z=-1.6); vibration_mean (z=-1.5),2026-08-05 14:30:02.627579
1.42,38.7,4.54,-0.46775,98.83,78.75,5.6889,90,WARN,Failure probability within 1d is 40% — schedule maintenance.,0.3189,0.3667,0.388,0.4005,vibration_min (z=-1.6); vibration_max (z=-1.6); vibration_mean (z=-1.5),2026-08-05 14:30:02.711050
1.72,35.2,4.16,-0.47596,92.19,79.2,6.1223,90,WARN,Failure probability within 1d is 40% — schedule maintenance.,0.3178,0.3656,0.3869,0.3994,vibration_crest_factor (z=+2.6); vibration_min (z=-1.6); vibration_mean (z=-1.5),2026-08-05 14:30:02.790298
1.63,32.5,4.4,-0.47437,93.48,79.66,6.5698,90,WARN,Failure probability within 1d is 40% — schedule maintenance.,0.3166,0.3645,0.3858,0.3983,vibration_crest_factor (z=+2.0); vibration_trend_slope (z=+1.7); vibration_min (z=-1.6),2026-08-05 14:30:02.877391
1.33,34.2,4.62,-0.46619,100.0,80.33,7.0372,90,WARN,Failure probability within 1d is 40% — schedule maintenance.,0.3149,0.363,0.3844,0.3969,vibration_crest_factor (z=+1.9); vibration_min (z=-1.6); current_max (z=-1.5),2026-08-05 14:30:02.957080
1.24,32.7,4.77,-0.47534,92.69,80.74,7.5178,90,WARN,Failure probability within 1d is 40% — schedule maintenance.,0.3139,0.362,0.3833,0.3958,vibration_crest_factor (z=+2.0); vibration_min (z=-1.6); temperature_max (z=-1.5),2026-08-05 14:30:03.039302
1.26,36.2,4.67,-0.47844,90.19,81.05,8.0021,90,WARN,Failure probability within 1d is 39% — schedule maintenance.,0.3131,0.3612,0.3825,0.3949,vibration_crest_factor (z=+2.4); vibration_min (z=-1.6); vibration_mean (z=-1.5),2026-08-05 14:30:03.119008
1.12,36.0,4.36,-0.48005,88.89,81.3,8.4888,90,WARN,Failure probability within 1d is 39% — schedule maintenance.,0.3125,0.3605,0.3817,0.394,vibration_crest_factor (z=+2.8); vibration_min (z=-1.6); vibration_mean (z=-1.5),2026-08-05 14:30:03.202453
1.25,37.3,4.43,-0.46034,100.0,81.92,8.987,90,WARN,Failure probability within 1d is 39% — schedule maintenance.,0.311,0.3591,0.3803,0.3926,vibration_crest_factor (z=+2.5); vibration_min (z=-1.6); vibration_mean (z=-1.5),2026-08-05 14:30:03.290530
1.18,35.7,4.54,-0.47588,92.25,82.25,9.4852,90,WARN,Failure probability within 1d is 39% — schedule maintenance.,0.3102,0.3583,0.3795,0.3917,vibration_trend_slope (z=-2.5); vibration_crest_factor (z=+2.2); vibration_mean (z=-1.5),2026-08-05 14:30:03.368997
1.31,38.9,4.56,-0.49128,79.8,82.17,9.9803,90,WARN,Failure probability within 1d is 39% — schedule maintenance.,0.3106,0.3583,0.3793,0.3914,vibration_crest_factor (z=+2.6); vibration_trend_slope (z=-2.0); vibration_current_corr (z=-1.6),2026-08-05 14:30:03.450310
1.4,33.8,4.8,-0.48187,87.41,82.35,10.4733,90,WARN,Failure probability within 1d is 39% — schedule maintenance.,0.3103,0.3578,0.3787,0.3907,vibration_crest_factor (z=+2.6); vibration_trend_slope (z=-1.7); vibration_skew (z=+1.6),2026-08-05 14:30:03.536517
1.3,36.0,4.66,-0.49213,79.11,82.24,10.9539,90,WARN,Failure probability within 1d is 39% — schedule maintenance.,0.3107,0.358,0.3786,0.3904,vibration_kurtosis (z=+2.4); vibration_crest_factor (z=+2.2); vibration_skew (z=+2.0),2026-08-05 14:30:03.619950
1.41,37.1,4.43,-0.48432,85.43,82.34,11.422,90,WARN,Failure probability within 1d is 39% — schedule maintenance.,0.3106,0.3577,0.3782,0.3899,vibration_std (z=-2.2); vibration_max (z=-1.7); current_std (z=-1.6),2026-08-05 14:30:03.792514
1.28,34.8,4.11,-0.48336,86.21,82.47,11.8779,90,WARN,Failure probability within 1d is 39% — schedule maintenance.,0.3105,0.3574,0.3778,0.3894,vibration_std (z=-2.2); vibration_max (z=-1.7); vibration_rms (z=-1.5),2026-08-05 14:30:03.885515
1.43,36.8,4.66,-0.49037,80.54,82.41,12.3141,90,WARN,Failure probability within 1d is 39% — schedule maintenance.,0.311,0.3576,0.3778,0.3893,vibration_std (z=-2.0); temperature_std (z=-1.7); vibration_max (z=-1.6),2026-08-05 14:30:03.970273
1.55,38.3,4.94,-0.48558,84.41,82.47,12.7377,90,WARN,Failure probability within 1d is 39% — schedule maintenance.,0.3112,0.3575,0.3775,0.3889,vibration_current_corr (z=+2.0); vibration_trend_slope (z=+1.6); vibration_max (z=-1.6),2026-08-05 14:30:04.050838
1.37,35.3,4.96,-0.48734,82.99,82.49,13.15,90,WARN,Failure probability within 1d is 39% — schedule maintenance.,0.3115,0.3575,0.3774,0.3887,vibration_std (z=-1.8); vibration_current_corr (z=+1.8); vibration_max (z=-1.6),2026-08-05 14:30:04.133699
1.52,36.2,4.31,-0.46994,97.07,82.97,13.5624,90,WARN,Failure probability within 1d is 39% — schedule maintenance.,0.3106,0.3567,0.3766,0.3878,vibration_std (z=-1.7); vibration_max (z=-1.6); temperature_std (z=-1.5),2026-08-05 14:30:04.213011
1.54,33.8,4.52,-0.46576,100.0,83.53,13.9749,90,WARN,Failure probability within 1d is 39% — schedule maintenance.,0.3096,0.3558,0.3757,0.3869,vibration_std (z=-2.0); vibration_max (z=-1.6); temperature_max (z=-1.5),2026-08-05 14:30:04.293246
1.3,32.1,4.49,-0.46529,100.0,84.07,14.3888,90,WARN,Failure probability within 1d is 39% — schedule maintenance.,0.3086,0.3549,0.3748,0.386,vibration_std (z=-1.9); vibration_max (z=-1.6); temperature_max (z=-1.5),2026-08-05 14:30:04.371653
1.36,30.6,4.26,-0.4905,80.43,83.95,14.7974,90,WARN,Failure probability within 1d is 39% — schedule maintenance.,0.3094,0.3553,0.375,0.3861,temperature_trend_slope (z=-2.1); vibration_std (z=-1.9); vibration_max (z=-1.6),2026-08-05 14:30:04.455196
1.57,36.0,4.31,-0.48418,85.54,84.0,15.2044,90,WARN,Failure probability within 1d is 39% — schedule maintenance.,0.3097,0.3554,0.3749,0.3859,vibration_std (z=-1.8); temperature_trend_slope (z=-1.7); current_crest_factor (z=+1.7),2026-08-05 14:30:04.536078
1.39,33.6,4.43,-0.47973,89.15,84.17,15.6246,90,WARN,Failure probability within 1d is 39% — schedule maintenance.,0.3097,0.3552,0.3746,0.3855,vibration_std (z=-1.8); current_crest_factor (z=+1.7); vibration_max (z=-1.5),2026-08-05 14:30:04.620563
1.19,34.5,4.28,-0.48367,85.96,84.23,16.0526,90,WARN,Failure probability within 1d is 39% — schedule maintenance.,0.3099,0.3552,0.3745,0.3852,current_trend_slope (z=-2.4); temperature_trend_slope (z=-1.6); vibration_max (z=-1.5),2026-08-05 14:30:04.701421
1.05,34.2,4.24,-0.49555,76.35,83.97,16.4761,90,WARN,Failure probability within 1d is 39% — schedule maintenance.,0.3109,0.3557,0.3748,0.3854,current_trend_slope (z=-2.6); current_crest_factor (z=+1.9); vibration_trend_slope (z=-1.8),2026-08-05 14:30:04.782005
1.25,35.4,4.98,-0.48298,86.52,84.05,16.8958,90,WARN,Failure probability within 1d is 39% — schedule maintenance.,0.311,0.3557,0.3746,0.3851,current_crest_factor (z=+2.1); current_skew (z=+1.7); temperature_max (z=-1.6),2026-08-05 14:30:04.869569
1.43,39.4,4.47,-0.51523,60.43,83.28,17.2935,90,WARN,Failure probability within 1d is 39% — schedule maintenance.,0.3133,0.3572,0.3757,0.3859,current_kurtosis (z=+3.3); current_skew (z=+2.7); current_crest_factor (z=+2.6),2026-08-05 14:30:04.962949
1.25,41.1,4.48,-0.5326,46.38,82.07,17.6704,90,WARN,Failure probability within 1d is 39% — schedule maintenance.,0.3166,0.3595,0.3775,0.3874,temperature_crest_factor (z=+3.1); current_kurtosis (z=+3.1); temperature_trend_slope (z=+3.0),2026-08-05 14:30:05.057961
1.35,36.1,4.89,-0.51316,62.11,81.41,18.0283,90,WARN,Failure probability within 1d is 39% — schedule maintenance.,0.3184,0.3607,0.3783,0.388,temperature_trend_slope (z=+2.9); temperature_crest_factor (z=+2.9); current_crest_factor (z=+2.0),2026-08-05 14:30:05.134270
1.3,37.1,5.0,-0.50607,67.84,80.97,18.3737,90,WARN,Failure probability within 1d is 39% — schedule maintenance.,0.3197,0.3615,0.3789,0.3884,current_trend_slope (z=+2.8); temperature_trend_slope (z=+2.5); temperature_crest_factor (z=+2.4),2026-08-05 14:30:05.214068
1.31,36.4,5.1,-0.50337,70.02,80.61,18.7185,90,WARN,Failure probability within 1d is 39% — schedule maintenance.,0.3207,0.3621,0.3792,0.3886,current_trend_slope (z=+3.3); temperature_crest_factor (z=+1.9); current_crest_factor (z=+1.7),2026-08-05 14:30:05.293762
1.52,34.8,4.88,-0.50715,66.97,80.16,19.0589,90,WARN,Failure probability within 1d is 39% — schedule maintenance.,0.3219,0.3628,0.3797,0.3889,current_trend_slope (z=+3.0); temperature_crest_factor (z=+2.0); vibration_max (z=-1.6),2026-08-05 14:30:05.369868
1.17,39.3,4.59,-0.49705,75.13,80.0,19.3942,90,WARN,Failure probability within 1d is 39% — schedule maintenance.,0.3223,0.363,0.3798,0.3888,current_trend_slope (z=+2.2); vibration_current_corr (z=+1.6); vibration_max (z=-1.6),2026-08-05 14:30:05.451123
1.37,38.8,4.78,-0.48293,86.55,80.21,19.7367,90,WARN,Failure probability within 1d is 39% — schedule maintenance.,0.3218,0.3624,0.3792,0.3882,vibration_max (z=-1.6); vibration_rms (z=-1.5); vibration_mean (z=-1.5),2026-08-05 14:30:05.537419
1.65,38.6,4.92,-0.46721,99.27,80.84,20.0878,90,WARN,Failure probability within 1d is 39% — schedule maintenance.,0.3203,0.3611,0.378,0.3871,vibration_crest_factor (z=+1.6); vibration_max (z=-1.5); vibration_rms (z=-1.5),2026-08-05 14:30:05.617772
1.33,37.0,4.46,-0.46287,100.0,81.47,20.454,90,WARN,Failure probability within 1d is 39% — schedule maintenance.,0.3187,0.3599,0.3768,0.3859,vibration_crest_factor (z=+1.5); vibration_max (z=-1.5); vibration_rms (z=-1.5),2026-08-05 14:30:05.707758
1.45,31.9,4.57,-0.47218,95.25,81.92,20.8354,90,WARN,Failure probability within 1d is 38% — schedule maintenance.,0.3176,0.3589,0.3759,0.385,vibration_crest_factor (z=+1.5); vibration_max (z=-1.5); vibration_rms (z=-1.5),2026-08-05 14:30:05.802462
1.44,35.9,4.81,-0.47243,95.05,82.35,21.2329,90,WARN,Failure probability within 1d is 38% — schedule maintenance.,0.3166,0.3579,0.3749,0.3841,current_trend_slope (z=-1.5); vibration_max (z=-1.5); vibration_rms (z=-1.5),2026-08-05 14:30:05.888691
1.25,38.5,4.11,-0.5011,71.86,82.0,21.6323,90,WARN,Failure probability within 1d is 38% — schedule maintenance.,0.3174,0.3584,0.3752,0.3841,current_trend_slope (z=-2.7); temperature_skew (z=-1.8); vibration_max (z=-1.5),2026-08-05 14:30:05.981590
1.33,38.3,4.62,-0.49529,76.56,81.83,22.0367,90,WARN,Failure probability within 1d is 38% — schedule maintenance.,0.3178,0.3585,0.3751,0.3839,current_trend_slope (z=-2.2); temperature_skew (z=-1.9); vibration_current_corr (z=+1.5),2026-08-05 14:30:06.079264
1.21,37.2,4.73,-0.49839,74.05,81.57,22.4397,90,WARN,Failure probability within 1d is 38% — schedule maintenance.,0.3183,0.3587,0.3751,0.3838,temperature_skew (z=-2.1); vibration_current_corr (z=+1.8); current_skew (z=-1.8),2026-08-05 14:30:06.173562
1.06,34.1,4.53,-0.49621,75.81,81.38,22.8411,90,WARN,Failure probability within 1d is 38% — schedule maintenance.,0.3186,0.3587,0.375,0.3836,vibration_crest_factor (z=+2.1); temperature_skew (z=-1.9); vibration_current_corr (z=+1.6),2026-08-05 14:30:06.257683
1.52,35.4,4.96,-0.4891,81.56,81.39,23.239,90,WARN,Failure probability within 1d is 38% — schedule maintenance.,0.3184,0.3584,0.3746,0.3831,vibration_current_corr (z=+1.8); temperature_skew (z=-1.6); vibration_crest_factor (z=+1.6),2026-08-05 14:30:06.341603
1.4,33.3,4.65,-0.47796,90.57,81.69,23.6392,90,WARN,Failure probability within 1d is 38% — schedule maintenance.,0.3176,0.3576,0.3738,0.3823,vibration_current_corr (z=+1.9); vibration_crest_factor (z=+1.5); vibration_min (z=-1.5),2026-08-05 14:30:06.499828
1.12,36.7,4.41,-0.47286,94.7,82.12,24.0538,90,WARN,Failure probability within 1d is 38% — schedule maintenance.,0.3163,0.3565,0.3727,0.3812,vibration_current_corr (z=+1.7); vibration_max (z=-1.6); vibration_rms (z=-1.5),2026-08-05 14:30:06.576116
1.48,32.8,4.96,-0.47599,92.17,82.45,24.4773,90,WARN,Failure probability within 1d is 38% — schedule maintenance.,0.3154,0.3556,0.3718,0.3803,vibration_current_corr (z=+1.9); vibration_max (z=-1.6); vibration_rms (z=-1.5),2026-08-05 14:30:06.654743
1.21,33.5,4.27,-0.48675,83.47,82.48,24.8984,90,WARN,Failure probability within 1d is 38% — schedule maintenance.,0.3151,0.3552,0.3713,0.3797,vibration_current_corr (z=+2.1); temperature_trend_slope (z=-1.8); vibration_max (z=-1.6),2026-08-05 14:30:06.735157
1.13,37.3,4.31,-0.48219,87.16,82.63,25.3172,90,WARN,Failure probability within 1d is 38% — schedule maintenance.,0.3146,0.3546,0.3707,0.3791,vibration_current_corr (z=+2.1); vibration_max (z=-1.6); vibration_rms (z=-1.5),2026-08-05 14:30:06.817301
1.17,38.8,4.22,-0.4856,84.4,82.69,25.7293,90,WARN,Failure probability within 1d is 38% — schedule maintenance.,0.3143,0.3542,0.3702,0.3785,vibration_current_corr (z=+2.4); current_trend_slope (z=-1.9); vibration_max (z=-1.6),2026-08-05 14:30:06.894937
1.25,36.8,4.07,-0.50063,72.24,82.35,26.1369,90,WARN,Failure probability within 1d is 38% — schedule maintenance.,0.315,0.3546,0.3703,0.3785,current_trend_slope (z=-2.8); vibration_current_corr (z=+2.1); vibration_max (z=-1.6),2026-08-05 14:30:06.980499
1.39,34.8,4.57,-0.48961,81.15,82.31,26.5462,90,WARN,Failure probability within 1d is 38% — schedule maintenance.,0.3149,0.3543,0.37,0.378,vibration_current_corr (z=+2.3); current_trend_slope (z=-2.1); current_crest_factor (z=+1.7),2026-08-05 14:30:07.066814
1.41,37.2,4.6,-0.49166,79.49,82.22,26.9477,90,WARN,Failure probability within 1d is 38% — schedule maintenance.,0.3149,0.3542,0.3697,0.3777,vibration_current_corr (z=+2.6); current_trend_slope (z=-1.8); current_crest_factor (z=+1.6),2026-08-05 14:30:07.151768
1.26,39.0,4.42,-0.49612,75.88,82.01,27.3383,90,WARN,Failure probability within 1d is 38% — schedule maintenance.,0.3152,0.3542,0.3696,0.3775,vibration_current_corr (z=+2.4); current_crest_factor (z=+2.2); temperature_trend_slope (z=+1.7),2026-08-05 14:30:07.243404
1.3,35.7,4.5,-0.49907,73.5,81.73,27.7178,90,WARN,Failure probability within 1d is 38% — schedule maintenance.,0.3158,0.3544,0.3696,0.3774,vibration_current_corr (z=+2.4); current_crest_factor (z=+2.4); vibration_max (z=-1.6),2026-08-05 14:30:07.340525
1.3,34.1,4.58,-0.49318,78.27,81.62,28.0864,90,WARN,Failure probability within 1d is 38% — schedule maintenance.,0.3159,0.3544,0.3694,0.3771,vibration_current_corr (z=+2.6); current_crest_factor (z=+2.2); vibration_std (z=-1.7),2026-08-05 14:30:07.426693
1.34,35.3,5.15,-0.53627,43.41,80.36,28.4373,90,WARN,Failure probability within 1d is 38% — schedule maintenance.,0.3188,0.3563,0.3709,0.3783,current_crest_factor (z=+3.7); current_trend_slope (z=+2.8); vibration_std (z=-2.2),2026-08-05 14:30:07.504575
1.48,38.2,4.76,-0.53077,47.86,79.3,28.7767,90,WARN,Failure probability within 1d is 38% — schedule maintenance.,0.3211,0.3579,0.3721,0.3792,current_crest_factor (z=+3.2); current_trend_slope (z=+2.9); vibration_current_corr (z=+1.9),2026-08-05 14:30:07.588249
1.29,37.8,4.48,-0.52329,53.91,78.47,29.109,90,WARN,Failure probability within 1d is 38% — schedule maintenance.,0.3229,0.359,0.3729,0.3797,current_crest_factor (z=+3.0); current_trend_slope (z=+2.3); vibration_std (z=-2.2),2026-08-05 14:30:07.667876
1.13,36.9,4.45,-0.5156,60.13,77.86,29.4333,90,WARN,Failure probability within 1d is 38% — schedule maintenance.,0.324,0.3597,0.3733,0.38,current_crest_factor (z=+2.8); vibration_std (z=-2.0); current_kurtosis (z=+2.0),2026-08-05 14:30:07.750604
1.43,36.5,4.54,-0.51636,59.51,77.26,29.7489,90,WARN,Failure probability within 1d is 38% — schedule maintenance.,0.3251,0.3604,0.3737,0.3802,current_kurtosis (z=+3.7); current_skew (z=+3.0); current_crest_factor (z=+2.4),2026-08-05 14:30:07.834048
1.41,39.6,4.76,-0.5036,69.83,77.02,30.0668,90,WARN,Failure probability within 1d is 38% — schedule maintenance.,0.3253,0.3603,0.3736,0.3799,current_kurtosis (z=+2.4); current_skew (z=+2.4); current_crest_factor (z=+2.2),2026-08-05 14:30:07.914500
1.34,36.5,4.74,-0.49453,77.17,77.02,30.3839,90,WARN,Failure probability within 1d is 38% — schedule maintenance.,0.3248,0.3598,0.373,0.3793,current_crest_factor (z=+2.0); vibration_std (z=-2.0); current_skew (z=+2.0),2026-08-05 14:30:07.995120
1.21,36.7,5.0,-0.48167,87.57,77.37,30.7052,90,WARN,Failure probability within 1d is 38% — schedule maintenance.,0.3235,0.3587,0.3719,0.3783,vibration_std (z=-1.9); vibration_max (z=-1.6); vibration_rms (z=-1.5),2026-08-05 14:30:08.077061
1.23,40.9,4.62,-0.47302,94.58,77.93,31.032,90,WARN,Failure probability within 1d is 38% — schedule maintenance.,0.3217,0.3571,0.3705,0.3769,vibration_std (z=-1.8); vibration_max (z=-1.6); vibration_rms (z=-1.5),2026-08-05 14:30:08.158855
1.06,36.8,4.54,-0.47422,93.61,78.45,31.3665,90,WARN,Failure probability within 1d is 38% — schedule maintenance.,0.3199,0.3557,0.3692,0.3756,vibration_max (z=-1.6); vibration_rms (z=-1.5); vibration_mean (z=-1.5),2026-08-05 14:30:08.241935
1.22,36.6,4.54,-0.48242,86.97,78.73,31.7072,90,WARN,Failure probability within 1d is 37% — schedule maintenance.,0.3188,0.3547,0.3682,0.3747,temperature_skew (z=+1.9); vibration_max (z=-1.6); temperature_std (z=-1.5),2026-08-05 14:30:08.354453
1.41,37.4,4.5,-0.4914,79.71,78.76,32.0487,90,WARN,Failure probability within 1d is 37% — schedule maintenance.,0.3183,0.3541,0.3676,0.374,temperature_skew (z=+2.3); current_skew (z=+1.9); vibration_max (z=-1.6),2026-08-05 14:30:08.499221
1.3,36.9,4.34,-0.49211,79.13,78.77,32.3958,90,WARN,Failure probability within 1d is 37% — schedule maintenance.,0.3178,0.3536,0.367,0.3733,temperature_skew (z=+2.5); temperature_kurtosis (z=+1.7); vibration_max (z=-1.6),2026-08-05 14:30:08.575968
1.26,36.7,4.78,-0.49462,77.1,78.72,32.7366,90,WARN,Failure probability within 1d is 37% — schedule maintenance.,0.3174,0.3531,0.3665,0.3728,temperature_skew (z=+2.5); temperature_kurtosis (z=+1.7); vibration_max (z=-1.6),2026-08-05 14:30:08.655531
1.19,32.6,4.54,-0.4871,83.19,78.86,33.0732,90,WARN,Failure probability within 1d is 37% — schedule maintenance.,0.3166,0.3524,0.3657,0.3719,vibration_std (z=-1.8); vibration_max (z=-1.7); temperature_trend_slope (z=-1.6),2026-08-05 14:30:08.736816
1.34,35.1,4.61,-0.5001,72.67,78.66,33.4045,90,WARN,Failure probability within 1d is 37% — schedule maintenance.,0.3167,0.3522,0.3654,0.3716,temperature_kurtosis (z=+2.3); vibration_std (z=-2.0); vibration_max (z=-1.7),2026-08-05 14:30:08.872409
1.49,33.7,5.04,-0.48911,81.56,78.76,33.7388,90,WARN,Failure probability within 1d is 37% — schedule maintenance.,0.316,0.3515,0.3647,0.3708,temperature_trend_slope (z=-2.0); temperature_crest_factor (z=+1.8); vibration_max (z=-1.6),2026-08-05 14:30:08.949883
1.33,34.8,4.76,-0.51615,59.68,78.13,34.0646,90,WARN,Failure probability within 1d is 37% — schedule maintenance.,0.3171,0.3521,0.365,0.371,temperature_trend_slope (z=-2.2); temperature_crest_factor (z=+1.9); vibration_max (z=-1.6),2026-08-05 14:30:09.030091
1.5,36.9,5.11,-0.5162,59.64,77.52,34.3726,90,WARN,Failure probability within 1d is 37% — schedule maintenance.,0.3181,0.3528,0.3654,0.3712,current_trend_slope (z=+2.3); vibration_current_corr (z=+2.0); vibration_max (z=-1.6),2026-08-05 14:30:09.112205
1.31,36.0,5.02,-0.50849,65.88,77.14,34.6534,90,WARN,Failure probability within 1d is 37% — schedule maintenance.,0.3187,0.353,0.3655,0.3712,current_trend_slope (z=+2.6); vibration_std (z=-1.9); vibration_current_corr (z=+1.8),2026-08-05 14:30:09.196881
1.25,35.4,4.69,-0.50219,70.97,76.94,34.9107,90,WARN,Failure probability within 1d is 37% — schedule maintenance.,0.3189,0.353,0.3654,0.371,current_trend_slope (z=+2.1); vibration_std (z=-1.9); vibration_current_corr (z=+1.7),2026-08-05 14:30:09.276958
0.92,36.5,4.16,-0.5182,58.02,76.32,35.1503,90,WARN,Failure probability within 1d is 37% — schedule maintenance.,0.3201,0.3538,0.3659,0.3713,vibration_current_corr (z=+2.5); vibration_kurtosis (z=+1.9); temperature_std (z=-1.7),2026-08-05 14:30:09.359320
0.95,34.2,4.8,-0.50893,65.53,75.97,35.377,90,WARN,Failure probability within 1d is 37% — schedule maintenance.,0.3207,0.3541,0.3661,0.3714,vibration_current_corr (z=+2.2); temperature_std (z=-1.7); vibration_max (z=-1.6),2026-08-05 14:30:09.453677
1.29,35.7,4.7,-0.50578,68.07,75.71,35.6035,90,WARN,Failure probability within 1d is 37% — schedule maintenance.,0.321,0.3542,0.3661,0.3713,vibration_current_corr (z=+2.2); temperature_std (z=-1.9); vibration_max (z=-1.6),2026-08-05 14:30:09.550448
1.06,34.9,4.71,-0.52275,54.34,75.01,35.8229,90,WARN,Failure probability within 1d is 37% — schedule maintenance.,0.3225,0.3552,0.3667,0.3718,temperature_std (z=-2.5); vibration_current_corr (z=+2.2); vibration_trend_slope (z=-2.1),2026-08-05 14:30:09.632104
1.18,32.0,4.38,-0.52169,55.2,74.36,36.033,90,WARN,Failure probability within 1d is 37% — schedule maintenance.,0.3238,0.356,0.3673,0.3722,vibration_current_corr (z=+2.2); current_trend_slope (z=-2.2); vibration_trend_slope (z=-2.0),2026-08-05 14:30:09.710168
1.38,34.1,4.72,-0.51528,60.38,73.9,36.2354,90,WARN,Failure probability within 1d is 37% — schedule maintenance.,0.3246,0.3565,0.3676,0.3724,vibration_current_corr (z=+2.0); vibration_crest_factor (z=+1.8); temperature_std (z=-1.7),2026-08-05 14:30:09.791010
1.02,37.3,4.73,-0.50963,64.96,73.61,36.427,90,WARN,Failure probability within 1d is 37% — schedule maintenance.,0.325,0.3567,0.3677,0.3724,vibration_crest_factor (z=+2.3); vibration_current_corr (z=+1.9); vibration_mean (z=-1.6),2026-08-05 14:30:09.872007
1.07,37.8,4.38,-0.4904,80.51,73.83,36.6059,90,WARN,Failure probability within 1d is 37% — schedule maintenance.,0.3242,0.3559,0.367,0.3717,vibration_max (z=-1.7); vibration_rms (z=-1.6); vibration_mean (z=-1.6),2026-08-05 14:30:09.953108
1.11,34.2,4.69,-0.49464,77.08,73.94,36.7606,90,WARN,Failure probability within 1d is 37% — schedule maintenance.,0.3237,0.3555,0.3665,0.3712,current_skew (z=-1.9); vibration_crest_factor (z=+1.8); vibration_max (z=-1.7),2026-08-05 14:30:10.033456
1.04,35.3,4.67,-0.50098,71.95,73.87,36.8939,90,WARN,Failure probability within 1d is 37% — schedule maintenance.,0.3237,0.3554,0.3664,0.3711,vibration_crest_factor (z=+2.2); current_skew (z=-1.8); vibration_max (z=-1.7),2026-08-05 14:30:10.115332
1.1,37.9,4.55,-0.50056,72.3,73.82,37.0089,90,WARN,Failure probability within 1d is 37% — schedule maintenance.,0.3237,0.3553,0.3663,0.3709,vibration_crest_factor (z=+1.9); vibration_max (z=-1.7); vibration_rms (z=-1.7),2026-08-05 14:30:10.201444
1.41,40.3,4.02,-0.51649,59.41,73.35,37.0879,90,WARN,Failure probability within 1d is 37% — schedule maintenance.,0.3248,0.3561,0.3669,0.3714,current_skew (z=-2.3); temperature_trend_slope (z=+1.8); vibration_max (z=-1.7),2026-08-05 14:30:10.288190
1.26,36.5,4.15,-0.51589,59.9,72.91,37.1296,90,WARN,Failure probability within 1d is 37% — schedule maintenance.,0.3259,0.3569,0.3676,0.372,current_trend_slope (z=-1.9); temperature_trend_slope (z=+1.8); vibration_max (z=-1.7),2026-08-05 14:30:10.373281
1.06,39.3,4.32,-0.51167,63.31,72.59,37.1484,90,WARN,Failure probability within 1d is 37% — schedule maintenance.,0.3267,0.3575,0.3681,0.3724,temperature_trend_slope (z=+2.2); current_trend_slope (z=-1.8); vibration_max (z=-1.7),2026-08-05 14:30:10.460174
1.09,41.0,4.54,-0.5109,63.93,72.31,37.149,90,WARN,Failure probability within 1d is 37% — schedule maintenance.,0.3275,0.3581,0.3685,0.3728,temperature_trend_slope (z=+2.0); current_trend_slope (z=-1.8); vibration_crest_factor (z=+1.7),2026-08-05 14:30:10.540615
1.24,38.9,4.39,-0.50553,68.27,72.18,37.1403,90,WARN,Failure probability within 1d is 37% — schedule maintenance.,0.3278,0.3583,0.3687,0.373,vibration_current_corr (z=-2.4); vibration_crest_factor (z=+2.0); vibration_skew (z=+1.9),2026-08-05 14:30:10.628484
1.09,41.0,4.45,-0.51961,56.88,71.68,37.1203,90,WARN,Failure probability within 1d is 37% — schedule maintenance.,0.3292,0.3593,0.3695,0.3737,vibration_current_corr (z=-2.3); vibration_skew (z=+2.1); temperature_trend_slope (z=+2.0),2026-08-05 14:30:10.715699
1.43,37.1,4.57,-0.4978,74.52,71.77,37.1024,90,WARN,Failure probability within 1d is 37% — schedule maintenance.,0.3289,0.3591,0.3694,0.3736,temperature_trend_slope (z=+1.7); vibration_max (z=-1.6); vibration_rms (z=-1.6),2026-08-05 14:30:10.794884
1.42,36.3,4.57,-0.48023,88.74,72.33,37.1046,90,WARN,Failure probability within 1d is 37% — schedule maintenance.,0.3275,0.3581,0.3685,0.3728,vibration_max (z=-1.6); vibration_rms (z=-1.6); vibration_mean (z=-1.6),2026-08-05 14:30:10.873343
1.56,38.3,4.99,-0.50489,68.79,72.21,37.1155,90,WARN,Failure probability within 1d is 37% — schedule maintenance.,0.3278,0.3583,0.3687,0.373,current_crest_factor (z=+2.4); current_trend_slope (z=+2.3); vibration_crest_factor (z=+1.8),2026-08-05 14:30:10.957296
1.55,34.5,5.23,-0.53102,47.65,71.4,37.1186,90,WARN,Failure probability within 1d is 37% — schedule maintenance.,0.3299,0.3598,0.37,0.3741,current_trend_slope (z=+4.2); current_crest_factor (z=+3.8); current_std (z=+2.2),2026-08-05 14:30:11.034670
1.44,34.5,4.94,-0.54462,36.65,70.27,37.112,90,WARN,Failure probability within 1d is 38% — schedule maintenance.,0.3329,0.362,0.3718,0.3756,current_trend_slope (z=+3.7); current_crest_factor (z=+2.9); vibration_current_corr (z=+2.3),2026-08-05 14:30:11.115287
1.6,37.6,4.46,-0.53472,44.66,69.43,37.0877,90,WARN,Failure probability within 1d is 38% — schedule maintenance.,0.3351,0.3637,0.3732,0.3768,vibration_trend_slope (z=+2.8); current_crest_factor (z=+2.6); current_trend_slope (z=+2.2),2026-08-05 14:30:11.202076
1.48,35.8,4.53,-0.51253,62.61,69.2,37.0559,90,WARN,Failure probability within 1d is 38% — schedule maintenance.,0.3357,0.3641,0.3736,0.3772,current_crest_factor (z=+2.4); vibration_trend_slope (z=+2.3); temperature_trend_slope (z=-2.1),2026-08-05 14:30:11.284429
1.51,38.2,4.76,-0.5012,71.78,69.29,37.0225,90,WARN,Failure probability within 1d is 38% — schedule maintenance.,0.3356,0.364,0.3735,0.3771,current_crest_factor (z=+2.2); vibration_skew (z=-2.0); vibration_trend_slope (z=+1.7),2026-08-05 14:30:11.365575
1.5,37.6,4.32,-0.52539,52.21,68.73,36.982,90,WARN,Failure probability within 1d is 38% — schedule maintenance.,0.3371,0.3652,0.3744,0.378,vibration_kurtosis (z=+4.2); vibration_skew (z=-3.1); current_crest_factor (z=+2.3),2026-08-05 14:30:11.446637
1.18,34.7,4.33,-0.53628,43.4,67.9,36.9311,90,WARN,Failure probability within 1d is 38% — schedule maintenance.,0.3394,0.3669,0.3758,0.3792,vibration_kurtosis (z=+3.0); vibration_skew (z=-2.5); current_crest_factor (z=+2.4),2026-08-05 14:30:11.529644
1.34,32.0,4.1,-0.54041,40.06,66.98,36.8528,90,WARN,Failure probability within 1d is 38% — schedule maintenance.,0.3419,0.3687,0.3774,0.3807,current_trend_slope (z=-3.2); current_crest_factor (z=+2.8); current_std (z=+2.0),2026-08-05 14:30:11.611717
1.4,34.9,4.9,-0.52877,49.48,66.41,36.7551,90,WARN,Failure probability within 1d is 38% — schedule maintenance.,0.3436,0.37,0.3785,0.3816,current_trend_slope (z=-2.8); current_crest_factor (z=+2.5); current_std (z=+2.1),2026-08-05 14:30:11.711689
1.39,36.3,4.87,-0.50984,64.78,66.36,36.6511,90,WARN,Failure probability within 1d is 38% — schedule maintenance.,0.3439,0.3703,0.3788,0.3819,current_crest_factor (z=+2.6); current_std (z=+2.0); vibration_std (z=-1.5),2026-08-05 14:30:11.807586
1.17,37.8,4.81,-0.47092,96.27,67.34,36.5578,90,WARN,Failure probability within 1d is 38% — schedule maintenance.,0.3414,0.3685,0.3774,0.3807,vibration_max (z=-1.5); temperature_max (z=-1.5); vibration_rms (z=-1.5),2026-08-05 14:30:11.885250
1.39,38.1,4.64,-0.48385,85.81,67.94,36.4701,90,WARN,Failure probability within 1d is 38% — schedule maintenance.,0.3399,0.3675,0.3766,0.38,temperature_skew (z=-1.8); vibration_max (z=-1.5); temperature_max (z=-1.5),2026-08-05 14:30:11.975009
1.52,41.5,4.25,-0.47471,93.2,68.77,36.3946,90,WARN,Failure probability within 1d is 38% — schedule maintenance.,0.3378,0.366,0.3754,0.379,temperature_crest_factor (z=+1.9); vibration_max (z=-1.6); vibration_rms (z=-1.5),2026-08-05 14:30:12.055392
1.32,39.3,4.43,-0.47072,96.43,69.68,36.3391,90,WARN,Failure probability within 1d is 38% — schedule maintenance.,0.3354,0.3643,0.374,0.3779,temperature_trend_slope (z=+1.6); vibration_max (z=-1.6); temperature_crest_factor (z=+1.6),2026-08-05 14:30:12.137623
1.35,35.3,4.8,-0.47952,89.32,70.32,36.3012,90,WARN,Failure probability within 1d is 38% — schedule maintenance.,0.3338,0.3631,0.373,0.377,temperature_crest_factor (z=+1.8); vibration_std (z=-1.6); vibration_max (z=-1.6),2026-08-05 14:30:12.220505
1.71,35.4,4.61,-0.48398,85.71,70.83,36.273,90,WARN,Failure probability within 1d is 38% — schedule maintenance.,0.3324,0.3622,0.3723,0.3764,vibration_crest_factor (z=+2.1); temperature_crest_factor (z=+2.1); vibration_rms (z=-1.5),2026-08-05 14:30:12.308036
1.69,34.4,4.65,-0.46767,98.9,71.75,36.2626,90,WARN,Failure probability within 1d is 38% — schedule maintenance.,0.33,0.3604,0.3708,0.3752,temperature_crest_factor (z=+2.1); vibration_trend_slope (z=+1.6); vibration_max (z=-1.4),2026-08-05 14:30:12.403156
1.26,37.7,4.57,-0.46354,100.0,72.67,36.2771,90,WARN,Failure probability within 1d is 37% — schedule maintenance.,0.3276,0.3586,0.3694,0.3739,temperature_crest_factor (z=+1.6); vibration_max (z=-1.4); vibration_crest_factor (z=+1.4),2026-08-05 14:30:12.484793
1.14,33.6,4.98,-0.45965,100.0,73.57,36.3105,90,WARN,Failure probability within 1d is 37% — schedule maintenance.,0.3253,0.3569,0.3679,0.3726,vibration_crest_factor (z=+1.8); temperature_crest_factor (z=+1.7); temperature_trend_slope (z=-1.5),2026-08-05 14:30:12.567739
1.16,32.5,4.78,-0.49316,78.28,73.72,36.3506,90,WARN,Failure probability within 1d is 37% — schedule maintenance.,0.3248,0.3566,0.3676,0.3723,temperature_trend_slope (z=-2.5); vibration_crest_factor (z=+2.1); temperature_crest_factor (z=+2.0),2026-08-05 14:30:12.650733
1.14,38.9,4.82,-0.49359,77.93,73.86,36.3977,90,WARN,Failure probability within 1d is 37% — schedule maintenance.,0.3244,0.3562,0.3673,0.3721,vibration_crest_factor (z=+2.1); temperature_crest_factor (z=+1.9); temperature_trend_slope (z=-1.8),2026-08-05 14:30:12.729198
1.2,40.6,4.58,-0.49536,76.5,73.95,36.4573,90,WARN,Failure probability within 1d is 37% — schedule maintenance.,0.3242,0.356,0.3671,0.3719,vibration_crest_factor (z=+2.3); vibration_trend_slope (z=-2.0); temperature_crest_factor (z=+1.7),2026-08-05 14:30:12.812228
1.24,34.9,4.96,-0.49215,79.1,74.12,36.5348,90,WARN,Failure probability within 1d is 37% — schedule maintenance.,0.3236,0.3556,0.3668,0.3715,vibration_crest_factor (z=+2.8); vibration_skew (z=+1.8); vibration_trend_slope (z=-1.8),2026-08-05 14:30:12.898812
1.43,37.2,5.28,-0.49746,74.8,74.14,36.6238,90,WARN,Failure probability within 1d is 37% — schedule maintenance.,0.3235,0.3554,0.3666,0.3713,vibration_crest_factor (z=+2.6); temperature_crest_factor (z=+1.8); current_trend_slope (z=+1.6),2026-08-05 14:30:13.005677
1.31,36.1,4.62,-0.49381,77.75,74.26,36.7212,90,WARN,Failure probability within 1d is 37% — schedule maintenance.,0.3231,0.3551,0.3663,0.371,vibration_crest_factor (z=+2.7); current_crest_factor (z=+1.7); temperature_crest_factor (z=+1.7),2026-08-05 14:30:13.089713
1.29,40.7,4.42,-0.51055,64.22,73.93,36.824,90,WARN,Failure probability within 1d is 37% — schedule maintenance.,0.3238,0.3556,0.3666,0.3713,vibration_crest_factor (z=+3.2); vibration_kurtosis (z=+2.5); vibration_skew (z=+2.5),2026-08-05 14:30:13.171221
1.28,37.6,4.25,-0.49961,73.07,73.9,36.928,90,WARN,Failure probability within 1d is 37% — schedule maintenance.,0.3237,0.3555,0.3665,0.3711,current_crest_factor (z=+2.3); vibration_std (z=-2.2); vibration_max (z=-1.6),2026-08-05 14:30:13.252765
1.29,37.1,4.74,-0.4999,72.83,73.86,37.0379,90,WARN,Failure probability within 1d is 37% — schedule maintenance.,0.3237,0.3554,0.3663,0.3709,vibration_std (z=-2.1); current_crest_factor (z=+2.1); current_trend_slope (z=-1.7),2026-08-05 14:30:13.336424
1.19,36.1,4.71,-0.50018,72.6,73.82,37.1509,90,WARN,Failure probability within 1d is 37% — schedule maintenance.,0.3236,0.3553,0.3662,0.3708,current_crest_factor (z=+2.4); vibration_std (z=-2.3); vibration_max (z=-1.6),2026-08-05 14:30:13.417535
1.37,34.9,4.13,-0.51231,62.79,73.46,37.2673,90,WARN,Failure probability within 1d is 37% — schedule maintenance.,0.3244,0.3558,0.3666,0.371,current_crest_factor (z=+3.0); vibration_std (z=-2.2); current_trend_slope (z=-2.2),2026-08-05 14:30:13.545145
1.4,39.8,4.62,-0.507,67.08,73.25,37.3901,90,WARN,Failure probability within 1d is 37% — schedule maintenance.,0.3248,0.3559,0.3667,0.3711,current_crest_factor (z=+3.2); vibration_std (z=-2.4); current_trend_slope (z=-1.9),2026-08-05 14:30:13.628684
1.35,39.0,4.63,-0.50824,66.08,73.02,37.5209,90,WARN,Failure probability within 1d is 37% — schedule maintenance.,0.3251,0.3561,0.3668,0.3711,current_crest_factor (z=+3.2); vibration_std (z=-2.5); current_trend_slope (z=-2.0),2026-08-05 14:30:13.706386
1.34,36.1,4.62,-0.52513,52.42,72.34,37.6494,90,WARN,Failure probability within 1d is 37% — schedule maintenance.,0.3267,0.3572,0.3675,0.3717,current_crest_factor (z=+3.5); vibration_std (z=-2.6); vibration_max (z=-1.6),2026-08-05 14:30:13.787859
1.36,34.3,4.73,-0.50346,69.95,72.26,37.7863,90,WARN,Failure probability within 1d is 37% — schedule maintenance.,0.3266,0.357,0.3673,0.3715,vibration_std (z=-2.8); current_skew (z=-1.8); vibration_max (z=-1.7),2026-08-05 14:30:13.872356
1.32,35.5,4.34,-0.50261,70.63,72.21,37.9306,90,WARN,Failure probability within 1d is 37% — schedule maintenance.,0.3264,0.3568,0.3671,0.3712,vibration_std (z=-2.8); vibration_max (z=-1.7); vibration_rms (z=-1.5),2026-08-05 14:30:13.956139
1.24,35.6,4.52,-0.49603,75.96,72.33,38.0803,90,WARN,Failure probability within 1d is 37% — schedule maintenance.,0.3258,0.3562,0.3665,0.3707,vibration_std (z=-2.7); vibration_max (z=-1.7); vibration_rms (z=-1.5),2026-08-05 14:30:14.044281
1.24,38.0,4.77,-0.50056,72.3,72.33,38.2267,90,WARN,Failure probability within 1d is 37% — schedule maintenance.,0.3254,0.3559,0.3662,0.3703,vibration_std (z=-2.6); current_skew (z=-2.2); vibration_max (z=-1.7),2026-08-05 14:30:14.135957
1.36,34.9,5.15,-0.50562,68.2,72.2,38.3727,90,WARN,Failure probability within 1d is 37% — schedule maintenance.,0.3255,0.3558,0.3661,0.3701,vibration_std (z=-2.6); current_crest_factor (z=+2.2); vibration_max (z=-1.7),2026-08-05 14:30:14.228499
1.39,33.7,4.86,-0.51377,61.6,71.85,38.5208,90,WARN,Failure probability within 1d is 37% — schedule maintenance.,0.3261,0.3562,0.3662,0.3702,vibration_std (z=-2.9); current_trend_slope (z=+2.3); current_crest_factor (z=+2.0),2026-08-05 14:30:14.318685
1.22,34.2,4.73,-0.5097,64.9,71.62,38.6721,90,WARN,Failure probability within 1d is 37% — schedule maintenance.,0.3263,0.3562,0.3662,0.3701,vibration_std (z=-2.7); temperature_trend_slope (z=-1.9); vibration_max (z=-1.7),2026-08-05 14:30:14.398893
1.1,34.9,4.18,-0.51478,60.79,71.27,38.8228,90,WARN,Failure probability within 1d is 37% — schedule maintenance.,0.3268,0.3565,0.3664,0.3702,vibration_std (z=-2.2); vibration_current_corr (z=+1.9); current_crest_factor (z=+1.9),2026-08-05 14:30:14.486430
0.97,35.2,4.41,-0.52566,51.99,70.63,38.9663,90,WARN,Failure probability within 1d is 37% — schedule maintenance.,0.3281,0.3574,0.367,0.3706,temperature_std (z=-2.1); current_crest_factor (z=+2.1); vibration_current_corr (z=+1.9),2026-08-05 14:30:14.567324
1.63,36.5,4.7,-0.49208,79.16,70.91,39.1125,90,WARN,Failure probability within 1d is 37% — schedule maintenance.,0.327,0.3565,0.3661,0.3698,vibration_crest_factor (z=+2.5); temperature_std (z=-2.0); current_crest_factor (z=+2.0),2026-08-05 14:30:14.647387
1.52,39.4,5.13,-0.49075,80.23,71.22,39.2519,90,WARN,Failure probability within 1d is 37% — schedule maintenance.,0.3259,0.3555,0.3653,0.369,vibration_crest_factor (z=+2.2); vibration_current_corr (z=+1.9); current_crest_factor (z=+1.6),2026-08-05 14:30:14.724496
1.29,39.0,5.0,-0.48768,82.71,71.6,39.3933,90,WARN,Failure probability within 1d is 37% — schedule maintenance.,0.3245,0.3544,0.3643,0.3681,vibration_crest_factor (z=+2.2); vibration_current_corr (z=+1.9); vibration_min (z=-1.6),2026-08-05 14:30:14.804458
1.55,39.5,4.79,-0.48075,88.32,72.14,39.5403,90,WARN,Failure probability within 1d is 37% — schedule maintenance.,0.3227,0.353,0.363,0.3669,vibration_current_corr (z=+1.8); vibration_crest_factor (z=+1.7); temperature_trend_slope (z=+1.7),2026-08-05 14:30:14.894385
1.48,34.9,4.3,-0.48381,85.85,72.59,39.6957,90,WARN,Failure probability within 1d is 37% — schedule maintenance.,0.3211,0.3517,0.3619,0.3658,temperature_trend_slope (z=+1.7); current_std (z=+1.7); vibration_min (z=-1.6),2026-08-05 14:30:14.995332
1.5,37.6,4.73,-0.48352,86.08,73.04,39.8614,90,WARN,Failure probability within 1d is 36% — schedule maintenance.,0.3196,0.3505,0.3608,0.3648,temperature_trend_slope (z=+1.7); vibration_trend_slope (z=+1.6); vibration_min (z=-1.6),2026-08-05 14:30:15.174227
1.44,38.0,4.56,-0.48783,82.59,73.35,40.0352,90,WARN,Failure probability within 1d is 36% — schedule maintenance.,0.3183,0.3494,0.3598,0.3639,vibration_trend_slope (z=+1.9); current_crest_factor (z=+1.7); vibration_min (z=-1.6),2026-08-05 14:30:15.324032
1.49,37.1,4.49,-0.48733,82.99,73.67,40.2228,90,WARN,Failure probability within 1d is 36% — schedule maintenance.,0.317,0.3484,0.3588,0.3629,current_crest_factor (z=+1.9); vibration_skew (z=-1.8); vibration_trend_slope (z=+1.7),2026-08-05 14:30:15.415169
1.31,35.6,4.67,-0.48832,82.19,73.94,40.4093,90,WARN,Failure probability within 1d is 36% — schedule maintenance.,0.3158,0.3474,0.3579,0.362,vibration_skew (z=-2.4); vibration_kurtosis (z=+2.4); vibration_min (z=-1.6),2026-08-05 14:30:15.507383
1.4,38.6,4.49,-0.47728,91.13,74.51,40.5961,90,WARN,Failure probability within 1d is 36% — schedule maintenance.,0.3139,0.3458,0.3565,0.3607,vibration_std (z=-1.9); current_trend_slope (z=-1.8); vibration_max (z=-1.5),2026-08-05 14:30:15.602318
1.39,34.0,4.68,-0.48562,84.38,74.83,40.7823,90,WARN,Failure probability within 1d is 36% — schedule maintenance.,0.3126,0.3448,0.3555,0.3598,vibration_std (z=-2.2); current_trend_slope (z=-1.8); vibration_max (z=-1.6),2026-08-05 14:30:15.684113
1.64,37.5,5.13,-0.46756,98.99,75.62,40.9792,90,WARN,Failure probability within 1d is 36% — schedule maintenance.,0.3101,0.3428,0.3538,0.3582,vibration_std (z=-1.8); vibration_max (z=-1.5); temperature_max (z=-1.4),2026-08-05 14:30:15.764427
1.54,35.4,4.63,-0.49003,80.81,75.79,41.1853,90,WARN,Failure probability within 1d is 36% — schedule maintenance.,0.3092,0.342,0.353,0.3574,vibration_std (z=-2.1); current_crest_factor (z=+1.8); vibration_current_corr (z=+1.6),2026-08-05 14:30:15.843780
1.61,37.7,4.64,-0.50118,71.79,75.66,41.3967,90,WARN,Failure probability within 1d is 36% — schedule maintenance.,0.3091,0.3417,0.3527,0.357,current_kurtosis (z=+2.3); vibration_std (z=-1.9); current_crest_factor (z=+1.9),2026-08-05 14:30:15.924029
1.36,35.3,4.49,-0.51785,58.31,75.09,41.6016,90,WARN,Failure probability within 1d is 36% — schedule maintenance.,0.3101,0.3423,0.3531,0.3572,current_kurtosis (z=+3.5); current_skew (z=+2.7); vibration_std (z=-1.8),2026-08-05 14:30:16.007391
1.15,38.0,4.43,-0.51891,57.45,74.52,41.7965,90,WARN,Failure probability within 1d is 36% — schedule maintenance.,0.3112,0.343,0.3535,0.3575,current_kurtosis (z=+3.8); current_skew (z=+2.8); current_crest_factor (z=+2.0),2026-08-05 14:30:16.096773
1.31,39.2,4.84,-0.48514,84.77,74.85,41.9942,90,WARN,Failure probability within 1d is 36% — schedule maintenance.,0.3098,0.3418,0.3524,0.3565,current_skew (z=+2.0); current_crest_factor (z=+1.7); current_kurtosis (z=+1.7),2026-08-05 14:30:16.191500
1.5,37.6,5.2,-0.475,92.97,75.45,42.2006,90,WARN,Failure probability within 1d is 36% — schedule maintenance.,0.3077,0.3401,0.3509,0.3551,vibration_current_corr (z=+1.7); current_crest_factor (z=+1.6); vibration_max (z=-1.5),2026-08-05 14:30:16.275863
1.47,39.1,4.65,-0.48141,87.79,75.85,42.4106,90,WARN,Failure probability within 1d is 35% — schedule maintenance.,0.3061,0.3388,0.3497,0.3539,current_crest_factor (z=+1.7); vibration_current_corr (z=+1.6); vibration_max (z=-1.5),2026-08-05 14:30:16.389011
1.18,37.4,4.7,-0.47389,93.87,76.44,42.6256,90,WARN,Failure probability within 1d is 35% — schedule maintenance.,0.304,0.3372,0.3482,0.3525,vibration_current_corr (z=+1.5); vibration_max (z=-1.5); current_crest_factor (z=+1.5),2026-08-05 14:30:16.554877
1.05,32.9,4.57,-0.49241,78.89,76.52,42.8395,90,WARN,Failure probability within 1d is 35% — schedule maintenance.,0.3033,0.3365,0.3475,0.3518,vibration_trend_slope (z=-2.2); temperature_skew (z=-1.7); vibration_current_corr (z=+1.6),2026-08-05 14:30:16.631123
1.2,33.4,4.98,-0.48923,81.46,76.68,43.0517,90,WARN,Failure probability within 1d is 35% — schedule maintenance.,0.3024,0.3357,0.3468,0.351,vibration_trend_slope (z=-1.9); current_crest_factor (z=+1.7); vibration_max (z=-1.5),2026-08-05 14:30:16.716442
1.36,32.8,4.54,-0.48123,87.93,77.05,43.2629,90,WARN,Failure probability within 1d is 35% — schedule maintenance.,0.301,0.3345,0.3456,0.3499,temperature_trend_slope (z=-2.0); current_crest_factor (z=+1.8); vibration_crest_factor (z=+1.7),2026-08-05 14:30:16.800120
1.2,36.1,4.35,-0.48185,87.43,77.39,43.4743,90,WARN,Failure probability within 1d is 35% — schedule maintenance.,0.2996,0.3333,0.3446,0.3489,current_crest_factor (z=+2.1); temperature_trend_slope (z=-1.7); vibration_max (z=-1.6),2026-08-05 14:30:16.881760
1.12,37.7,4.55,-0.49474,77.0,77.38,43.6798,90,WARN,Failure probability within 1d is 35% — schedule maintenance.,0.2992,0.3329,0.3441,0.3484,current_crest_factor (z=+2.0); vibration_current_corr (z=+1.6); vibration_max (z=-1.6),2026-08-05 14:30:16.968386
1.27,38.7,4.42,-0.4884,82.13,77.53,43.8871,90,WARN,Failure probability within 1d is 35% — schedule maintenance.,0.2984,0.3322,0.3434,0.3477,current_trend_slope (z=-2.3); current_crest_factor (z=+2.0); vibration_max (z=-1.6),2026-08-05 14:30:17.054457
1.26,34.0,4.58,-0.49222,79.04,77.58,44.1005,90,WARN,Failure probability within 1d is 35% — schedule maintenance.,0.2978,0.3316,0.3428,0.3471,current_crest_factor (z=+2.3); current_trend_slope (z=-2.1); current_skew (z=+1.7),2026-08-05 14:30:17.139861
1.46,36.5,4.35,-0.4751,92.89,78.09,44.3266,90,WARN,Failure probability within 1d is 35% — schedule maintenance.,0.296,0.3301,0.3414,0.3458,vibration_max (z=-1.6); vibration_rms (z=-1.6); vibration_mean (z=-1.6),2026-08-05 14:30:17.222334
1.42,35.8,4.26,-0.4885,82.05,78.22,44.5594,90,WARN,Failure probability within 1d is 34% — schedule maintenance.,0.2951,0.3293,0.3406,0.345,current_trend_slope (z=-1.8); vibration_max (z=-1.6); current_crest_factor (z=+1.6),2026-08-05 14:30:17.302442
1.21,33.7,4.03,-0.4913,79.78,78.27,44.7985,90,WARN,Failure probability within 1d is 34% — schedule maintenance.,0.2945,0.3286,0.3399,0.3443,current_trend_slope (z=-2.4); current_crest_factor (z=+2.2); vibration_max (z=-1.6),2026-08-05 14:30:17.386054
1.28,36.7,4.16,-0.49881,73.71,78.12,45.0418,90,WARN,Failure probability within 1d is 34% — schedule maintenance.,0.2943,0.3283,0.3396,0.3438,current_trend_slope (z=-2.7); current_crest_factor (z=+2.7); vibration_std (z=-1.8),2026-08-05 14:30:17.472189
1.36,34.4,4.31,-0.47018,96.87,78.73,45.3036,90,WARN,Failure probability within 1d is 34% — schedule maintenance.,0.292,0.3264,0.3378,0.3422,vibration_std (z=-1.8); vibration_max (z=-1.6); current_max (z=-1.6),2026-08-05 14:30:17.594335
1.04,35.4,4.66,-0.46743,99.09,79.4,45.5713,90,WARN,Failure probability within 1d is 34% — schedule maintenance.,0.2896,0.3245,0.336,0.3405,vibration_max (z=-1.6); vibration_rms (z=-1.6); vibration_mean (z=-1.6),2026-08-05 14:30:17.680608
1.34,37.8,4.73,-0.4639,100.0,80.07,45.8414,90,WARN,Failure probability within 1d is 34% — schedule maintenance.,0.2872,0.3225,0.3343,0.3388,vibration_max (z=-1.6); vibration_rms (z=-1.5); vibration_mean (z=-1.5),2026-08-05 14:30:17.760877
1.4,31.1,4.84,-0.48995,80.87,80.1,46.1051,90,WARN,Failure probability within 1d is 34% — schedule maintenance.,0.2866,0.3218,0.3336,0.3381,vibration_max (z=-1.6); vibration_rms (z=-1.5); vibration_mean (z=-1.5),2026-08-05 14:30:17.856383
1.5,33.0,4.61,-0.48797,82.48,80.18,46.3619,90,WARN,Failure probability within 1d is 34% — schedule maintenance.,0.2858,0.3211,0.3329,0.3373,current_trend_slope (z=+1.8); vibration_max (z=-1.6); temperature_max (z=-1.5),2026-08-05 14:30:17.939289
1.53,32.6,4.6,-0.49153,79.6,80.16,46.6103,90,WARN,Failure probability within 1d is 34% — schedule maintenance.,0.2854,0.3206,0.3323,0.3367,current_trend_slope (z=+2.5); vibration_max (z=-1.6); vibration_skew (z=-1.5),2026-08-05 14:30:18.030090
1.27,40.5,4.56,-0.49738,74.87,79.99,46.857,90,WARN,Failure probability within 1d is 34% — schedule maintenance.,0.2853,0.3204,0.332,0.3363,temperature_crest_factor (z=+2.6); current_trend_slope (z=+2.4); vibration_max (z=-1.6),2026-08-05 14:30:18.111388
1.5,38.8,4.85,-0.50809,66.2,79.53,47.1037,90,WARN,Failure probability within 1d is 34% — schedule maintenance.,0.2859,0.3207,0.3321,0.3362,current_trend_slope (z=+2.6); temperature_crest_factor (z=+2.3); vibration_max (z=-1.6),2026-08-05 14:30:18.194518
1.17,37.0,4.82,-0.49098,80.04,79.55,47.3532,90,WARN,Failure probability within 1d is 34% — schedule maintenance.,0.2853,0.32,0.3314,0.3355,current_trend_slope (z=+2.0); temperature_crest_factor (z=+2.0); vibration_max (z=-1.6),2026-08-05 14:30:18.286900
1.51,39.2,4.6,-0.49495,76.84,79.46,47.6029,90,WARN,Failure probability within 1d is 33% — schedule maintenance.,0.2849,0.3195,0.3308,0.3349,temperature_trend_slope (z=+1.9); temperature_crest_factor (z=+1.7); vibration_max (z=-1.6),2026-08-05 14:30:18.373119
1.57,36.8,4.0,-0.52093,55.82,78.69,47.8415,90,WARN,Failure probability within 1d is 34% — schedule maintenance.,0.2863,0.3204,0.3314,0.3353,current_kurtosis (z=+3.8); current_skew (z=-2.9); temperature_trend_slope (z=+1.7),2026-08-05 14:30:18.480891
1.66,32.3,4.4,-0.50145,71.57,78.45,48.0792,90,WARN,Failure probability within 1d is 33% — schedule maintenance.,0.2863,0.3202,0.3311,0.3349,current_skew (z=-2.2); current_kurtosis (z=+2.1); current_trend_slope (z=-1.8),2026-08-05 14:30:18.567254
1.48,36.0,4.29,-0.49869,73.81,78.3,48.3171,90,WARN,Failure probability within 1d is 33% — schedule maintenance.,0.286,0.3198,0.3306,0.3343,current_trend_slope (z=-2.2); temperature_crest_factor (z=+1.9); temperature_std (z=+1.5),2026-08-05 14:30:18.660821
1.44,36.5,4.19,-0.48507,84.82,78.52,48.5588,90,WARN,Failure probability within 1d is 33% — schedule maintenance.,0.2847,0.3187,0.3295,0.3332,current_trend_slope (z=-2.2); vibration_skew (z=-1.6); current_min (z=-1.5),2026-08-05 14:30:18.750485
1.35,37.9,4.69,-0.47459,93.3,79.0,48.8064,90,WARN,Failure probability within 1d is 33% — schedule maintenance.,0.2826,0.3169,0.3279,0.3317,current_min (z=-1.5); current_trend_slope (z=-1.5); vibration_max (z=-1.5),2026-08-05 14:30:18.836511
1.53,35.9,4.52,-0.48175,87.51,79.28,49.0528,90,WARN,Failure probability within 1d is 33% — schedule maintenance.,0.2812,0.3157,0.3267,0.3305,current_min (z=-1.5); vibration_max (z=-1.5); temperature_trend_slope (z=-1.5),2026-08-05 14:30:18.918027
1.22,34.5,4.61,-0.47653,91.73,79.69,49.3061,90,WARN,Failure probability within 1d is 33% — schedule maintenance.,0.2794,0.3141,0.3252,0.3291,current_min (z=-1.5); vibration_max (z=-1.5); vibration_current_corr (z=-1.5),2026-08-05 14:30:18.998213
1.35,31.8,4.59,-0.4687,98.06,80.29,49.5706,90,WARN,Failure probability within 1d is 33% — schedule maintenance.,0.277,0.3121,0.3234,0.3273,vibration_current_corr (z=-1.9); temperature_trend_slope (z=-1.5); current_min (z=-1.5),2026-08-05 14:30:19.087867
1.34,33.6,4.48,-0.47985,89.05,80.58,49.8426,90,WARN,Failure probability within 1d is 33% — schedule maintenance.,0.2754,0.3107,0.3221,0.326,temperature_trend_slope (z=-1.7); current_max (z=-1.5); current_min (z=-1.5),2026-08-05 14:30:19.172320
1.09,33.4,4.5,-0.49478,76.97,80.46,50.1166,90,WARN,Failure probability within 1d is 33% — schedule maintenance.,0.2749,0.3102,0.3214,0.3253,vibration_trend_slope (z=-2.2); current_trend_slope (z=+1.7); temperature_max (z=-1.5),2026-08-05 14:30:19.273344
1.28,38.3,4.62,-0.4818,87.47,80.69,50.3993,90,WARN,Failure probability within 1d is 32% — schedule maintenance.,0.2735,0.3088,0.3201,0.324,vibration_trend_slope (z=-2.0); current_max (z=-1.5); vibration_crest_factor (z=+1.5),2026-08-05 14:30:19.371200
1.09,39.3,4.89,-0.48125,87.92,80.93,50.6866,90,WARN,Failure probability within 1d is 32% — schedule maintenance.,0.2719,0.3075,0.3188,0.3227,vibration_trend_slope (z=-1.8); vibration_current_corr (z=-1.8); current_trend_slope (z=+1.7),2026-08-05 14:30:19.468619
1.11,37.5,4.56,-0.49498,76.81,80.79,50.9772,90,WARN,Failure probability within 1d is 32% — schedule maintenance.,0.2714,0.3068,0.318,0.3218,current_kurtosis (z=+1.9); vibration_trend_slope (z=-1.8); vibration_max (z=-1.6),2026-08-05 14:30:19.564669
1.39,34.8,4.54,-0.49937,73.26,80.54,51.2652,90,WARN,Failure probability within 1d is 32% — schedule maintenance.,0.2711,0.3063,0.3174,0.3211,current_kurtosis (z=+2.6); current_skew (z=+2.4); current_std (z=-2.0),2026-08-05 14:30:19.647390
1.69,34.7,4.64,-0.51144,63.5,79.98,51.5481,90,WARN,Failure probability within 1d is 32% — schedule maintenance.,0.2716,0.3065,0.3173,0.3209,current_kurtosis (z=+3.6); vibration_crest_factor (z=+2.7); current_skew (z=+2.7),2026-08-05 14:30:19.728736
1.64,36.9,4.47,-0.51665,59.28,79.31,51.8199,90,WARN,Failure probability within 1d is 32% — schedule maintenance.,0.2725,0.3068,0.3175,0.3208,current_kurtosis (z=+3.1); vibration_crest_factor (z=+2.5); current_skew (z=+2.5),2026-08-05 14:30:19.824092
1.6,37.3,4.45,-0.51356,61.78,78.73,52.0896,90,WARN,Failure probability within 1d is 32% — schedule maintenance.,0.273,0.307,0.3173,0.3205,current_kurtosis (z=+2.9); current_skew (z=+2.5); vibration_trend_slope (z=+2.1),2026-08-05 14:30:19.930726
1.57,39.6,4.88,-0.48997,80.86,78.8,52.3635,90,WARN,Failure probability within 1d is 32% — schedule maintenance.,0.2716,0.3057,0.316,0.3192,vibration_trend_slope (z=+2.6); vibration_crest_factor (z=+1.6); current_skew (z=+1.6),2026-08-05 14:30:20.036748
1.74,39.9,4.5,-0.49884,73.69,78.63,52.6275,90,WARN,Failure probability within 1d is 32% — schedule maintenance.,0.271,0.3049,0.3152,0.3183,vibration_trend_slope (z=+3.4); vibration_crest_factor (z=+1.6); current_skew (z=+1.6),2026-08-05 14:30:20.128764
1.34,38.8,4.63,-0.4872,83.1,78.78,52.8809,90,WARN,Failure probability within 1d is 32% — schedule maintenance.,0.2696,0.3036,0.3139,0.317,vibration_trend_slope (z=+2.2); vibration_min (z=-1.5); vibration_mean (z=-1.4),2026-08-05 14:30:20.209474
1.36,38.0,4.71,-0.47872,89.96,79.15,53.121,90,WARN,Failure probability within 1d is 32% — schedule maintenance.,0.2676,0.3019,0.3123,0.3154,vibration_trend_slope (z=+1.5); vibration_min (z=-1.5); vibration_max (z=-1.4),2026-08-05 14:30:20.285632
1.26,36.7,4.61,-0.47357,94.13,79.64,53.3549,90,WARN,Failure probability within 1d is 31% — schedule maintenance.,0.2654,0.3001,0.3106,0.3138,current_std (z=-1.9); current_skew (z=+1.5); vibration_min (z=-1.5),2026-08-05 14:30:20.365137
1.26,35.9,3.91,-0.50452,69.09,79.29,53.5765,90,WARN,Failure probability within 1d is 31% — schedule maintenance.,0.2656,0.3,0.3104,0.3134,current_kurtosis (z=+3.2); current_skew (z=-2.4); vibration_trend_slope (z=-1.7),2026-08-05 14:30:20.450660
1.39,34.5,4.65,-0.50471,68.94,78.95,53.792,90,WARN,Failure probability within 1d is 31% — schedule maintenance.,0.2657,0.2999,0.3101,0.3131,current_kurtosis (z=+3.3); current_skew (z=-2.5); vibration_trend_slope (z=-2.3),2026-08-05 14:30:20.535601
1.4,37.1,4.57,-0.50787,66.38,78.54,54.005,90,WARN,Failure probability within 1d is 31% — schedule maintenance.,0.2661,0.3,0.31,0.3128,current_kurtosis (z=+3.2); current_skew (z=-2.5); vibration_trend_slope (z=-1.9),2026-08-05 14:30:20.617193
1.15,37.1,4.46,-0.51583,59.95,77.93,54.2082,90,WARN,Failure probability within 1d is 31% — schedule maintenance.,0.267,0.3004,0.3102,0.3128,current_kurtosis (z=+3.2); current_skew (z=-2.4); vibration_trend_slope (z=-2.1),2026-08-05 14:30:20.698073
1.21,36.5,4.81,-0.52271,54.38,77.16,54.3959,90,WARN,Failure probability within 1d is 31% — schedule maintenance.,0.2684,0.3013,0.3108,0.3132,current_kurtosis (z=+3.3); current_skew (z=-2.6); vibration_crest_factor (z=+2.5),2026-08-05 14:30:20.781418
1.17,37.2,4.82,-0.55606,27.4,75.53,54.5456,90,WARN,Failure probability within 1d is 32% — schedule maintenance.,0.2724,0.3041,0.313,0.315,current_kurtosis (z=+3.6); vibration_crest_factor (z=+3.1); current_skew (z=-2.9),2026-08-05 14:30:20.875277
1.25,38.8,4.51,-0.53071,47.9,74.62,54.674,90,WARN,Failure probability within 1d is 32% — schedule maintenance.,0.2745,0.3055,0.314,0.3158,current_kurtosis (z=+3.7); current_skew (z=-2.9); vibration_std (z=-2.2),2026-08-05 14:30:20.974465
1.5,39.4,4.49,-0.50912,65.37,74.32,54.7913,90,WARN,Failure probability within 1d is 32% — schedule maintenance.,0.2748,0.3056,0.314,0.3157,current_kurtosis (z=+3.2); current_skew (z=-2.6); temperature_std (z=-1.7),2026-08-05 14:30:21.057570
1.32,41.6,4.44,-0.51657,59.34,73.83,54.8947,90,WARN,Failure probability within 1d is 32% — schedule maintenance.,0.2758,0.3062,0.3144,0.3159,current_kurtosis (z=+2.8); current_skew (z=-2.3); temperature_trend_slope (z=+2.0),2026-08-05 14:30:21.141667
1.73,36.2,4.6,-0.53236,46.57,72.93,54.9866,90,WARN,Failure probability within 1d is 32% — schedule maintenance.,0.278,0.3077,0.3155,0.3168,vibration_crest_factor (z=+2.8); current_kurtosis (z=+2.8); current_skew (z=-2.3),2026-08-05 14:30:21.222772
1.4,40.4,4.67,-0.49203,79.2,73.14,55.0866,90,WARN,Failure probability within 1d is 32% — schedule maintenance.,0.2769,0.3068,0.3147,0.316,vibration_crest_factor (z=+2.6); current_std (z=-1.8); temperature_trend_slope (z=+1.7),2026-08-05 14:30:21.304352
1.33,38.9,4.67,-0.49182,79.36,73.34,55.1878,90,WARN,Failure probability within 1d is 32% — schedule maintenance.,0.2757,0.3059,0.3138,0.3151,vibration_crest_factor (z=+2.7); current_std (z=-1.7); vibration_skew (z=+1.6),2026-08-05 14:30:21.392588
1.13,39.8,4.5,-0.49007,80.78,73.59,55.2899,90,WARN,Failure probability within 1d is 31% — schedule maintenance.,0.2745,0.3048,0.3128,0.3142,vibration_crest_factor (z=+3.1); vibration_skew (z=+1.8); current_std (z=-1.7),2026-08-05 14:30:21.529594
1.27,39.2,4.81,-0.49217,79.08,73.77,55.3846,90,WARN,Failure probability within 1d is 31% — schedule maintenance.,0.2735,0.304,0.3121,0.3135,vibration_crest_factor (z=+2.9); vibration_skew (z=+1.9); current_std (z=-1.6),2026-08-05 14:30:21.615381
1.59,34.3,4.33,-0.4716,95.72,74.49,55.4745,90,WARN,Failure probability within 1d is 31% — schedule maintenance.,0.271,0.302,0.3103,0.3119,vibration_crest_factor (z=+2.3); vibration_mean (z=-1.5); vibration_rms (z=-1.5),2026-08-05 14:30:21.702060
1.15,37.7,4.81,-0.4806,88.44,74.94,55.5517,90,WARN,Failure probability within 1d is 31% — schedule maintenance.,0.2693,0.3007,0.3092,0.3108,vibration_crest_factor (z=+2.4); vibration_mean (z=-1.5); vibration_rms (z=-1.5),2026-08-05 14:30:21.785334
1.12,34.9,4.28,-0.47481,93.12,75.54,55.6223,90,WARN,Failure probability within 1d is 31% — schedule maintenance.,0.2673,0.2991,0.3078,0.3096,vibration_crest_factor (z=+2.5); temperature_trend_slope (z=-1.8); vibration_trend_slope (z=-1.7),2026-08-05 14:30:21.869321
1.49,36.2,4.48,-0.4691,97.74,76.27,55.7015,90,WARN,Failure probability within 1d is 31% — schedule maintenance.,0.2649,0.2972,0.3062,0.3082,vibration_crest_factor (z=+2.5); temperature_trend_slope (z=-1.9); vibration_mean (z=-1.5),2026-08-05 14:30:21.957112
1.35,32.7,4.31,-0.47711,91.26,76.76,55.7866,90,WARN,Failure probability within 1d is 31% — schedule maintenance.,0.2632,0.2959,0.305,0.307,vibration_crest_factor (z=+2.5); temperature_trend_slope (z=-2.1); vibration_mean (z=-1.5),2026-08-05 14:30:22.087003
1.11,34.4,4.51,-0.48537,84.58,77.02,55.865,90,WARN,Failure probability within 1d is 31% — schedule maintenance.,0.2622,0.295,0.3043,0.3064,temperature_trend_slope (z=-2.8); vibration_crest_factor (z=+1.8); vibration_rms (z=-1.5),2026-08-05 14:30:22.174057
1.37,36.8,4.6,-0.4676,98.96,77.74,55.948,90,WARN,Failure probability within 1d is 30% — schedule maintenance.,0.2598,0.2932,0.3027,0.3049,temperature_trend_slope (z=-1.9); vibration_crest_factor (z=+1.9); vibration_rms (z=-1.5),2026-08-05 14:30:22.260115
1.66,36.3,4.32,-0.46546,100.0,78.47,56.0296,90,WARN,Failure probability within 1d is 30% — schedule maintenance.,0.2575,0.2914,0.3011,0.3035,vibration_crest_factor (z=+2.2); vibration_mean (z=-1.5); vibration_rms (z=-1.5),2026-08-05 14:30:22.342079
1.74,36.2,4.7,-0.47077,96.39,79.05,56.1107,90,WARN,Failure probability within 1d is 30% — schedule maintenance.,0.2556,0.2899,0.2998,0.3024,vibration_crest_factor (z=+2.2); vibration_trend_slope (z=+1.6); vibration_mean (z=-1.5),2026-08-05 14:30:22.423522
1.53,39.2,4.33,-0.46804,98.6,79.69,56.2005,90,WARN,Failure probability within 1d is 30% — schedule maintenance.,0.2536,0.2883,0.2985,0.3011,vibration_crest_factor (z=+1.8); vibration_trend_slope (z=+1.6); vibration_min (z=-1.5),2026-08-05 14:30:22.505300
1.25,34.5,4.0,-0.47428,93.55,80.15,56.3013,90,WARN,Failure probability within 1d is 30% — schedule maintenance.,0.2521,0.2871,0.2974,0.3001,vibration_crest_factor (z=+2.3); vibration_trend_slope (z=+1.7); current_min (z=-1.5),2026-08-05 14:30:22.590026
1.21,34.3,4.48,-0.47315,94.47,80.62,56.409,90,OK,No action needed.,0.2505,0.2858,0.2963,0.2991,,2026-08-05 14:30:22.673529
1.3,36.8,4.68,-0.46354,100.0,81.25,56.5278,90,OK,No action needed.,0.2484,0.2842,0.2948,0.2978,,2026-08-05 14:30:22.756585
1.3,36.2,4.46,-0.46749,99.05,81.84,56.6515,90,OK,No action needed.,0.2466,0.2827,0.2935,0.2966,,2026-08-05 14:30:22.838625
1.4,35.1,4.8,-0.47838,90.23,82.11,56.7776,90,OK,No action needed.,0.2456,0.2818,0.2927,0.2959,,2026-08-05 14:30:22.925739
1.32,37.6,4.32,-0.47357,94.13,82.51,56.9176,90,OK,No action needed.,0.2442,0.2807,0.2917,0.2949,,2026-08-05 14:30:23.008407
1.6,33.6,4.58,-0.46598,100.0,83.08,57.0765,90,OK,No action needed.,0.2423,0.2792,0.2903,0.2936,,2026-08-05 14:30:23.101800
1.45,33.2,5.03,-0.48365,85.98,83.17,57.2421,90,OK,No action needed.,0.2417,0.2786,0.2898,0.2931,,2026-08-05 14:30:23.201753
1.17,33.7,4.76,-0.48645,83.7,83.19,57.414,90,OK,No action needed.,0.2413,0.2782,0.2893,0.2926,,2026-08-05 14:30:23.300695
1.05,36.7,4.79,-0.48948,81.26,83.13,57.5949,90,OK,No action needed.,0.2411,0.2779,0.289,0.2921,,2026-08-05 14:30:23.379790
1.3,35.0,4.72,-0.46126,100.0,83.68,57.7915,90,OK,No action needed.,0.2391,0.2762,0.2874,0.2907,,2026-08-05 14:30:23.460449
1.14,38.0,4.3,-0.45616,100.0,84.22,58.0026,90,OK,No action needed.,0.2371,0.2745,0.2859,0.2893,,2026-08-05 14:30:23.542180
1.33,38.2,4.2,-0.4641,100.0,84.73,58.2177,90,OK,No action needed.,0.2352,0.2729,0.2844,0.2879,,2026-08-05 14:30:23.622401
1.3,40.3,4.4,-0.46751,99.03,85.2,58.4341,90,OK,No action needed.,0.2335,0.2714,0.2831,0.2866,,2026-08-05 14:30:23.704816
1.31,37.3,4.35,-0.47163,95.7,85.55,58.6561,90,OK,No action needed.,0.2321,0.2702,0.2819,0.2855,,2026-08-05 14:30:23.788972
1.36,35.3,4.44,-0.47655,91.71,85.75,58.8832,90,OK,No action needed.,0.2311,0.2693,0.281,0.2846,,2026-08-05 14:30:23.885816
1.45,39.3,4.55,-0.47982,89.07,85.86,59.1173,90,OK,No action needed.,0.2303,0.2685,0.2803,0.2838,,2026-08-05 14:30:23.967996
1.55,40.2,4.33,-0.48768,82.71,85.75,59.3582,90,OK,No action needed.,0.2301,0.2681,0.2798,0.2832,,2026-08-05 14:30:24.054970
1.18,36.3,4.64,-0.46853,98.2,86.16,59.6177,90,OK,No action needed.,0.2283,0.2666,0.2783,0.2818,,2026-08-05 14:30:24.152335
1.29,38.1,4.52,-0.46416,100.0,86.62,59.8926,90,OK,No action needed.,0.2263,0.2649,0.2767,0.2802,,2026-08-05 14:30:24.240892
1.4,40.1,4.42,-0.47779,90.71,86.75,60.1743,90,OK,No action needed.,0.2252,0.2638,0.2756,0.2791,,2026-08-05 14:30:24.343855
1.46,33.8,4.44,-0.48196,87.34,86.77,60.4616,90,OK,No action needed.,0.2244,0.2629,0.2746,0.2781,,2026-08-05 14:30:24.435590
1.46,37.0,5.16,-0.52876,49.48,85.55,60.7322,90,OK,No action needed.,0.2269,0.2645,0.2758,0.2789,,2026-08-05 14:30:24.521688
1.26,36.1,4.7,-0.50505,68.67,84.99,60.9997,90,OK,No action needed.,0.2274,0.2647,0.2758,0.2787,,2026-08-05 14:30:24.609001
1.5,36.2,4.82,-0.4914,79.71,84.82,61.2687,90,OK,No action needed.,0.2269,0.264,0.275,0.2778,,2026-08-05 14:30:24.697346
1.44,36.8,4.91,-0.48381,85.84,84.85,61.5328,90,OK,No action needed.,0.2258,0.2629,0.2738,0.2766,,2026-08-05 14:30:24.817261
1.31,38.3,4.73,-0.47865,90.02,85.02,61.7993,90,OK,No action needed.,0.2243,0.2615,0.2724,0.2752,,2026-08-05 14:30:24.914500
1.38,36.5,4.75,-0.48388,85.78,85.05,62.0701,90,OK,No action needed.,0.2231,0.2603,0.2712,0.2739,,2026-08-05 14:30:25.004854
1.11,34.0,4.53,-0.4814,87.8,85.14,62.3452,90,OK,No action needed.,0.2217,0.2589,0.2698,0.2725,,2026-08-05 14:30:25.091428
1.15,34.8,4.65,-0.47592,92.22,85.37,62.629,90,OK,No action needed.,0.2198,0.2572,0.2681,0.2708,,2026-08-05 14:30:25.185395
1.14,36.2,4.73,-0.4831,86.42,85.4,62.9125,90,OK,No action needed.,0.2185,0.2559,0.2667,0.2694,,2026-08-05 14:30:25.267862
1.2,41.2,4.5,-0.51458,60.96,84.6,63.1834,90,OK,No action needed.,0.2195,0.2563,0.2668,0.2693,,2026-08-05 14:30:25.354505
1.25,37.5,4.59,-0.50923,65.28,83.97,63.4368,90,OK,No action needed.,0.2201,0.2565,0.2667,0.2689,,2026-08-05 14:30:25.498451
1.62,37.6,4.55,-0.48842,82.12,83.91,63.6856,90,OK,No action needed.,0.219,0.2554,0.2656,0.2677,,2026-08-05 14:30:25.585226
1.51,37.4,4.95,-0.47665,91.64,84.16,63.9405,90,OK,No action needed.,0.217,0.2535,0.2638,0.2659,,2026-08-05 14:30:25.667884
1.51,35.2,4.77,-0.48409,85.62,84.21,64.1961,90,OK,No action needed.,0.2156,0.2521,0.2623,0.2644,,2026-08-05 14:30:25.783620
1.36,32.8,5.16,-0.49668,75.43,83.92,64.4501,90,OK,No action needed.,0.2151,0.2514,0.2614,0.2635,,2026-08-05 14:30:25.867037
1.36,36.2,4.54,-0.49892,73.62,83.58,64.6885,90,OK,No action needed.,0.2148,0.2508,0.2607,0.2626,,2026-08-05 14:30:25.950696
1.42,32.7,4.35,-0.47622,91.98,83.86,64.9252,90,OK,No action needed.,0.2127,0.249,0.2589,0.2608,,2026-08-05 14:30:26.035673
1.29,30.7,4.41,-0.49881,73.71,83.53,65.1589,90,OK,No action needed.,0.2124,0.2484,0.2582,0.26,,2026-08-05 14:30:26.117008
1.36,35.2,4.45,-0.51047,64.28,82.9,65.3853,90,OK,No action needed.,0.2129,0.2485,0.258,0.2596,,2026-08-05 14:30:26.195130
1.27,31.7,4.64,-0.50082,72.09,82.54,65.6056,90,OK,No action needed.,0.2126,0.2479,0.2573,0.2587,,2026-08-05 14:30:26.273831
1.42,33.8,4.32,-0.50279,70.49,82.15,65.8081,90,OK,No action needed.,0.2125,0.2476,0.2567,0.258,,2026-08-05 14:30:26.368293
1.38,35.6,4.47,-0.50411,69.42,81.73,65.9927,90,OK,No action needed.,0.2126,0.2474,0.2564,0.2575,,2026-08-05 14:30:26.498033
1.22,30.5,4.55,-0.51079,64.02,81.15,66.1501,90,OK,No action needed.,0.2134,0.2477,0.2565,0.2575,,2026-08-05 14:30:26.584009
1.42,32.5,4.72,-0.51705,58.95,80.42,66.2794,90,OK,No action needed.,0.2148,0.2486,0.2571,0.2578,,2026-08-05 14:30:26.668450
1.42,35.9,4.56,-0.49521,76.62,80.3,66.3924,90,OK,No action needed.,0.2145,0.2483,0.2566,0.2573,,2026-08-05 14:30:26.750390
1.19,38.8,4.98,-0.52365,53.61,79.42,66.4791,90,OK,No action needed.,0.2166,0.2498,0.2578,0.2583,,2026-08-05 14:30:26.838656
1.04,36.3,4.63,-0.50636,67.6,79.03,66.5446,90,OK,No action needed.,0.2174,0.2503,0.2581,0.2585,,2026-08-05 14:30:26.933538
0.94,36.2,4.6,-0.49998,72.77,78.83,66.5882,90,OK,No action needed.,0.2178,0.2505,0.2583,0.2586,,2026-08-05 14:30:27.030914
1.37,33.1,4.82,-0.47743,91.01,79.23,66.6217,90,OK,No action needed.,0.2165,0.2494,0.2574,0.2577,,2026-08-05 14:30:27.113962
1.41,38.6,4.65,-0.47752,90.93,79.61,66.6475,90,OK,No action needed.,0.2152,0.2484,0.2565,0.257,,2026-08-05 14:30:27.204605
1.59,36.9,4.83,-0.48059,88.45,79.9,66.6741,90,OK,No action needed.,0.2142,0.2477,0.2558,0.2564,,2026-08-05 14:30:27.291829
1.44,36.4,4.83,-0.4895,81.24,79.95,66.6945,90,OK,No action needed.,0.214,0.2475,0.2556,0.2562,,2026-08-05 14:30:27.384907
1.47,34.2,4.97,-0.47409,93.71,80.4,66.7184,90,OK,No action needed.,0.2125,0.2463,0.2547,0.2553,,2026-08-05 14:30:27.477437
1.33,32.0,4.46,-0.47386,93.9,80.84,66.7359,90,OK,No action needed.,0.2111,0.2452,0.2538,0.2545,,2026-08-05 14:30:27.564810
1.48,39.0,4.74,-0.47766,90.82,81.17,66.7597,90,OK,No action needed.,0.2101,0.2444,0.253,0.2539,,2026-08-05 14:30:27.664733
0.99,33.3,4.27,-0.47955,89.29,81.43,66.7876,90,OK,No action needed.,0.2092,0.2437,0.2524,0.2533,,2026-08-05 14:30:27.763798
1.22,36.9,4.14,-0.48301,86.49,81.6,66.8172,90,OK,No action needed.,0.2086,0.2432,0.252,0.253,,2026-08-05 14:30:27.851865
1.52,39.5,4.2,-0.51187,63.15,80.99,66.8369,90,OK,No action needed.,0.2103,0.2445,0.2531,0.2539,,2026-08-05 14:30:27.938350
1.3,34.6,4.37,-0.50415,69.39,80.61,66.8484,90,OK,No action needed.,0.2114,0.2454,0.2538,0.2545,,2026-08-05 14:30:28.023934
1.52,33.8,4.46,-0.49483,76.93,80.49,66.8586,90,OK,No action needed.,0.2118,0.2456,0.254,0.2546,,2026-08-05 14:30:28.109989
1.21,32.1,4.41,-0.48363,85.99,80.67,66.8789,90,OK,No action needed.,0.2112,0.2451,0.2535,0.2542,,2026-08-05 14:30:28.197181
1.09,35.7,4.36,-0.49071,80.26,80.66,66.9021,90,OK,No action needed.,0.2111,0.245,0.2534,0.2541,,2026-08-05 14:30:28.284444
1.18,35.8,4.52,-0.46928,97.6,81.21,66.9338,90,OK,No action needed.,0.2093,0.2436,0.2523,0.2531,,2026-08-05 14:30:28.378946
1.17,40.5,4.55,-0.46689,99.53,81.81,66.9782,90,OK,No action needed.,0.2074,0.2421,0.2509,0.2519,,2026-08-05 14:30:28.465080
1.37,35.9,4.72,-0.4775,90.94,82.11,67.0308,90,OK,No action needed.,0.2063,0.2412,0.2501,0.2512,,2026-08-05 14:30:28.546358
1.5,36.6,4.64,-0.47063,96.51,82.59,67.0888,90,OK,No action needed.,0.2047,0.2399,0.249,0.2501,,2026-08-05 14:30:28.627670
1.57,35.4,4.67,-0.47713,91.25,82.87,67.1527,90,OK,No action needed.,0.2036,0.239,0.2482,0.2494,,2026-08-05 14:30:28.708693
1.51,34.8,4.52,-0.50905,65.43,82.3,67.212,90,OK,No action needed.,0.2051,0.2401,0.249,0.2501,,2026-08-05 14:30:28.820691
1.32,35.7,4.68,-0.49939,73.24,82.0,67.2685,90,OK,No action needed.,0.2057,0.2405,0.2494,0.2503,,2026-08-05 14:30:28.917702
1.3,35.5,4.71,-0.51666,59.27,81.26,67.3138,90,OK,No action needed.,0.2078,0.242,0.2506,0.2513,,2026-08-05 14:30:28.997579
1.34,37.3,4.85,-0.52739,50.59,80.25,67.3231,90,OK,No action needed.,0.2107,0.2443,0.2525,0.253,,2026-08-05 14:30:29.088179
1.27,38.0,4.6,-0.49441,77.27,80.15,67.3002,90,OK,No action needed.,0.2111,0.2446,0.2527,0.2532,,2026-08-05 14:30:29.170637
1.09,34.4,4.39,-0.48528,84.65,80.3,67.2573,90,OK,No action needed.,0.2108,0.2444,0.2526,0.2531,,2026-08-05 14:30:29.254673
1.31,35.5,4.88,-0.48804,82.42,80.37,67.2014,90,OK,No action needed.,0.2108,0.2444,0.2527,0.2532,,2026-08-05 14:30:29.338971
1.4,31.9,4.75,-0.47999,88.93,80.65,67.1426,90,OK,No action needed.,0.2101,0.244,0.2523,0.253,,2026-08-05 14:30:29.417123
1.41,34.2,4.22,-0.47453,93.35,81.07,67.0768,90,OK,No action needed.,0.209,0.2432,0.2517,0.2525,,2026-08-05 14:30:29.516491
1.5,37.0,4.4,-0.47737,91.05,81.39,66.995,90,OK,No action needed.,0.2081,0.2426,0.2513,0.2521,,2026-08-05 14:30:29.607628
1.65,35.9,4.1,-0.49788,74.46,81.17,66.8951,90,OK,No action needed.,0.2089,0.2433,0.2519,0.2527,,2026-08-05 14:30:29.702994
1.44,36.0,4.36,-0.49567,76.25,81.01,66.7743,90,OK,No action needed.,0.2095,0.2438,0.2524,0.2532,,2026-08-05 14:30:29.795312
1.55,36.2,4.87,-0.48647,83.69,81.09,66.6399,90,OK,No action needed.,0.2093,0.2437,0.2524,0.2533,,2026-08-05 14:30:29.886383
1.63,38.1,5.15,-0.49678,75.35,80.91,66.4985,90,OK,No action needed.,0.21,0.2443,0.2529,0.2538,,2026-08-05 14:30:30.027660
1.49,35.9,4.74,-0.5165,59.4,80.2,66.3321,90,OK,No action needed.,0.2122,0.2461,0.2545,0.2552,,2026-08-05 14:30:30.111013
1.64,35.8,4.46,-0.50543,68.36,79.81,66.1467,90,OK,No action needed.,0.2134,0.2471,0.2554,0.2561,,2026-08-05 14:30:30.195536
1.36,32.5,4.47,-0.49453,77.17,79.73,65.9462,90,OK,No action needed.,0.2137,0.2474,0.2558,0.2564,,2026-08-05 14:30:30.294105
1.44,36.5,4.76,-0.51506,60.56,79.1,65.7313,90,OK,No action needed.,0.2157,0.249,0.2572,0.2578,,2026-08-05 14:30:30.381130
1.31,36.4,4.92,-0.52416,53.21,78.25,65.4964,90,OK,No action needed.,0.2183,0.2512,0.2591,0.2595,,2026-08-05 14:30:30.464977
1.56,36.5,4.71,-0.51949,56.98,77.55,65.2518,90,OK,No action needed.,0.2207,0.2531,0.2608,0.2611,,2026-08-05 14:30:30.547376
1.3,37.3,4.55,-0.49798,74.39,77.45,65.0069,90,OK,No action needed.,0.2212,0.2537,0.2614,0.2617,,2026-08-05 14:30:30.669139
1.41,36.5,4.82,-0.50082,72.09,77.27,64.7646,90,OK,No action needed.,0.2219,0.2544,0.2621,0.2624,,2026-08-05 14:30:30.751553
1.37,37.4,4.8,-0.5032,70.16,77.04,64.5323,90,OK,No action needed.,0.223,0.2553,0.263,0.2633,,2026-08-05 14:30:30.829456
1.42,33.7,4.93,-0.49953,73.13,76.91,64.3117,90,OK,No action needed.,0.2237,0.2561,0.2638,0.2641,,2026-08-05 14:30:30.913562
1.36,33.6,4.99,-0.49901,73.55,76.8,64.1011,90,OK,No action needed.,0.2245,0.2568,0.2645,0.2649,,2026-08-05 14:30:31.000585
1.34,36.4,4.77,-0.51343,61.88,76.31,63.8917,90,OK,No action needed.,0.2265,0.2586,0.2661,0.2664,,2026-08-05 14:30:31.091988
1.32,39.3,4.41,-0.50687,67.19,76.01,63.6949,90,OK,No action needed.,0.228,0.2599,0.2673,0.2676,,2026-08-05 14:30:31.191180
1.22,34.3,4.22,-0.50414,69.4,75.8,63.5117,90,OK,No action needed.,0.2293,0.261,0.2685,0.2687,,2026-08-05 14:30:31.268293
1.19,35.2,4.42,-0.49107,79.97,75.93,63.3469,90,OK,No action needed.,0.2295,0.2613,0.2689,0.2691,,2026-08-05 14:30:31.358616
1.44,37.5,4.62,-0.5018,71.29,75.78,63.1862,90,OK,No action needed.,0.2306,0.2623,0.2698,0.2701,,2026-08-05 14:30:31.448306
1.18,33.1,4.25,-0.5126,62.56,75.35,63.0163,90,OK,No action needed.,0.2326,0.2641,0.2714,0.2716,,2026-08-05 14:30:31.538402
1.41,35.5,4.58,-0.50233,70.86,75.2,62.8337,90,OK,No action needed.,0.2337,0.2651,0.2724,0.2726,,2026-08-05 14:30:31.620908
1.64,38.7,4.7,-0.47936,89.45,75.67,62.6577,90,OK,No action needed.,0.2328,0.2646,0.2722,0.2726,,2026-08-05 14:30:31.705487
1.48,35.6,4.6,-0.4636,100.0,76.46,62.49,90,OK,No action needed.,0.2309,0.2633,0.2712,0.2718,,2026-08-05 14:30:31.794906
1.17,35.7,4.36,-0.47941,89.4,76.89,62.3203,90,OK,No action needed.,0.23,0.2628,0.2709,0.2717,,2026-08-05 14:30:31.884454
1.36,40.4,4.35,-0.48223,87.12,77.22,62.1477,90,OK,No action needed.,0.2294,0.2625,0.2708,0.2717,,2026-08-05 14:30:31.983231
1.51,43.6,4.53,-0.52213,54.85,76.49,61.9516,90,OK,No action needed.,0.2321,0.2647,0.2728,0.2735,,2026-08-05 14:30:32.065067
1.35,41.1,4.57,-0.52084,55.89,75.82,61.7485,90,OK,No action needed.,0.2348,0.2669,0.2748,0.2754,,2026-08-05 14:30:32.161404
1.32,36.9,4.55,-0.5163,59.56,75.28,61.5405,90,OK,No action needed.,0.237,0.2688,0.2765,0.277,,2026-08-05 14:30:32.265598
1.56,40.6,4.38,-0.51263,62.53,74.86,61.3307,90,OK,No action needed.,0.239,0.2705,0.2781,0.2785,,2026-08-05 14:30:32.354282
1.46,40.9,4.91,-0.47526,92.76,75.45,61.1364,90,OK,No action needed.,0.2378,0.2697,0.2776,0.2783,,2026-08-05 14:30:32.439531
1.29,37.2,4.79,-0.45218,100.0,76.26,60.967,90,OK,No action needed.,0.2358,0.2684,0.2766,0.2775,,2026-08-05 14:30:32.524560
1.12,35.6,4.18,-0.45876,100.0,77.03,60.8212,90,OK,No action needed.,0.2338,0.267,0.2756,0.2767,,2026-08-05 14:30:32.610026
1.22,39.0,3.84,-0.48296,86.53,77.35,60.6903,90,OK,No action needed.,0.2332,0.2667,0.2755,0.2767,,2026-08-05 14:30:32.696510
1.2,40.3,4.12,-0.49366,77.87,77.36,60.5651,90,OK,No action needed.,0.2336,0.2671,0.2759,0.2771,,2026-08-05 14:30:32.783427
1.08,41.9,4.44,-0.49293,78.47,77.4,60.4473,90,OK,No action needed.,0.2338,0.2674,0.2762,0.2775,,2026-08-05 14:30:32.877350
1.37,41.8,4.8,-0.49364,77.89,77.42,60.3364,90,OK,No action needed.,0.2342,0.2678,0.2766,0.278,,2026-08-05 14:30:32.965493
1.39,37.5,4.88,-0.48631,83.82,77.63,60.2316,90,OK,No action needed.,0.2339,0.2677,0.2766,0.278,,2026-08-05 14:30:33.057358
1.23,39.0,3.99,-0.51478,60.79,77.07,60.1179,90,OK,No action needed.,0.236,0.2694,0.2782,0.2795,,2026-08-05 14:30:33.295810
1.1,40.5,4.56,-0.49184,79.35,77.15,60.0126,90,OK,No action needed.,0.2362,0.2697,0.2785,0.2798,,2026-08-05 14:30:33.394533
1.1,36.7,4.56,-0.49045,80.48,77.26,59.9064,90,OK,No action needed.,0.2363,0.2698,0.2787,0.2801,,2026-08-05 14:30:33.486136
1.55,38.2,4.93,-0.49388,77.7,77.27,59.8018,90,OK,No action needed.,0.2366,0.2702,0.2791,0.2805,,2026-08-05 14:30:33.567464
1.44,36.4,5.18,-0.52936,48.99,76.34,59.6765,90,OK,No action needed.,0.24,0.2729,0.2814,0.2826,,2026-08-05 14:30:33.698755
1.46,39.3,4.81,-0.5301,48.4,75.43,59.5227,90,OK,No action needed.,0.2434,0.2757,0.2839,0.2849,,2026-08-05 14:30:33.783799
1.5,36.9,4.89,-0.52544,52.17,74.67,59.3492,90,OK,No action needed.,0.2465,0.2782,0.2861,0.287,,2026-08-05 14:30:33.864100
1.54,36.4,4.54,-0.53279,46.22,73.73,59.1478,90,OK,No action needed.,0.2502,0.2812,0.2888,0.2895,,2026-08-05 14:30:33.947801
1.45,39.6,4.26,-0.51341,61.9,73.35,58.9323,90,OK,No action needed.,0.2523,0.283,0.2905,0.2911,,2026-08-05 14:30:34.037101
1.41,39.0,4.78,-0.5007,72.18,73.31,58.7289,90,OK,No action needed.,0.2533,0.284,0.2915,0.2921,,2026-08-05 14:30:34.118807
1.47,38.3,4.85,-0.47235,95.11,74.02,58.5441,90,OK,No action needed.,0.2518,0.2831,0.2909,0.2918,,2026-08-05 14:30:34.205440
1.39,36.8,4.72,-0.52553,52.09,73.3,58.352,90,OK,No action needed.,0.2549,0.2856,0.2932,0.2939,,2026-08-05 14:30:34.286960
1.62,34.9,4.82,-0.49118,79.88,73.52,58.1696,90,OK,No action needed.,0.255,0.2859,0.2936,0.2944,,2026-08-05 14:30:34.375234
1.37,37.4,4.44,-0.48658,83.61,73.85,57.9983,90,OK,No action needed.,0.2547,0.2859,0.2937,0.2947,,2026-08-05 14:30:34.481696
1.34,36.4,4.11,-0.49825,74.17,73.86,57.8301,90,OK,No action needed.,0.2554,0.2866,0.2945,0.2954,,2026-08-05 14:30:34.571949
1.29,38.4,4.25,-0.4937,77.84,73.99,57.6654,90,OK,No action needed.,0.2557,0.287,0.295,0.296,,2026-08-05 14:30:34.653917
1.29,38.2,4.45,-0.4869,83.35,74.3,57.5103,90,OK,No action needed.,0.2554,0.2869,0.2951,0.2962,,2026-08-05 14:30:34.737234
1.5,38.0,4.72,-0.50487,68.8,74.12,57.3576,90,OK,No action needed.,0.2566,0.288,0.2961,0.2972,,2026-08-05 14:30:34.818243
1.77,36.6,4.47,-0.49469,77.04,74.21,57.2185,90,OK,No action needed.,0.2569,0.2884,0.2966,0.2978,,2026-08-05 14:30:34.953643
1.51,39.4,4.71,-0.48388,85.78,74.59,57.0897,90,OK,No action needed.,0.2563,0.2881,0.2965,0.2978,,2026-08-05 14:30:35.035066
1.52,36.5,4.69,-0.47207,95.34,75.27,56.9558,90,OK,No action needed.,0.2548,0.2871,0.2957,0.2972,,2026-08-05 14:30:35.119298
1.33,34.8,5.13,-0.48229,87.07,75.66,56.8163,90,OK,No action needed.,0.2541,0.2867,0.2955,0.2972,,2026-08-05 14:30:35.200445
1.21,37.4,5.1,-0.50413,69.41,75.45,56.6648,90,OK,No action needed.,0.2553,0.2878,0.2965,0.2981,,2026-08-05 14:30:35.283075
1.24,39.4,4.85,-0.49481,76.95,75.5,56.5095,90,OK,No action needed.,0.2556,0.2882,0.297,0.2986,,2026-08-05 14:30:35.367528
1.55,34.2,4.4,-0.47378,93.96,76.11,56.3664,90,OK,No action needed.,0.2543,0.2873,0.2963,0.2982,,2026-08-05 14:30:35.451441
1.56,35.9,4.71,-0.46569,100.0,76.89,56.2372,90,OK,No action needed.,0.2523,0.2859,0.2953,0.2974,,2026-08-05 14:30:35.547174
1.56,36.8,4.35,-0.4586,100.0,77.65,56.1207,90,OK,No action needed.,0.2503,0.2846,0.2943,0.2965,,2026-08-05 14:30:35.640616
1.56,37.0,4.29,-0.4733,94.34,78.2,56.0154,90,OK,No action needed.,0.249,0.2836,0.2936,0.296,,2026-08-05 14:30:35.719926
1.4,38.2,4.5,-0.4909,80.11,78.26,55.9155,90,OK,No action needed.,0.2491,0.2838,0.2938,0.2962,,2026-08-05 14:30:35.798817
1.29,39.6,4.69,-0.49157,79.57,78.3,55.8207,90,OK,No action needed.,0.2492,0.284,0.294,0.2965,,2026-08-05 14:30:35.880583
1.16,37.9,4.57,-0.49041,80.51,78.37,55.7259,90,OK,No action needed.,0.2493,0.2841,0.2941,0.2967,,2026-08-05 14:30:35.964094
1.47,37.5,4.77,-0.48249,86.91,78.65,55.6331,90,OK,No action needed.,0.2487,0.2837,0.2939,0.2965,,2026-08-05 14:30:36.052183
1.3,36.6,4.63,-0.47267,94.85,79.19,55.5465,90,OK,No action needed.,0.2473,0.2827,0.2932,0.2959,,2026-08-05 14:30:36.135644
1.37,37.3,5.06,-0.48525,84.68,79.37,55.4621,90,OK,No action needed.,0.247,0.2826,0.2931,0.2959,,2026-08-05 14:30:36.229874
1.38,37.1,4.81,-0.48881,81.8,79.44,55.3731,90,OK,No action needed.,0.2469,0.2826,0.2931,0.296,,2026-08-05 14:30:36.311109
1.6,35.8,4.24,-0.4898,81.0,79.5,55.2829,90,OK,No action needed.,0.247,0.2827,0.2933,0.2962,,2026-08-05 14:30:36.425708
1.57,35.6,4.54,-0.47987,89.03,79.81,55.1947,90,OK,No action needed.,0.2463,0.2822,0.2929,0.2959,,2026-08-05 14:30:36.557219
1.29,35.9,4.93,-0.46892,97.89,80.4,55.12,90,OK,No action needed.,0.2447,0.2811,0.292,0.2952,,2026-08-05 14:30:36.648354
1.32,37.3,4.63,-0.47511,92.88,80.81,55.0554,90,OK,No action needed.,0.2436,0.2803,0.2914,0.2947,,2026-08-05 14:30:36.740707
1.37,40.0,4.4,-0.47264,94.88,81.27,54.998,90,OK,No action needed.,0.2423,0.2794,0.2907,0.2941,,2026-08-05 14:30:36.817373
1.21,37.6,4.98,-0.4921,79.14,81.2,54.9378,90,OK,No action needed.,0.2427,0.2797,0.291,0.2943,,2026-08-05 14:30:36.898815
1.04,32.7,4.71,-0.46948,97.44,81.73,54.8892,90,OK,No action needed.,0.2412,0.2786,0.2901,0.2936,,2026-08-05 14:30:36.988073
1.22,35.4,4.6,-0.46922,97.64,82.26,54.8521,90,OK,No action needed.,0.2397,0.2775,0.2892,0.2929,,2026-08-05 14:30:37.067335
1.2,36.2,4.53,-0.47331,94.34,82.65,54.8256,90,OK,No action needed.,0.2386,0.2767,0.2885,0.2923,,2026-08-05 14:30:37.150121
1.21,37.4,4.46,-0.47489,93.06,82.99,54.8082,90,OK,No action needed.,0.2377,0.276,0.288,0.2918,,2026-08-05 14:30:37.232096
1.2,32.9,4.6,-0.49173,79.44,82.88,54.7947,90,OK,No action needed.,0.238,0.2762,0.2882,0.292,,2026-08-05 14:30:37.315496
1.21,31.4,4.46,-0.51432,61.17,82.16,54.7745,90,OK,No action needed.,0.2401,0.2779,0.2896,0.2932,,2026-08-05 14:30:37.401142
1.29,33.4,4.77,-0.51678,59.18,81.41,54.7522,90,OK,No action needed.,0.2424,0.2796,0.291,0.2945,,2026-08-05 14:30:37.485822
1.29,36.2,4.5,-0.51199,63.05,80.81,54.7271,90,OK,No action needed.,0.2442,0.281,0.2922,0.2955,,2026-08-05 14:30:37.565250
1.21,39.0,4.4,-0.53866,41.48,79.52,54.6841,90,OK,No action needed.,0.2481,0.284,0.2947,0.2977,,2026-08-05 14:30:37.647457
1.48,39.3,4.29,-0.51891,57.45,78.8,54.6261,90,OK,No action needed.,0.2504,0.2858,0.2963,0.2991,,2026-08-05 14:30:37.734858
1.35,38.1,4.71,-0.51612,59.71,78.17,54.5574,90,WARN,Failure probability within 1d is 30% — schedule maintenance.,0.2525,0.2874,0.2977,0.3004,vibration_skew (z=+2.4); vibration_std (z=-2.1); vibration_kurtosis (z=+2.0),2026-08-05 14:30:37.828185
1.24,36.9,4.72,-0.51281,62.39,77.65,54.4843,90,WARN,Failure probability within 1d is 30% — schedule maintenance.,0.2543,0.2889,0.2989,0.3015,vibration_skew (z=+2.4); vibration_std (z=-2.2); vibration_kurtosis (z=+2.1),2026-08-05 14:30:37.912181
