unit_id,timestamp,vibration,current,temperature
1,2024-01-01 00:00:00,0.23368384756487387,3.047526083370796,38.61091221175876
1,2024-01-01 00:01:00,0.20910026440156737,2.9291378233120025,40.41308268624012
1,2024-01-01 00:02:00,0.20219020899824972,2.88288875490873,41.438353709080275
1,2024-01-01 00:03:00,0.2023362129996682,3.063796031158613,43.251254308346994
1,2024-01-01 00:04:00,0.15758794973552706,3.0548978174853967,40.53036706957618
1,2024-01-01 00:05:00,0.24600478008034163,2.954855192728729,40.74812965694102
1,2024-01-01 00:06:00,0.19183806205875334,3.0900696254714544,41.96321643889149
1,2024-01-01 00:07:00,0.19679657439608017,3.1260210272742692,42.11296526158386
1,2024-01-01 00:08:00,0.19583881226894637,2.932289850306398,42.826722395632125
1,2024-01-01 00:09:00,0.14845518297790142,2.9599487140572043,42.428124672933926
1,2024-01-01 00:10:00,0.19898058948029887,2.984449739371574,43.38877494031504
1,2024-01-01 00:11:00,0.242955426619766,3.2048617110089204,41.218837093509066
1,2024-01-01 00:12:00,0.23607894846963695,2.9809779851011884,41.055815720152594
1,2024-01-01 00:13:00,0.19195235418367665,3.074988215281156,41.77447754653949
1,2024-01-01 00:14:00,0.2397753746464643,2.9917226099520837,41.72441285570228
1,2024-01-01 00:15:00,0.1634393918779114,3.0552857369075297,41.67349354404466
1,2024-01-01 00:16:00,0.21697480172303324,3.106183174960462,42.87933454835666
1,2024-01-01 00:17:00,0.20095126405431482,2.959432885822336,41.246025271289405
1,2024-01-01 00:18:00,0.24765024768502628,2.97513323430529,43.134822633320574
1,2024-01-01 00:19:00,0.20209340127419803,2.954077863457944,43.580043389725574
1,2024-01-01 00:20:00,0.2666878386507229,3.0051794053251335,43.655796794070895
1,2024-01-01 00:21:00,0.21400014251394117,3.0720353296844234,42.95640728465031
1,2024-01-01 00:22:00,0.2259429944871336,3.0357199966814528,43.4931013455051
1,2024-01-01 00:23:00,0.25733582886507816,3.0642044110080957,43.29846629434977
1,2024-01-01 00:24:00,0.25711491747528514,2.976587230425653,43.870091853322386
1,2024-01-01 00:25:00,0.21698040945987063,3.126938367404563,43.83509738922949
1,2024-01-01 00:26:00,0.2089415726404292,3.3404905429140985,44.78154181074898
1,2024-01-01 00:27:00,0.18267318957967657,3.1195165272949916,43.87352961681572
1,2024-01-01 00:28:00,0.23036581112884835,3.131453319484943,46.753329666732334
1,2024-01-01 00:29:00,0.19006340726588541,3.2185206342470356,47.32051736794395
1,2024-01-01 00:30:00,0.2011700486688226,3.068360803821512,45.28233769481228
1,2024-01-01 00:31:00,0.20512402544080666,2.948542150969434,42.489950764034404
1,2024-01-01 00:32:00,0.19004038605429519,3.099121397034686,46.07709858750685
1,2024-01-01 00:33:00,0.20426181323585277,3.211332861075303,46.5347109864943
1,2024-01-01 00:34:00,0.20239314515921358,3.099170535493638,43.57271897844632
1,2024-01-01 00:35:00,0.18003525228684927,3.2986905091685994,45.80469430603008
1,2024-01-01 00:36:00,0.21749176058101688,3.1191718222337057,44.181618080505615
1,2024-01-01 00:37:00,0.24927197698295692,3.312920428141544,46.704607534638605
1,2024-01-01 00:38:00,0.24771778206763026,3.0930173735509996,45.475524697982586
1,2024-01-01 00:39:00,0.23137292502696888,3.1791247177769946,46.02609900340031
1,2024-01-01 00:40:00,0.19498714062426753,3.1777185378803803,44.195812202643886
1,2024-01-01 00:41:00,0.2414030010495576,3.19362607937452,47.2185561518101
1,2024-01-01 00:42:00,0.2671951324856149,3.0004723484738056,45.316820283108406
1,2024-01-01 00:43:00,0.20783960282053313,2.968441380642482,46.69341631570817
1,2024-01-01 00:44:00,0.18302266214042823,3.0847718425952664,47.699763250127155
1,2024-01-01 00:45:00,0.26230261058634624,3.008348977992148,46.83702309480928
1,2024-01-01 00:46:00,0.23740857479172633,3.317722845772235,46.52648564182658
1,2024-01-01 00:47:00,0.22415422093448445,2.986042114875151,47.602951868990594
1,2024-01-01 00:48:00,0.2405611808718817,3.3000399747458435,47.79798082856715
1,2024-01-01 00:49:00,0.24903424301915392,3.1301721132929994,45.80430331573081
1,2024-01-01 00:50:00,0.18822077450788513,3.020236860480166,47.03277312176951
1,2024-01-01 00:51:00,0.2916469599290356,3.0919355246379077,49.418480023009515
1,2024-01-01 00:52:00,0.31254867740040615,3.0491394776410052,47.83180241896744
1,2024-01-01 00:53:00,0.23111279443925123,3.134390864690142,46.720202930821834
1,2024-01-01 00:54:00,0.28485185298046606,3.254124492267478,48.64355071762586
1,2024-01-01 00:55:00,0.2136106768211738,3.2157983855801513,49.16853516212482
1,2024-01-01 00:56:00,0.28248778372035854,3.2366551612188266,50.55593332864159
1,2024-01-01 00:57:00,0.23133616930169748,3.208622060521518,48.26665229379675
1,2024-01-01 00:58:00,0.2585090630138519,3.3163757683353894,48.8023161439324
1,2024-01-01 00:59:00,0.26802756701523905,3.2181799580216186,49.2382711533973
1,2024-01-01 01:00:00,0.2587942113613307,3.341234278245247,49.40954475778962
1,2024-01-01 01:01:00,0.29161229350597534,3.152353644403894,50.303199892169694
1,2024-01-01 01:02:00,0.2597229380365634,3.244358408789892,49.46237885989699
1,2024-01-01 01:03:00,0.2439602977698688,3.4113016105349874,51.16849204538401
1,2024-01-01 01:04:00,0.2646542378996923,3.355012505256926,50.101871877531025
1,2024-01-01 01:05:00,0.25715750768339635,3.345633796707044,51.38763409115647
1,2024-01-01 01:06:00,0.26979529763007276,3.2206266848941874,49.31900920577972
1,2024-01-01 01:07:00,0.2735716261326378,3.2830205044385687,48.72573164631601
1,2024-01-01 01:08:00,0.33326141316722124,3.3706527470055523,52.75151712418923
1,2024-01-01 01:09:00,0.2707365362133406,3.1695875782447374,51.525774559054305
1,2024-01-01 01:10:00,0.2888443255461585,3.171138672933006,51.65096794128362
1,2024-01-01 01:11:00,0.23812464310706638,3.029566621310797,48.83086270346036
1,2024-01-01 01:12:00,0.284328762343578,3.4977523011041503,51.55118443049388
1,2024-01-01 01:13:00,0.31945668570551894,3.085830178719573,50.59301667797504
1,2024-01-01 01:14:00,0.2814852314145557,3.470492115058471,50.39358604039488
1,2024-01-01 01:15:00,0.2780009575437431,3.344562800500757,50.85509741614454
1,2024-01-01 01:16:00,0.32303363009252034,3.495338064857846,52.687604997040204
1,2024-01-01 01:17:00,0.3084342594622763,3.352611279288394,52.103968545377334
1,2024-01-01 01:18:00,0.27847256014319594,3.298369526013408,53.9391011028136
1,2024-01-01 01:19:00,0.25556666166613995,3.394787491968655,53.76415843451623
1,2024-01-01 01:20:00,0.2661709667630992,3.288867064207998,52.89264201264045
1,2024-01-01 01:21:00,0.31150358979362947,3.4686176006306186,51.10933782245685
1,2024-01-01 01:22:00,0.2783574772709051,3.4611328358184257,52.32730497323841
1,2024-01-01 01:23:00,0.29993760927514446,3.5105851528270144,51.99923855714346
1,2024-01-01 01:24:00,0.3657727219587108,3.4653474382939655,51.58669540814207
1,2024-01-01 01:25:00,0.33418734577476183,3.392925828103834,54.543158106105885
1,2024-01-01 01:26:00,0.30286249211495186,3.465982166597563,54.09740791480287
1,2024-01-01 01:27:00,0.27032988018604,3.4931181457150573,50.79589392832887
1,2024-01-01 01:28:00,0.30737165557842694,3.1440409600680117,52.33134376416522
1,2024-01-01 01:29:00,0.3703984589352627,3.374063841759526,53.72605801249584
1,2024-01-01 01:30:00,0.3387832084496002,3.474532711063577,52.67802425236467
1,2024-01-01 01:31:00,0.3570788297234778,3.588915649381856,53.871212075636166
1,2024-01-01 01:32:00,0.34599876935505397,3.3721084294967554,54.49505375044127
1,2024-01-01 01:33:00,0.3603282630280094,3.4698733326279556,56.27569601043527
1,2024-01-01 01:34:00,0.35399015208815426,3.6593683363054335,56.31337830574268
1,2024-01-01 01:35:00,0.3441351143281397,3.5049879409739297,55.87771570586739
1,2024-01-01 01:36:00,0.3573261524451853,3.40592421282117,53.66904730751034
1,2024-01-01 01:37:00,0.33880003145728615,3.5544136681924465,56.0705010746386
1,2024-01-01 01:38:00,0.4065286286239307,3.582059839275782,54.399280870703166
1,2024-01-01 01:39:00,0.3318221173840732,3.4573801141958462,53.74509768426848
1,2024-01-01 01:40:00,0.3364488224174177,3.3615074365270963,56.37339140211335
1,2024-01-01 01:41:00,0.33132356017989817,3.612393246381288,55.98197047467127
1,2024-01-01 01:42:00,0.3701876018668775,3.556775869643014,56.60135486124614
1,2024-01-01 01:43:00,0.3845764193800844,3.5645334260553283,55.892888119809214
1,2024-01-01 01:44:00,0.3871531258610507,3.615281141557307,54.72078525163206
1,2024-01-01 01:45:00,0.43976586613783564,3.498904670697246,58.27181247001863
1,2024-01-01 01:46:00,0.3648538555010646,3.517565558139824,54.73735897022817
1,2024-01-01 01:47:00,0.343065470773158,3.3633434453355324,57.741277313326606
1,2024-01-01 01:48:00,0.3731094263622698,3.7928503289438353,58.05365187873745
1,2024-01-01 01:49:00,0.46120909299192603,3.6978154863999797,58.24825158244047
1,2024-01-01 01:50:00,0.44903668018120085,3.5402284328765474,56.733769847276
1,2024-01-01 01:51:00,0.3909817485154989,3.5787493981400202,58.46049969114774
1,2024-01-01 01:52:00,0.3774305161671736,3.725423807618757,58.1150250652868
1,2024-01-01 01:53:00,0.3608804906679689,3.672476464409706,57.48114575295139
1,2024-01-01 01:54:00,0.42506244179155067,3.590956729739694,56.531714984855725
1,2024-01-01 01:55:00,0.42337924814351413,3.7028494574874573,58.75205885514768
1,2024-01-01 01:56:00,0.43847799870309717,3.7969131122791215,58.592476350788445
1,2024-01-01 01:57:00,0.35928845392412095,3.7408388496349847,58.26523802865784
1,2024-01-01 01:58:00,0.3918918727455566,3.7658050765350146,58.0076578485444
1,2024-01-01 01:59:00,0.4073000355246873,3.740716752207787,57.930102076924065
1,2024-01-01 02:00:00,0.3618111511098232,3.7268450029788194,58.76008523013607
1,2024-01-01 02:01:00,0.485702389364127,3.8156716824164545,58.63933722634874
1,2024-01-01 02:02:00,0.4314881358197427,3.8469635242444484,59.55609992541368
1,2024-01-01 02:03:00,0.4212980192905108,3.8506627687209454,58.73705591670172
1,2024-01-01 02:04:00,0.48442686689290887,3.7013244993837695,59.009497584656636
1,2024-01-01 02:05:00,0.4483716352139831,3.74572346918161,58.15620281647656
1,2024-01-01 02:06:00,0.41752298898235973,3.5803205017090054,60.42375662648469
1,2024-01-01 02:07:00,0.4607565322820219,3.6913067214073165,57.98325794364261
1,2024-01-01 02:08:00,0.47778119057820817,3.9306095301632102,60.021333949783184
1,2024-01-01 02:09:00,0.47865659950511347,3.8307796006984303,59.47060229029193
1,2024-01-01 02:10:00,0.44036269345370577,4.025320862518452,60.42971006253338
1,2024-01-01 02:11:00,0.46858557259992617,3.878267210639092,60.67294309287682
1,2024-01-01 02:12:00,0.4455206125813342,3.7657174144516112,61.186605386389616
1,2024-01-01 02:13:00,0.42921851594864524,3.8805802524081527,59.945895244827845
1,2024-01-01 02:14:00,0.484887438095469,3.852483378966584,59.35987737782454
1,2024-01-01 02:15:00,0.47904888451969263,3.853444871435932,62.47387538492254
1,2024-01-01 02:16:00,0.47453623645497645,3.895444366784316,60.843371190000305
1,2024-01-01 02:17:00,0.5387447576546426,4.02090722473245,61.80911227767613
1,2024-01-01 02:18:00,0.4430818680553668,4.125308156623258,59.4702299529451
1,2024-01-01 02:19:00,0.5070860888018052,3.9358625183143263,58.983574287990244
1,2024-01-01 02:20:00,0.5031934947708043,3.876900772813649,62.28143015186356
1,2024-01-01 02:21:00,0.5080433737052894,3.9414155339734305,61.92643178652895
1,2024-01-01 02:22:00,0.5566265156566367,4.091479362068246,59.17891894194975
1,2024-01-01 02:23:00,0.5262830335361616,3.9994859387583386,61.09845863239802
1,2024-01-01 02:24:00,0.5382661561797972,3.949640940503662,60.73255247883769
1,2024-01-01 02:25:00,0.55612140214766,3.7413259786132764,61.14230133366038
1,2024-01-01 02:26:00,0.5839904032090129,3.9401453281063192,62.639365450867324
1,2024-01-01 02:27:00,0.56192108549561,3.98414279631885,62.64007244862157
1,2024-01-01 02:28:00,0.5332741209296966,4.097279721826705,64.16416177529754
1,2024-01-01 02:29:00,0.5576107437735541,3.96593537449129,64.65473769408298
1,2024-01-01 02:30:00,0.5891184662313703,4.0798010773853965,63.56951669220453
1,2024-01-01 02:31:00,0.5325858451949815,4.1521608355804265,64.08227921881789
1,2024-01-01 02:32:00,0.5840714790791239,3.9039122636650934,62.439335747191826
1,2024-01-01 02:33:00,0.5943732717662344,3.9569804308552214,62.64558585293154
1,2024-01-01 02:34:00,0.5838129427238276,3.9701175573499166,64.4228827779591
1,2024-01-01 02:35:00,0.6024040700182011,4.23199008974479,64.6794713795468
1,2024-01-01 02:36:00,0.5722844743526101,4.1536638926746186,65.22823626000752
1,2024-01-01 02:37:00,0.5766121589369051,4.120499154892111,63.40208648045029
1,2024-01-01 02:38:00,0.6127585829660505,4.110297553535874,62.50963537372224
1,2024-01-01 02:39:00,0.5641970385683458,4.239182489690034,65.97305234098702
1,2024-01-01 02:40:00,0.6265123649019368,4.25779748529388,64.01462217685342
1,2024-01-01 02:41:00,0.616089339542124,4.114770212559334,65.08958457379933
1,2024-01-01 02:42:00,0.6053143464963135,4.116835373169557,65.084756240251
1,2024-01-01 02:43:00,0.6355520937670223,4.329596897565568,65.37080998696567
1,2024-01-01 02:44:00,0.6326676690185452,4.166393580944271,65.82191562130384
1,2024-01-01 02:45:00,0.6178147709554024,4.215053183606619,66.35239028655612
1,2024-01-01 02:46:00,0.6678597988032545,4.345238764252543,66.78343252550538
1,2024-01-01 02:47:00,0.7156550877244496,4.143493157827383,65.55111364035872
1,2024-01-01 02:48:00,0.6677931123474813,4.289078630688069,66.87104777203656
1,2024-01-01 02:49:00,0.6792030945685998,4.220841946907881,67.19863984422886
1,2024-01-01 02:50:00,0.7259910942955701,4.171281591710929,64.99347960825405
1,2024-01-01 02:51:00,0.6636990351637198,4.109846234321143,67.57171834786062
1,2024-01-01 02:52:00,0.7225486678711,4.324105276216422,64.98957427378755
1,2024-01-01 02:53:00,0.705033301294564,4.303839535393136,67.17996088614198
1,2024-01-01 02:54:00,0.6139798354949433,4.250947881842377,67.09169136007496
1,2024-01-01 02:55:00,0.6421923722901808,4.246605419945124,66.03721004246685
1,2024-01-01 02:56:00,0.7115602688711135,4.300222783747042,66.76181170838157
1,2024-01-01 02:57:00,0.6956972631084736,4.161427833300114,66.24705323328534
1,2024-01-01 02:58:00,0.7182680753574285,4.299432089946995,68.89734805289118
1,2024-01-01 02:59:00,0.7380484773422596,4.420191362004651,66.85528691210844
1,2024-01-01 03:00:00,0.7287353176991546,4.424609747002622,66.23772632661986
1,2024-01-01 03:01:00,0.6668524090138217,4.342037304596397,67.49312781141477
1,2024-01-01 03:02:00,0.7625409753213752,4.402631292423072,68.15838117721843
1,2024-01-01 03:03:00,0.7338269617213152,4.2994613329297895,67.7212858689166
1,2024-01-01 03:04:00,0.7311764387560097,4.363697366059773,67.50060342791839
1,2024-01-01 03:05:00,0.80938964370873,4.312483805852426,68.39459671656938
1,2024-01-01 03:06:00,0.8015861795138091,4.53783459885954,68.19050541454469
1,2024-01-01 03:07:00,0.7607274786007449,4.314880922734204,68.80012817241199
1,2024-01-01 03:08:00,0.7821455095756963,4.444019016906616,69.59579872011504
1,2024-01-01 03:09:00,0.7662588709667346,4.598612401548238,70.20417550385731
1,2024-01-01 03:10:00,0.7876308577161495,4.530374420608789,68.26980126267576
1,2024-01-01 03:11:00,0.7851290531938064,4.442317526461998,71.97264114715325
1,2024-01-01 03:12:00,0.8486664193966387,4.617446031919015,68.54347941475999
1,2024-01-01 03:13:00,0.7926746156654461,4.419787547721985,70.75296762814007
2,2024-01-01 00:00:00,0.19134295632504492,2.9955716708036744,41.93055475854368
2,2024-01-01 00:01:00,0.189376396082619,3.1505291033812615,39.75035947664653
2,2024-01-01 00:02:00,0.17218016175979026,3.000616323219144,40.970927869266404
2,2024-01-01 00:03:00,0.20112491312954536,3.056730053887009,41.69090157571534
2,2024-01-01 00:04:00,0.19077420841602127,2.9865542046930953,40.26455623786428
2,2024-01-01 00:05:00,0.23240165453166403,2.9713219607673893,40.70330944634283
2,2024-01-01 00:06:00,0.2145204511582518,2.9801425800080232,41.1317335220633
2,2024-01-01 00:07:00,0.1573449226047134,3.0794333785553936,40.859367790441766
2,2024-01-01 00:08:00,0.2201089135542951,3.0075416048623866,41.29038845380915
2,2024-01-01 00:09:00,0.2444683744600352,3.0620332983245953,42.06925571230208
2,2024-01-01 00:10:00,0.1653370651094204,3.1401963176725385,41.58889475251059
2,2024-01-01 00:11:00,0.21073648289003463,2.965111924550668,41.7119854471025
2,2024-01-01 00:12:00,0.15429275661636574,2.9440223796835383,41.94040520227747
2,2024-01-01 00:13:00,0.2332904101636885,3.0208634731034127,42.054723364281855
2,2024-01-01 00:14:00,0.21738204677113945,3.078102235809092,41.85446111319898
2,2024-01-01 00:15:00,0.21645868220950037,3.0877234177043893,40.73378759736724
2,2024-01-01 00:16:00,0.1536530072205247,3.0093270220338177,41.84530270306608
2,2024-01-01 00:17:00,0.15401026802070258,3.0413088535676387,42.271872925642896
2,2024-01-01 00:18:00,0.20932980791811545,3.0858800464614644,43.7661322950284
2,2024-01-01 00:19:00,0.21370330124595185,2.976119880926731,44.4866459250076
2,2024-01-01 00:20:00,0.20450230428137836,3.2167622109711402,43.07457619929215
2,2024-01-01 00:21:00,0.19342717757387248,3.13055417116848,42.91793525876303
2,2024-01-01 00:22:00,0.26453485501829993,3.1935944057686583,41.46841588842596
2,2024-01-01 00:23:00,0.238412461897512,2.919617580461825,44.43565479797822
2,2024-01-01 00:24:00,0.2524712167236796,2.870422749132683,43.187565167689314
2,2024-01-01 00:25:00,0.17591262413509628,2.922871555251818,46.15771070837353
2,2024-01-01 00:26:00,0.2550217014104893,3.032515398125838,45.32927827458511
2,2024-01-01 00:27:00,0.22366603910279031,3.072999540384183,45.89184902415908
2,2024-01-01 00:28:00,0.20700442384523693,2.9823249012988784,43.85281186688003
2,2024-01-01 00:29:00,0.2398995815416026,3.165010671042973,43.512101983479795
2,2024-01-01 00:30:00,0.1828946925193515,3.3498285629919673,43.97292853422116
2,2024-01-01 00:31:00,0.23836516784845477,3.0408236978543424,44.17143952741133
2,2024-01-01 00:32:00,0.26301886183281475,3.1657625771837536,45.368688557991284
2,2024-01-01 00:33:00,0.22481441226646334,3.090419680869712,45.223898114220816
2,2024-01-01 00:34:00,0.24512496707594608,3.3393745421572953,44.495781228283995
2,2024-01-01 00:35:00,0.24920432446269175,3.258511014582996,46.463030551855994
2,2024-01-01 00:36:00,0.17985403203485695,3.0735757800340058,45.37996446411097
2,2024-01-01 00:37:00,0.22065126402864102,3.0951467102686414,45.48556188930811
2,2024-01-01 00:38:00,0.22944092452254458,3.1569485058623616,46.031756427331786
2,2024-01-01 00:39:00,0.182494942672441,2.989658693814591,46.429882047399204
2,2024-01-01 00:40:00,0.23918530237527086,3.1761525510650848,46.54630237389172
2,2024-01-01 00:41:00,0.22662381793943143,3.189141118574411,47.09945964859172
2,2024-01-01 00:42:00,0.21518522432233558,3.0889972267362067,45.86173293966919
2,2024-01-01 00:43:00,0.22422416803573922,3.2348484289369845,45.72262358723924
2,2024-01-01 00:44:00,0.21142306653289358,3.3376103839031392,46.22182914033036
2,2024-01-01 00:45:00,0.2575389569225216,3.1674160301044187,47.40417103775869
2,2024-01-01 00:46:00,0.23274226607842644,3.1334528631291794,46.54774587369284
2,2024-01-01 00:47:00,0.2231636616876157,3.2444851109641566,46.90070316726304
2,2024-01-01 00:48:00,0.23323329434759626,3.2714994909474515,46.56319582303444
2,2024-01-01 00:49:00,0.27069443984439245,3.2340983429550274,48.14454564220471
2,2024-01-01 00:50:00,0.2510804881062465,3.155863606140586,49.73841167205304
2,2024-01-01 00:51:00,0.2391806625460083,3.1754886766036363,46.06269802694224
2,2024-01-01 00:52:00,0.2619223674313311,3.0898170487471233,47.531295849101596
2,2024-01-01 00:53:00,0.2876682523744084,3.1460906075298554,47.69191748134378
2,2024-01-01 00:54:00,0.21576762007424755,3.249654032961412,49.066881450250605
2,2024-01-01 00:55:00,0.27176430668004325,3.1746365095509392,48.43935102932365
2,2024-01-01 00:56:00,0.25892394612454717,3.2096079110435043,47.85509810800492
2,2024-01-01 00:57:00,0.2684006427476914,3.0869070621729406,49.22616796904709
2,2024-01-01 00:58:00,0.2791453971721167,3.2983680637913766,47.731024219612294
2,2024-01-01 00:59:00,0.30681945663588583,3.2398258603767003,48.1137838145322
2,2024-01-01 01:00:00,0.19297031592815905,3.370635384303933,47.15620075062098
2,2024-01-01 01:01:00,0.31908057580774896,3.2616248552326006,49.01130224508793
2,2024-01-01 01:02:00,0.31488776285873665,3.286501646869447,48.65435230415948
2,2024-01-01 01:03:00,0.2993881708663846,3.2291663152235373,48.56241341977321
2,2024-01-01 01:04:00,0.313313359063611,3.1006039089572885,50.563880765061306
2,2024-01-01 01:05:00,0.23737390085541918,3.2495275062941027,51.07991292869421
2,2024-01-01 01:06:00,0.24776880542528304,3.203502794167818,51.260179041893494
2,2024-01-01 01:07:00,0.2727619152999745,3.225751067058371,49.556239618603755
2,2024-01-01 01:08:00,0.27338752638138186,3.320216786693019,49.95398765851749
2,2024-01-01 01:09:00,0.27724108629699656,3.1882415481091932,51.75688604994264
2,2024-01-01 01:10:00,0.31194528442546915,3.2078466437550985,49.436451043038815
2,2024-01-01 01:11:00,0.2372852656545526,3.226295359803302,51.33763364829999
2,2024-01-01 01:12:00,0.32869239591759414,3.3356390893129824,52.77175050370525
2,2024-01-01 01:13:00,0.26515840696571563,3.441471781810541,52.65439936375882
2,2024-01-01 01:14:00,0.2662769054818864,3.3154758848212302,51.80782275300204
2,2024-01-01 01:15:00,0.3073628342716419,3.568424959095376,51.330761187291806
2,2024-01-01 01:16:00,0.2723145333341203,3.377269420799304,53.00672475129575
2,2024-01-01 01:17:00,0.2611961976533435,3.28431433017707,54.14018906661724
2,2024-01-01 01:18:00,0.3080519185924403,3.3818771432445978,51.48819970604925
2,2024-01-01 01:19:00,0.281226859878925,3.381517260025994,51.81594490032463
2,2024-01-01 01:20:00,0.28405149822337555,3.4410293864015955,53.153431352542675
2,2024-01-01 01:21:00,0.32486881039336096,3.617056564654331,52.250591684815234
2,2024-01-01 01:22:00,0.35084605955363257,3.553359350249285,53.26049262686597
2,2024-01-01 01:23:00,0.2893828108293679,3.455317636473115,54.59708785568438
2,2024-01-01 01:24:00,0.3456429066955523,3.572585665761554,51.15153234558304
2,2024-01-01 01:25:00,0.3338547823812424,3.589930978006233,53.9998486944926
2,2024-01-01 01:26:00,0.3114033995459346,3.6024724191492408,53.356018615758494
2,2024-01-01 01:27:00,0.328612062045115,3.412737816045866,54.17971618572169
2,2024-01-01 01:28:00,0.37910116958635415,3.642362910571251,55.83153754689907
2,2024-01-01 01:29:00,0.3363412367211348,3.5299938464863088,53.208901030288864
2,2024-01-01 01:30:00,0.33467181199114593,3.456060679635262,52.67688116222262
2,2024-01-01 01:31:00,0.3241639739029322,3.372467851928731,54.78487233413318
2,2024-01-01 01:32:00,0.35761205890719316,3.345972917690816,55.672786197355
2,2024-01-01 01:33:00,0.3750259920203601,3.516725755280382,54.10882083295472
2,2024-01-01 01:34:00,0.4160367179244818,3.500523229762852,53.3946496735739
2,2024-01-01 01:35:00,0.38655242696192205,3.6263486460669925,55.15156396918031
2,2024-01-01 01:36:00,0.3599682773153129,3.530281330356763,55.389871956688644
2,2024-01-01 01:37:00,0.38533634927507787,3.573280576940886,53.82917915032988
2,2024-01-01 01:38:00,0.4124011306335361,3.6033073775508804,56.344414201463664
2,2024-01-01 01:39:00,0.34494724244802527,3.517085177362007,55.71158259433501
2,2024-01-01 01:40:00,0.3742799319308095,3.5475356757511207,54.460666041159904
2,2024-01-01 01:41:00,0.36943886848155366,3.520606860328374,56.04779073655254
2,2024-01-01 01:42:00,0.34220524662675755,3.7815768665772764,56.75239468772129
2,2024-01-01 01:43:00,0.3790831332161375,3.627209172359693,53.71895875964631
2,2024-01-01 01:44:00,0.34122792239185246,3.4802822936862454,56.08386625147931
2,2024-01-01 01:45:00,0.4040339911129673,3.5399811393060276,58.824197816096984
2,2024-01-01 01:46:00,0.43207758717771183,3.5850744476103573,58.21750806317507
2,2024-01-01 01:47:00,0.4215878703711366,3.680033182475823,57.6030652038325
2,2024-01-01 01:48:00,0.3942103495100493,3.6792469462572748,58.51380564776383
2,2024-01-01 01:49:00,0.37039175101048266,3.700063135166113,55.6499809443498
2,2024-01-01 01:50:00,0.3575197960298984,3.534577598918036,59.21912313744651
2,2024-01-01 01:51:00,0.4228382613941142,3.907252240219607,57.37838920706765
2,2024-01-01 01:52:00,0.4269385552190631,3.7808847004167365,58.788818859453826
2,2024-01-01 01:53:00,0.3792588451398981,3.689794891356356,57.999336925848446
2,2024-01-01 01:54:00,0.3976647225493091,3.6495404912444807,58.46225716092135
2,2024-01-01 01:55:00,0.46031264767801117,3.5877582483064896,58.738122502502314
2,2024-01-01 01:56:00,0.4466246733922618,3.8574260973306993,59.0274737954716
2,2024-01-01 01:57:00,0.4791978280651366,3.819559496622116,59.22071628564982
2,2024-01-01 01:58:00,0.4175656222809504,3.631756641209567,60.38050626669844
2,2024-01-01 01:59:00,0.45492702511593547,3.6873505286773,59.39600227905838
2,2024-01-01 02:00:00,0.42217501616430564,3.6417926315765627,60.438717601219615
2,2024-01-01 02:01:00,0.4709185810669629,3.845867263487136,59.00910902259989
2,2024-01-01 02:02:00,0.3804903199857811,3.8873078062652433,59.96129535065309
2,2024-01-01 02:03:00,0.46582120738793537,3.7412963495211935,59.9202074057876
2,2024-01-01 02:04:00,0.4818283761501556,3.7154660603767846,60.5302697603722
2,2024-01-01 02:05:00,0.429526929302923,3.667334165255201,59.80148255091649
2,2024-01-01 02:06:00,0.47303552887016587,3.8947407456305245,58.20918740311012
2,2024-01-01 02:07:00,0.4732405110444993,3.930631158260736,58.33906247858292
2,2024-01-01 02:08:00,0.46218529452228857,3.7190110802966374,58.16903133922311
2,2024-01-01 02:09:00,0.4755924735180271,3.8153084308192997,62.75947715771546
2,2024-01-01 02:10:00,0.4827803331656156,3.873289364267351,61.028039497280446
2,2024-01-01 02:11:00,0.4267385835918687,3.9579323340684147,62.65473737480498
2,2024-01-01 02:12:00,0.5148822688214012,3.7907452467506624,62.95252122559832
2,2024-01-01 02:13:00,0.4946923273395893,3.8071464417505725,61.61757122372419
2,2024-01-01 02:14:00,0.47856632989688613,3.6781303501454317,60.54585344146839
2,2024-01-01 02:15:00,0.5382831199769734,3.7896936651785214,61.46559201662105
2,2024-01-01 02:16:00,0.5207407892892312,3.9138098379485613,60.987398662745
2,2024-01-01 02:17:00,0.5350899730615947,4.074733977002058,62.62043223161137
2,2024-01-01 02:18:00,0.46883079499622904,3.836229233526546,62.17177310838615
2,2024-01-01 02:19:00,0.5165820016867847,3.8919141828153645,62.81749876648665
2,2024-01-01 02:20:00,0.48953554515085423,3.905991063905104,61.45835814493508
2,2024-01-01 02:21:00,0.5437623004000888,3.901872873389179,63.45600120006531
2,2024-01-01 02:22:00,0.5409236570183591,4.048717943847379,62.9705032824573
2,2024-01-01 02:23:00,0.5447110048857868,3.8914240807034095,61.72024625344931
2,2024-01-01 02:24:00,0.5860884357957066,3.9334665820750465,62.05535688851461
2,2024-01-01 02:25:00,0.5799036065648002,4.1345809672956095,61.14348695639103
2,2024-01-01 02:26:00,0.5732100014037612,4.061326650425102,62.00854777476962
2,2024-01-01 02:27:00,0.54246046277109,3.9279352467686537,63.35381580407569
2,2024-01-01 02:28:00,0.5416232994624467,4.090814760594479,62.42098672738681
2,2024-01-01 02:29:00,0.5727382536833451,4.030096103771419,63.33417576236241
2,2024-01-01 02:30:00,0.6219258196921695,4.084454054413943,62.73451757554924
2,2024-01-01 02:31:00,0.5612109927770339,3.975926146330403,63.062529933687635
2,2024-01-01 02:32:00,0.5360897173605457,4.05247013713838,64.28884614576893
2,2024-01-01 02:33:00,0.6141960574326971,4.083389676750843,65.83513140963171
2,2024-01-01 02:34:00,0.599314037889957,4.1144335196877,63.91507397328178
2,2024-01-01 02:35:00,0.6098827822206447,4.09650237926031,66.04476719603502
2,2024-01-01 02:36:00,0.611389685751612,4.083879468577791,64.92154282642386
2,2024-01-01 02:37:00,0.6335411053263101,4.2381644482625935,64.59256834131018
2,2024-01-01 02:38:00,0.6007546159508925,4.142353699946822,63.93426167814401
2,2024-01-01 02:39:00,0.6273153105771496,3.9925573533539906,65.4674816501664
2,2024-01-01 02:40:00,0.6373236188904686,4.203840755846503,66.87516735550992
2,2024-01-01 02:41:00,0.610050525156322,4.0738499652495355,66.75232885788971
2,2024-01-01 02:42:00,0.6137390415298232,4.278606475038308,65.65145177821434
2,2024-01-01 02:43:00,0.6707784512496472,4.305026063841082,66.53677836107606
2,2024-01-01 02:44:00,0.6725269238114316,4.228262505399612,66.92922522449297
2,2024-01-01 02:45:00,0.6196356156870976,4.29072355956972,66.21791072268891
2,2024-01-01 02:46:00,0.7004054720241305,4.386812033515158,65.52407540773522
2,2024-01-01 02:47:00,0.6419947011824291,4.306976090792686,65.6237268558589
2,2024-01-01 02:48:00,0.7187739111701241,4.162290970135007,66.48024198379704
2,2024-01-01 02:49:00,0.6944675911494648,4.365234142844955,67.45900064681467
2,2024-01-01 02:50:00,0.6881357561089948,4.331685550242065,66.29444355487713
2,2024-01-01 02:51:00,0.6896001383177991,4.332559645326133,68.31258575905298
2,2024-01-01 02:52:00,0.7307454157790312,4.256866720443186,66.60597679141328
2,2024-01-01 02:53:00,0.7039137495414857,4.376307777409293,66.4347279502996
2,2024-01-01 02:54:00,0.6715216716824136,4.379451902192767,66.08866289146148
2,2024-01-01 02:55:00,0.69249588940088,4.417753725070219,67.81609378966294
2,2024-01-01 02:56:00,0.6459860613828282,4.465549107017079,67.61244585487587
2,2024-01-01 02:57:00,0.7288174002291111,4.240502445128383,68.27058236782274
2,2024-01-01 02:58:00,0.7706487236718994,4.475262280172597,70.38087060375048
2,2024-01-01 02:59:00,0.7240758759069265,4.442279176441503,69.89197262181385
2,2024-01-01 03:00:00,0.7135305591975061,4.4746652705636825,68.3274140014193
2,2024-01-01 03:01:00,0.7852014217576555,4.585609759927434,68.6314193103834
2,2024-01-01 03:02:00,0.7405562393076179,4.36711949197072,68.15116558021568
2,2024-01-01 03:03:00,0.8161907341962165,4.468299208750328,69.06843964884584
2,2024-01-01 03:04:00,0.7872476699019009,4.544937734717481,68.72705187727931
2,2024-01-01 03:05:00,0.741915660267958,4.37182242144124,69.08247122413877
2,2024-01-01 03:06:00,0.7987323894557777,4.57331265755335,68.62934124880188
2,2024-01-01 03:07:00,0.8303731181137485,4.311240164621019,69.05367985931906
2,2024-01-01 03:08:00,0.7625371866223399,4.339335862082371,69.16780544532959
2,2024-01-01 03:09:00,0.7996427585185081,4.589679366869985,70.98741751364348
3,2024-01-01 00:00:00,0.16955522276796678,2.922554103122917,40.917221542115854
3,2024-01-01 00:01:00,0.18194391273570942,3.010990746733514,40.087187901568576
3,2024-01-01 00:02:00,0.2276977253070985,3.014805591313025,41.16518831215199
3,2024-01-01 00:03:00,0.21394924940322232,2.9413356593773727,38.60578092938779
3,2024-01-01 00:04:00,0.22793579030054267,2.921717409370273,40.173734770073544
3,2024-01-01 00:05:00,0.19636966814027013,2.856563969078375,41.670559369947064
3,2024-01-01 00:06:00,0.1918291040264026,3.1569628771379286,40.702129666551436
3,2024-01-01 00:07:00,0.14072036454906686,2.9120204004276182,40.92316010190434
3,2024-01-01 00:08:00,0.16650756116927376,3.145936499734048,40.72338424196036
3,2024-01-01 00:09:00,0.20253531863857138,2.966751498708206,42.447456306444046
3,2024-01-01 00:10:00,0.22612355090645372,2.92956301412561,41.73982204626264
3,2024-01-01 00:11:00,0.21761342052269808,3.080494453070919,41.63056073771381
3,2024-01-01 00:12:00,0.19814978219928728,2.957666671944244,42.37382377610852
3,2024-01-01 00:13:00,0.19419060300527913,3.0802833918924275,42.463224929117935
3,2024-01-01 00:14:00,0.2092335842454206,2.992912008502563,42.2318178156683
3,2024-01-01 00:15:00,0.20546671265169947,3.0770915806199888,43.71049303545239
3,2024-01-01 00:16:00,0.24568666130617953,2.935183328006899,42.24740477405319
3,2024-01-01 00:17:00,0.20840117429777946,3.118183622168357,42.730004124891025
3,2024-01-01 00:18:00,0.16005596432934732,3.086983342656187,41.953201292800955
3,2024-01-01 00:19:00,0.16682972784252165,2.9494469741609675,42.890499842390746
3,2024-01-01 00:20:00,0.2511101173870139,3.309017635054314,44.47237690836076
3,2024-01-01 00:21:00,0.17098112550561,3.102132256108849,42.38558855205741
3,2024-01-01 00:22:00,0.2296472016975149,3.2806443992992165,42.03948409743846
3,2024-01-01 00:23:00,0.19928517149401442,3.215182178331031,44.31406733512751
3,2024-01-01 00:24:00,0.20289541686339882,3.0399078295203448,43.31277230930478
3,2024-01-01 00:25:00,0.20464373101398883,3.0212766026598765,43.70177343573901
3,2024-01-01 00:26:00,0.24601654878377596,3.025945342394159,43.704886696306666
3,2024-01-01 00:27:00,0.20432476733303018,2.887149443108606,43.9733524931603
3,2024-01-01 00:28:00,0.20987320257973419,3.0045020029679885,44.88899222198498
3,2024-01-01 00:29:00,0.16573917170523417,3.1027662123271966,43.343568117093035
3,2024-01-01 00:30:00,0.21868222422697975,3.234759106182408,43.31514899281759
3,2024-01-01 00:31:00,0.22925875301999268,3.009028376175612,44.55612198319155
3,2024-01-01 00:32:00,0.2213755508515663,3.1787207992308475,43.00894492593478
3,2024-01-01 00:33:00,0.257039513572247,2.969531679280862,43.38656184857346
3,2024-01-01 00:34:00,0.2176869453771348,3.040500171861566,46.77052930217778
3,2024-01-01 00:35:00,0.22595804409777173,3.0577735952404566,45.80554525313833
3,2024-01-01 00:36:00,0.2674284930891105,3.145187636741681,45.18225122043868
3,2024-01-01 00:37:00,0.1724853361535751,3.158268873979598,46.5745453974969
3,2024-01-01 00:38:00,0.20635112713998346,3.2133651206667984,44.44017000068409
3,2024-01-01 00:39:00,0.263878512560578,3.1988685184476804,45.309396876614144
3,2024-01-01 00:40:00,0.2502732235617585,3.150815574324917,46.39268437865515
3,2024-01-01 00:41:00,0.24366408787645674,3.1703084761200624,46.80413321989293
3,2024-01-01 00:42:00,0.24944327958038406,3.2949568507424307,46.570609154520085
3,2024-01-01 00:43:00,0.23545455284167802,3.089900832677648,43.66068426923486
3,2024-01-01 00:44:00,0.27579703525200366,3.223413144230069,45.37807172848927
3,2024-01-01 00:45:00,0.23941617006233576,2.9701293198160084,46.96745270774148
3,2024-01-01 00:46:00,0.23654142737804182,3.1971364437024805,46.27866389156858
3,2024-01-01 00:47:00,0.2354039303421125,3.1127926678210116,49.319077774605326
3,2024-01-01 00:48:00,0.2377385813884051,3.166544047194588,47.849635224044015
3,2024-01-01 00:49:00,0.1985873735873583,3.275518991667558,47.62538957292636
3,2024-01-01 00:50:00,0.257791049622066,3.193251762387301,46.09458890779174
3,2024-01-01 00:51:00,0.23215836863738776,3.2706361873685177,47.32047249116632
3,2024-01-01 00:52:00,0.2921574529358122,3.3348764815138403,47.741203964218954
3,2024-01-01 00:53:00,0.2366866619178503,3.2318439711281273,48.772014399358575
3,2024-01-01 00:54:00,0.2530676372826662,3.3155247694167147,48.66959263556117
3,2024-01-01 00:55:00,0.24934980375352053,3.1713016891149337,48.96568150221225
3,2024-01-01 00:56:00,0.22472441320707745,3.2087244916753117,47.15301106111308
3,2024-01-01 00:57:00,0.2748223518969753,3.1629213467928046,49.633305544452476
3,2024-01-01 00:58:00,0.3038050157256763,3.3251685303492344,46.984953863077344
3,2024-01-01 00:59:00,0.24783238607292654,3.2680166325197386,47.973700822949226
3,2024-01-01 01:00:00,0.24091167193539595,3.181669601876189,49.0846172887918
3,2024-01-01 01:01:00,0.24095324309792457,3.253693898414574,48.64818533134378
3,2024-01-01 01:02:00,0.1965390544430833,3.3482658384550446,47.9362708343873
3,2024-01-01 01:03:00,0.24970905983092148,3.246111813693638,48.26498863593533
3,2024-01-01 01:04:00,0.26433467720806036,3.1611221940958982,47.68251490792019
3,2024-01-01 01:05:00,0.2902364877554085,3.275230391691998,49.90697463900719
3,2024-01-01 01:06:00,0.28921193519307775,3.070052914464076,50.779799614272925
3,2024-01-01 01:07:00,0.24976002013044957,3.3511029582304537,49.563068035060176
3,2024-01-01 01:08:00,0.2558225290916946,3.238255372226572,49.40734349267888
3,2024-01-01 01:09:00,0.2997443411210959,3.239664773293085,48.47960014845659
3,2024-01-01 01:10:00,0.2627509647446184,3.380418278777512,51.009355770406025
3,2024-01-01 01:11:00,0.2546094318546688,3.1626301115096562,52.45168894862411
3,2024-01-01 01:12:00,0.31366904460728856,3.50019845940113,48.58715958024849
3,2024-01-01 01:13:00,0.30503197089909295,3.2638507842104336,49.46541321569155
3,2024-01-01 01:14:00,0.2765068010905059,3.265980180909118,49.99348388053278
3,2024-01-01 01:15:00,0.2601961070400128,3.426901632424991,50.25298978262521
3,2024-01-01 01:16:00,0.21974714071851673,3.4021658726489115,51.18888441168195
3,2024-01-01 01:17:00,0.29991651497197547,3.5829795229908585,52.720018778049464
3,2024-01-01 01:18:00,0.2574839083234346,3.323338896715732,52.2585972868601
3,2024-01-01 01:19:00,0.22767036960743425,3.3390642385997213,51.92182815200509
3,2024-01-01 01:20:00,0.3363020122701747,3.2098609056263916,50.81453283440294
3,2024-01-01 01:21:00,0.3104292334344387,3.3313118062628866,50.563064074011855
3,2024-01-01 01:22:00,0.2590804938514615,3.2991501043980174,51.03014777061678
3,2024-01-01 01:23:00,0.2591069747834116,3.333229147312652,53.519220647532585
3,2024-01-01 01:24:00,0.32398388305094744,3.210540852095001,52.05364131392671
3,2024-01-01 01:25:00,0.27385966108972276,3.5579150815572804,51.81277913095276
3,2024-01-01 01:26:00,0.34145476229802585,3.257129352414197,52.22009042359616
3,2024-01-01 01:27:00,0.3234632690237551,3.1255452359826537,53.372695142715386
3,2024-01-01 01:28:00,0.32349434532114674,3.293939095811,51.379458017757905
3,2024-01-01 01:29:00,0.32199201011813317,3.3594535827106355,54.25141259746089
3,2024-01-01 01:30:00,0.31807710604237416,3.3119778843225416,53.13724548771553
3,2024-01-01 01:31:00,0.3412590859753133,3.5438989285447855,52.908656021704275
3,2024-01-01 01:32:00,0.30375924592926556,3.4274592537896327,53.71207688297751
3,2024-01-01 01:33:00,0.3225258594988895,3.4509954283723325,53.631858611591475
3,2024-01-01 01:34:00,0.3450990781036887,3.5167486289648875,53.21349585122493
3,2024-01-01 01:35:00,0.342051488894862,3.491601970743262,53.44921240488147
3,2024-01-01 01:36:00,0.2919610467295142,3.5681871900815905,52.97729129928789
3,2024-01-01 01:37:00,0.31547495110513246,3.3667507231153357,54.646775366243915
3,2024-01-01 01:38:00,0.3407756732099119,3.4303527645887666,53.602621575204225
3,2024-01-01 01:39:00,0.32368319038560783,3.55914526869827,53.32258773141387
3,2024-01-01 01:40:00,0.3919231887818627,3.2465747787542236,54.58894044573046
3,2024-01-01 01:41:00,0.32967637309228787,3.370030950403521,55.89644897505325
3,2024-01-01 01:42:00,0.3394196891762496,3.5652051113047305,54.66319383775865
3,2024-01-01 01:43:00,0.370212158303899,3.474674607339208,54.24766797381754
3,2024-01-01 01:44:00,0.35991598229704747,3.62394084090088,55.40389602083597
3,2024-01-01 01:45:00,0.34854025001166755,3.6189154648371304,57.08094323163332
3,2024-01-01 01:46:00,0.3331298982755895,3.425892095067069,53.83655600902979
3,2024-01-01 01:47:00,0.3678240829645066,3.5941074653914606,55.8148950954776
3,2024-01-01 01:48:00,0.3929332482409376,3.6813881707778493,55.78200970215494
3,2024-01-01 01:49:00,0.37914264222590544,3.5837745407090154,56.88268764971296
3,2024-01-01 01:50:00,0.34446144701903825,3.4791332489980817,56.85629378906946
3,2024-01-01 01:51:00,0.4229751052181771,3.6727031242859303,55.82290627280561
3,2024-01-01 01:52:00,0.3305671603403434,3.6562265718789457,54.469328898421274
3,2024-01-01 01:53:00,0.3296043050062714,3.6549006231902808,57.104640690973184
3,2024-01-01 01:54:00,0.40904970489939735,3.680224139138697,55.60711500211621
3,2024-01-01 01:55:00,0.3901840531154772,3.317194792986809,55.63979805058128
3,2024-01-01 01:56:00,0.3701274696463817,3.7128106355416923,57.879119811460356
3,2024-01-01 01:57:00,0.35688662817334016,3.8136256810578977,55.96414962236135
3,2024-01-01 01:58:00,0.46272680582929654,3.6846066390456227,58.422075509331016
3,2024-01-01 01:59:00,0.39990233415282894,3.668380506605324,57.499306259866856
3,2024-01-01 02:00:00,0.4157301771372075,3.726950668090562,57.62681070777859
3,2024-01-01 02:01:00,0.412582965639039,3.699362776793794,57.75918785742867
3,2024-01-01 02:02:00,0.41946065885027795,3.738985877384632,55.95773022041205
3,2024-01-01 02:03:00,0.4260169980169276,3.6822563261280714,55.96399599903804
3,2024-01-01 02:04:00,0.4352123652630605,3.6137740303337655,58.10016843840407
3,2024-01-01 02:05:00,0.4054361904032154,3.5983812124166574,58.59685351307258
3,2024-01-01 02:06:00,0.4114245569774921,3.6073968218469843,58.25568795523313
3,2024-01-01 02:07:00,0.3714518231456827,3.5783476604133915,57.495773175288164
3,2024-01-01 02:08:00,0.40380980271619643,3.617346913254461,58.480460565420664
3,2024-01-01 02:09:00,0.43891648300582753,3.908750073706719,58.52373507762374
3,2024-01-01 02:10:00,0.4657257012650807,3.816568392967588,57.79284190172459
3,2024-01-01 02:11:00,0.45596582336525004,3.687224344956274,59.908202923342934
3,2024-01-01 02:12:00,0.43142124151798167,3.7192888380510016,57.308185476911454
3,2024-01-01 02:13:00,0.40742193541851046,3.778217525615648,59.77143471449981
3,2024-01-01 02:14:00,0.36569919605137824,3.7100734533563995,59.71124648213433
3,2024-01-01 02:15:00,0.4873025739771518,3.791078222939107,60.48086570096556
3,2024-01-01 02:16:00,0.4388320061443405,3.8708178088517267,58.61007274303576
3,2024-01-01 02:17:00,0.4468409832458309,3.7982461375835865,59.861022531283595
3,2024-01-01 02:18:00,0.468055946847893,3.8442170415371506,62.07501110316433
3,2024-01-01 02:19:00,0.425783457453983,3.908091601693826,60.71015121207663
3,2024-01-01 02:20:00,0.4613260612238729,3.801088061753454,60.292888901036655
3,2024-01-01 02:21:00,0.536420689558188,3.8656707821676,60.87569973565267
3,2024-01-01 02:22:00,0.49480288034666936,3.8151760305700955,60.566946073149346
3,2024-01-01 02:23:00,0.4943712246954037,3.85221444178006,62.81589801323984
3,2024-01-01 02:24:00,0.4400991301575886,3.831579202227157,61.752866965019955
3,2024-01-01 02:25:00,0.5588899725179526,3.8201813953350507,60.82784658423104
3,2024-01-01 02:26:00,0.4529337562915056,3.8994868619746343,61.310023739076826
3,2024-01-01 02:27:00,0.5573507707698409,3.9478485414309272,60.81112508084207
3,2024-01-01 02:28:00,0.4403205088934783,3.9149337190602393,62.55600397256415
3,2024-01-01 02:29:00,0.5500520504398392,3.9593160616637957,60.0842798439936
3,2024-01-01 02:30:00,0.5605793499634978,3.8448210023215528,60.0298768547544
3,2024-01-01 02:31:00,0.49147981955543124,3.807442096196507,63.23756090352215
3,2024-01-01 02:32:00,0.5330916123516185,3.9787519197796697,64.07619671564751
3,2024-01-01 02:33:00,0.5410684630211281,4.015098081104235,62.535612599997286
3,2024-01-01 02:34:00,0.5044877927219958,3.960588360017329,62.3242764027742
3,2024-01-01 02:35:00,0.48971341694416426,4.099729123037895,63.013036921074004
3,2024-01-01 02:36:00,0.497968479705777,4.065048459056284,61.85294647361724
3,2024-01-01 02:37:00,0.5580710380189127,4.251718723517366,62.81547431438299
3,2024-01-01 02:38:00,0.5436558514510451,3.972993778367092,62.827370244317756
3,2024-01-01 02:39:00,0.5336765533204618,3.9026325757595943,63.55925655843767
3,2024-01-01 02:40:00,0.5840326261338104,3.9379763432033905,61.51892454873968
3,2024-01-01 02:41:00,0.5747233612462415,3.964942456765654,62.714119076388506
3,2024-01-01 02:42:00,0.541296917025599,4.078627146870755,64.21038021838545
3,2024-01-01 02:43:00,0.5324319647845079,3.8247783878883843,62.83402155698533
3,2024-01-01 02:44:00,0.588700810740524,4.182030955962685,62.660484778423026
3,2024-01-01 02:45:00,0.5614381424343824,4.035866089326993,65.84014907290388
3,2024-01-01 02:46:00,0.5851322109647025,4.044765482492166,63.980425692487096
3,2024-01-01 02:47:00,0.6340631925516126,3.971188718968524,63.50762032159526
3,2024-01-01 02:48:00,0.6064899655454387,4.0774076979164,62.538398793295116
3,2024-01-01 02:49:00,0.5702257400074029,4.099890381009687,65.10434634628042
3,2024-01-01 02:50:00,0.6056149540377886,4.096136910625145,65.21836692294947
3,2024-01-01 02:51:00,0.5769448747883195,4.15203109110955,64.36470193789161
3,2024-01-01 02:52:00,0.6585367297672191,4.0689844022118935,63.70546211678521
3,2024-01-01 02:53:00,0.5982182810030277,4.048217066528425,64.9273736532807
3,2024-01-01 02:54:00,0.6260960809890903,4.202511004286879,64.26029777867222
3,2024-01-01 02:55:00,0.6339499875954125,4.167452915740068,64.29829102651149
3,2024-01-01 02:56:00,0.6343633128677792,4.18724060410656,65.28140263315368
3,2024-01-01 02:57:00,0.575724855310401,4.283389820713665,64.4774557551861
3,2024-01-01 02:58:00,0.5960119538793168,4.085223441312215,65.91972587832937
3,2024-01-01 02:59:00,0.6307850760524539,4.111976729074892,66.4253002017141
3,2024-01-01 03:00:00,0.6589172745265731,4.333271664809568,65.12190601436528
3,2024-01-01 03:01:00,0.6502074149915452,4.069338241489222,64.73752413543083
3,2024-01-01 03:02:00,0.6306605758054695,4.096790115402098,67.8112795989558
3,2024-01-01 03:03:00,0.6239842156926213,4.319650064524417,65.45396053327357
3,2024-01-01 03:04:00,0.6574799008839548,4.271844174503959,65.87851883335921
3,2024-01-01 03:05:00,0.6605897645175967,4.268735289992498,66.89570947512219
3,2024-01-01 03:06:00,0.6951742949112147,4.259261628726665,67.42629244944538
3,2024-01-01 03:07:00,0.6751725393305167,4.2817973155354885,66.7148369524642
3,2024-01-01 03:08:00,0.708243951586371,4.279729765082185,67.57617894308586
3,2024-01-01 03:09:00,0.6775515941864945,4.4347830139170314,66.85862922671899
3,2024-01-01 03:10:00,0.6929684592726844,4.269748976821707,66.43267548902178
3,2024-01-01 03:11:00,0.6954896367172304,4.303778689159106,68.97439378386396
3,2024-01-01 03:12:00,0.6877715945432332,4.509740312134,70.18074930663882
3,2024-01-01 03:13:00,0.7353354753734853,4.343452855614815,69.53250799455263
3,2024-01-01 03:14:00,0.6975410845842062,4.5743369729323655,68.12257586992268
3,2024-01-01 03:15:00,0.7116945047008814,4.351097737549149,69.95843536181567
3,2024-01-01 03:16:00,0.7305726828109034,4.508824435543518,68.62493428495476
3,2024-01-01 03:17:00,0.6992951413863866,4.217062550490052,67.93617526805832
3,2024-01-01 03:18:00,0.733946477877604,4.408502136727961,69.02407188207428
3,2024-01-01 03:19:00,0.727861068083456,4.245257722399703,68.6075305705119
3,2024-01-01 03:20:00,0.7430891020361835,4.498744482137748,67.86303566240814
3,2024-01-01 03:21:00,0.7584970933518199,4.3036327607675275,68.0920626439526
3,2024-01-01 03:22:00,0.7418864670454252,4.463943440838351,69.9366671233559
3,2024-01-01 03:23:00,0.7648982813391173,4.4180202272858695,67.43231417218149
3,2024-01-01 03:24:00,0.8164050329847666,4.341119147462597,70.02721366351962
3,2024-01-01 03:25:00,0.7820431660334306,4.305729375595469,67.93772408955925
3,2024-01-01 03:26:00,0.8228748770248964,4.427313428189734,67.59036201663604
3,2024-01-01 03:27:00,0.8046394708341673,4.663258648905725,68.01692262701073
3,2024-01-01 03:28:00,0.8232248182945645,4.4706514945110625,71.96676397193474
4,2024-01-01 00:00:00,0.19411298105169375,2.902140156279473,39.57474639128745
4,2024-01-01 00:01:00,0.207687721141061,3.0663024706669963,41.72162469723331
4,2024-01-01 00:02:00,0.19369043459450344,2.9974409103570143,40.795353057377056
4,2024-01-01 00:03:00,0.19356686556347988,2.939388259494623,39.41275779553522
4,2024-01-01 00:04:00,0.1851594421124313,3.08934961645645,40.76906035493365
4,2024-01-01 00:05:00,0.2146321908139118,2.938115779824875,40.16893617725525
4,2024-01-01 00:06:00,0.197845365484799,2.947956344250105,41.66171308294668
4,2024-01-01 00:07:00,0.25201149744725215,3.1441632442036482,41.6256517177448
4,2024-01-01 00:08:00,0.22699073707753345,2.984497061202736,42.34746733842253
4,2024-01-01 00:09:00,0.1738481109818028,3.0530012577454197,42.7273272339662
4,2024-01-01 00:10:00,0.17575009987505374,2.915024868460217,43.411499606110766
4,2024-01-01 00:11:00,0.18316017997867662,3.239902943805531,40.88282883978185
4,2024-01-01 00:12:00,0.1955606448493231,2.9859791143319536,42.36272975832789
4,2024-01-01 00:13:00,0.19918717205641528,3.174376223897758,42.618737703021345
4,2024-01-01 00:14:00,0.22295130213279857,2.98044799937787,42.28905944517029
4,2024-01-01 00:15:00,0.18703299153421601,3.1542994470535213,42.660316310126504
4,2024-01-01 00:16:00,0.1716973062074601,2.947481177922777,42.40247479911592
4,2024-01-01 00:17:00,0.18694922620129195,3.054372064638985,43.54606243625133
4,2024-01-01 00:18:00,0.18303260718298467,3.101433835741271,42.795794745585994
4,2024-01-01 00:19:00,0.1833239360486132,3.0949298083094576,42.91294450765068
4,2024-01-01 00:20:00,0.23118821755983737,3.281856374871789,44.36067436521684
4,2024-01-01 00:21:00,0.2317672218684946,2.9343712947337934,44.1835912523085
4,2024-01-01 00:22:00,0.2587372079016655,3.0614353643913037,42.28731423750996
4,2024-01-01 00:23:00,0.2229104991951629,3.1618574284406415,45.02243915912159
4,2024-01-01 00:24:00,0.19439907023652836,3.235847434504919,43.1081469238373
4,2024-01-01 00:25:00,0.2564418376000763,2.896650682447214,43.97811709426813
4,2024-01-01 00:26:00,0.19243358910115735,3.136263894460718,43.84868953679977
4,2024-01-01 00:27:00,0.16743872814503147,2.9648862154070956,46.05371054877323
4,2024-01-01 00:28:00,0.2938007961037604,2.896978048334262,45.059277015434326
4,2024-01-01 00:29:00,0.22042658346588673,3.2278998080457244,44.94075049671348
4,2024-01-01 00:30:00,0.20572440232419026,3.194805923695628,45.34614222235872
4,2024-01-01 00:31:00,0.21554273233674748,3.206737169801187,46.39233190706412
4,2024-01-01 00:32:00,0.2521463502411766,2.962576992322467,45.548682150443334
4,2024-01-01 00:33:00,0.18178379158525113,3.0965537010011235,44.17990488325013
4,2024-01-01 00:34:00,0.2255040614027661,2.8981313586357507,45.66635750930596
4,2024-01-01 00:35:00,0.2323552625915878,3.149029826279136,46.32246291518816
4,2024-01-01 00:36:00,0.1975850083196588,3.060960226241299,46.718995170201
4,2024-01-01 00:37:00,0.19709914940447168,3.0472785547824035,46.10633795173033
4,2024-01-01 00:38:00,0.2585600714244031,3.1023763990869684,44.16231668117563
4,2024-01-01 00:39:00,0.24755841431233788,2.9715914041352467,47.775592986435974
4,2024-01-01 00:40:00,0.23132563459187705,3.140619564454924,45.42079189926906
4,2024-01-01 00:41:00,0.20795435301593587,3.0519316637064144,47.30572854403817
4,2024-01-01 00:42:00,0.26415427359359295,3.1075880690183553,46.438191999420084
4,2024-01-01 00:43:00,0.2517438291549105,3.038996941485382,47.27977858081678
4,2024-01-01 00:44:00,0.23174707669687425,3.2222894363811974,47.5513799827456
4,2024-01-01 00:45:00,0.26595566260350934,3.169067285428716,47.40439520742479
4,2024-01-01 00:46:00,0.25935453381949297,3.39292425171939,49.0256715859685
4,2024-01-01 00:47:00,0.18438116986116765,3.047949337860109,49.83671873003677
4,2024-01-01 00:48:00,0.229714873437123,3.0667069326052983,48.340968710648795
4,2024-01-01 00:49:00,0.2571956935509194,3.0767175143070165,49.27013153064402
4,2024-01-01 00:50:00,0.2196822623420782,3.199635473629083,49.22527907328282
4,2024-01-01 00:51:00,0.2655470941945234,3.227833847994061,47.42589277857191
4,2024-01-01 00:52:00,0.25907200598837393,3.292946565963176,49.859275216222706
4,2024-01-01 00:53:00,0.2661369588528711,3.072989395367455,50.07697708090067
4,2024-01-01 00:54:00,0.23957267339308239,3.351977928166415,49.99740976139814
4,2024-01-01 00:55:00,0.20093787657828294,3.3562284740993973,49.96265431480906
4,2024-01-01 00:56:00,0.325057677884754,3.2671054254988405,49.19299605778742
4,2024-01-01 00:57:00,0.28178388778500557,3.3247279848786753,48.1898919991078
4,2024-01-01 00:58:00,0.3086512015890028,3.2342128362949194,49.88732370610071
4,2024-01-01 00:59:00,0.26271906900428527,3.127203525043356,50.44652063730846
4,2024-01-01 01:00:00,0.24360267789681922,3.2752077967472175,52.06574570854539
4,2024-01-01 01:01:00,0.2767202799990481,3.199403141752641,51.32575776216565
4,2024-01-01 01:02:00,0.2776861849433203,3.3960275387441548,50.32658009314613
4,2024-01-01 01:03:00,0.2991334071739995,3.2792339052835566,51.523922487805585
4,2024-01-01 01:04:00,0.294337142327018,3.2403840050248522,51.712263892288895
4,2024-01-01 01:05:00,0.23475678788554039,3.442455212846297,50.5586615270132
4,2024-01-01 01:06:00,0.23777474974659932,3.2548982291774036,51.32298885281996
4,2024-01-01 01:07:00,0.253738232573652,3.318204704326531,52.650672216396245
4,2024-01-01 01:08:00,0.19626892029537069,3.3883889541073526,51.85200774163425
4,2024-01-01 01:09:00,0.23765071250846057,3.2949200476472376,53.53145635309769
4,2024-01-01 01:10:00,0.2882583154083169,3.4636023097811046,52.051071909444175
4,2024-01-01 01:11:00,0.29028619141648687,3.461682328876168,54.764285435618035
4,2024-01-01 01:12:00,0.3016602094129956,3.2974420641801605,51.16001881980395
4,2024-01-01 01:13:00,0.27758591801684107,3.4317881255110203,52.41562397380582
4,2024-01-01 01:14:00,0.28514589874383073,3.508860978773282,52.44956468632168
4,2024-01-01 01:15:00,0.3373692483574582,3.4386099402281065,52.552347177196346
4,2024-01-01 01:16:00,0.3205349421704393,3.4764413853118925,53.66316613107976
4,2024-01-01 01:17:00,0.37453229529160464,3.4445822011760825,55.42471642924417
4,2024-01-01 01:18:00,0.34611131450085736,3.563081003320455,51.88870102062247
4,2024-01-01 01:19:00,0.29337219487108607,3.3038490940051854,52.77375645117832
4,2024-01-01 01:20:00,0.2921109369568666,3.382112347162657,54.52489955816535
4,2024-01-01 01:21:00,0.41310544368179347,3.4595647034652974,54.8393466009649
4,2024-01-01 01:22:00,0.33050854889079573,3.4683323306368967,54.809792925725354
4,2024-01-01 01:23:00,0.2851235181074444,3.298510162702669,54.1211567973476
4,2024-01-01 01:24:00,0.34786372765789525,3.308817199214364,53.11683854566248
4,2024-01-01 01:25:00,0.3304768925012914,3.3842960061823,54.80932597151355
4,2024-01-01 01:26:00,0.3151161726965181,3.5284512884543258,51.636484341836045
4,2024-01-01 01:27:00,0.3620374861384712,3.3177557653064866,54.92914671302163
4,2024-01-01 01:28:00,0.39234783232699927,3.470620209435708,53.12585414369566
4,2024-01-01 01:29:00,0.33856459378761383,3.6127278644204335,55.55353522765076
4,2024-01-01 01:30:00,0.33887240935491925,3.7570708289001447,54.396923902555855
4,2024-01-01 01:31:00,0.35589383833055355,3.5035894430359926,54.90646370511718
4,2024-01-01 01:32:00,0.39053406281617736,3.299939583145817,54.85620291105128
4,2024-01-01 01:33:00,0.3660601837229889,3.502162624754189,54.979643018167046
4,2024-01-01 01:34:00,0.42613659140654714,3.615878241214578,56.74128471741884
4,2024-01-01 01:35:00,0.3714633208442242,3.6172091126337014,55.79875987550646
4,2024-01-01 01:36:00,0.33209287198126314,3.7091560746920056,56.20818109411687
4,2024-01-01 01:37:00,0.3736361493862594,3.67390757933875,55.20259462734012
4,2024-01-01 01:38:00,0.3602473166971621,3.6514225756223615,57.35037239068693
4,2024-01-01 01:39:00,0.3982344002645555,3.577488983952095,57.20078415912822
4,2024-01-01 01:40:00,0.370030605262909,3.668132131026473,58.1006433246803
4,2024-01-01 01:41:00,0.409763474669827,3.6710029772040107,57.0208886572646
4,2024-01-01 01:42:00,0.3844232609127409,3.5861777225526668,57.06842464587811
4,2024-01-01 01:43:00,0.3862491992995063,3.701895929823975,56.3006307884791
4,2024-01-01 01:44:00,0.3654232918883079,3.681220175724389,58.06063819171807
4,2024-01-01 01:45:00,0.4146377722294882,3.79702020139828,57.40662537081042
4,2024-01-01 01:46:00,0.43150752863528463,3.720022753135935,58.435060277715976
4,2024-01-01 01:47:00,0.407744009512994,3.792421496082085,56.9276755949529
4,2024-01-01 01:48:00,0.4531018073554002,3.718986609190055,57.97559521663021
4,2024-01-01 01:49:00,0.4716266029808184,3.7333206182430447,58.37020395692995
4,2024-01-01 01:50:00,0.4332657561178925,3.80781663245629,59.113980760767845
4,2024-01-01 01:51:00,0.4189375019805619,3.8353477434982306,59.31235749683082
4,2024-01-01 01:52:00,0.46883688893140296,3.641908305680257,58.817547441552364
4,2024-01-01 01:53:00,0.459722188553065,3.6237524983115175,60.5453606598121
4,2024-01-01 01:54:00,0.40587612746212187,3.675682151642606,58.93711948099808
4,2024-01-01 01:55:00,0.481607285614428,3.6890074710833765,59.07126306037261
4,2024-01-01 01:56:00,0.48939714736402934,3.6318206107529214,60.142888938447356
4,2024-01-01 01:57:00,0.5084315165591722,3.6956675905329504,60.52374811485561
4,2024-01-01 01:58:00,0.5090240846108348,3.8122157811602855,60.64480842064343
4,2024-01-01 01:59:00,0.5166345034634782,3.9327288756484187,61.105474572429735
4,2024-01-01 02:00:00,0.4595230258244876,3.8992085757794954,60.773839016867974
4,2024-01-01 02:01:00,0.5266709822114113,3.807993726784081,61.654557830049754
4,2024-01-01 02:02:00,0.5058711007142946,4.031655424554644,60.719136073584615
4,2024-01-01 02:03:00,0.5067779799954443,3.935788493047241,62.56970941185613
4,2024-01-01 02:04:00,0.48981936559115574,3.8128565037153477,61.037395158179514
4,2024-01-01 02:05:00,0.5168323403880744,3.9058126964088014,63.33519027944019
4,2024-01-01 02:06:00,0.5631104526286715,3.849694322620681,61.36410654192534
4,2024-01-01 02:07:00,0.502881663561719,3.912759761037144,59.7894667603011
4,2024-01-01 02:08:00,0.5131598592150352,3.9824822430743083,60.819076670219715
4,2024-01-01 02:09:00,0.49104739953057147,3.969435429090828,63.289435470613405
4,2024-01-01 02:10:00,0.5296091647542248,3.9711992446613027,62.91975166874091
4,2024-01-01 02:11:00,0.538746069358444,3.9974758719962136,62.26102510326094
4,2024-01-01 02:12:00,0.5429284472041909,3.8912840292634963,62.280624658231936
4,2024-01-01 02:13:00,0.5306378029225798,3.9647799861618944,61.155319373369245
4,2024-01-01 02:14:00,0.5818735149047323,4.290917320883114,63.678772505588796
4,2024-01-01 02:15:00,0.5256589048976289,3.7655156043056293,63.33704040104743
4,2024-01-01 02:16:00,0.5788220964982411,4.0550363525826185,64.27706374915527
4,2024-01-01 02:17:00,0.5851447485632056,4.005733421853208,62.452349884844
4,2024-01-01 02:18:00,0.6231326663439996,4.008589001981817,64.00670795465724
4,2024-01-01 02:19:00,0.6254499797002597,4.180190437183756,63.541481392117575
4,2024-01-01 02:20:00,0.5787422186582091,3.9589925308634486,63.161325453136946
4,2024-01-01 02:21:00,0.5330711765764051,4.036518532078052,65.02397420745584
4,2024-01-01 02:22:00,0.6103138618186437,4.056594280625052,63.450364507531475
4,2024-01-01 02:23:00,0.5767240456009457,4.134885861590415,65.0678342883412
4,2024-01-01 02:24:00,0.6107060175409292,4.05463372580098,64.24806780552733
4,2024-01-01 02:25:00,0.6137405871437893,4.164211608656659,65.59448103577043
4,2024-01-01 02:26:00,0.5223489981418352,3.9378793522161644,63.82858786099882
4,2024-01-01 02:27:00,0.6186987593523767,3.982738007167108,65.50846448611091
4,2024-01-01 02:28:00,0.6532356646037828,4.223744413150613,64.14580058385474
4,2024-01-01 02:29:00,0.62737423159775,4.284484748209077,68.32829250714643
4,2024-01-01 02:30:00,0.6297615708307233,4.207724953260713,65.86265248113854
4,2024-01-01 02:31:00,0.650542308111036,4.245412140078139,66.54258509342898
4,2024-01-01 02:32:00,0.670572670278321,4.23119316674213,65.88149925285103
4,2024-01-01 02:33:00,0.6823733520285199,4.233393744034646,66.8175620366173
4,2024-01-01 02:34:00,0.6558922805278325,4.407749640879915,66.12653295115284
4,2024-01-01 02:35:00,0.6913202561193085,4.1405609472003,65.8491012682935
4,2024-01-01 02:36:00,0.6659932123884578,4.125239407333191,68.07872642353776
4,2024-01-01 02:37:00,0.6774708100227567,4.2761233799237885,67.98000997156988
4,2024-01-01 02:38:00,0.7045024683331956,4.420078335417368,66.96735532197177
4,2024-01-01 02:39:00,0.6781490554552225,4.312877884805508,66.89668921914901
4,2024-01-01 02:40:00,0.6781477989952862,4.311915207874039,67.0954360625268
4,2024-01-01 02:41:00,0.6797594470705459,4.4369578218779795,67.92933114358517
4,2024-01-01 02:42:00,0.7761915754795286,4.518559935638247,67.81749653004853
4,2024-01-01 02:43:00,0.7439375684650911,4.317789033958416,70.36598438359123
4,2024-01-01 02:44:00,0.7672975786372495,4.389688054354572,68.11163707463874
4,2024-01-01 02:45:00,0.7018438803301443,4.331056712339561,69.76393161042097
4,2024-01-01 02:46:00,0.7041522641903272,4.450819016583746,69.43612577215332
4,2024-01-01 02:47:00,0.7509980092389913,4.498983066851784,69.41915576708655
4,2024-01-01 02:48:00,0.7956130925227715,4.292548953274864,69.16613964243817
4,2024-01-01 02:49:00,0.76659915896457,4.412339796862251,69.5998040446223
4,2024-01-01 02:50:00,0.7359697589632053,4.4229605858476235,69.04866645249159
4,2024-01-01 02:51:00,0.7841568701671056,4.457349612898877,68.58683412681107
4,2024-01-01 02:52:00,0.7549375085680412,4.493038906260032,70.38217484176853
4,2024-01-01 02:53:00,0.8038566601854047,4.51716959436853,68.90072675746667
4,2024-01-01 02:54:00,0.7943168897518594,4.460813235831702,68.25746650593211
4,2024-01-01 02:55:00,0.7710552211711389,4.4024009679623415,69.87623384287409
5,2024-01-01 00:00:00,0.17604871645972706,2.916723220745027,39.67357235912075
5,2024-01-01 00:01:00,0.18664568792391845,3.0177884368018737,39.598398819998735
5,2024-01-01 00:02:00,0.20319784598054788,2.9225223824212803,39.35230042293068
5,2024-01-01 00:03:00,0.18783522164979174,3.0154323736867332,39.784024766939154
5,2024-01-01 00:04:00,0.22917197551521526,3.057387526872658,41.780163954397025
5,2024-01-01 00:05:00,0.18454591499094633,2.861649018845159,39.561789669939785
5,2024-01-01 00:06:00,0.23594574949844363,3.02602501057527,41.920216637080834
5,2024-01-01 00:07:00,0.18743211942985735,3.0449363230065942,40.51828493020611
5,2024-01-01 00:08:00,0.19341267151111843,3.12151142509683,40.341467215248215
5,2024-01-01 00:09:00,0.19435698596106343,3.202723050559694,41.32026147999175
5,2024-01-01 00:10:00,0.1479212856740915,3.1191780218124205,42.5761002275432
5,2024-01-01 00:11:00,0.19610401658557175,3.04903988489333,41.02770743975703
5,2024-01-01 00:12:00,0.2418909390120547,3.1505753653760395,40.80425692152001
5,2024-01-01 00:13:00,0.20404603438691754,2.9788146492293404,42.54686847470851
5,2024-01-01 00:14:00,0.21726683770347377,2.897792044217263,40.82593803963998
5,2024-01-01 00:15:00,0.20175526208826858,3.1362774387190955,42.85464022297035
5,2024-01-01 00:16:00,0.19311643200743492,3.104616046016179,42.29642456441762
5,2024-01-01 00:17:00,0.1728232586287113,3.2106969494618363,42.709502739749475
5,2024-01-01 00:18:00,0.22812051725750251,2.995081152277703,41.116238275434334
5,2024-01-01 00:19:00,0.20707279169422482,2.880490987769209,41.37393193007932
5,2024-01-01 00:20:00,0.2642816787052744,2.967566602457209,42.424723197781574
5,2024-01-01 00:21:00,0.18284851928551304,3.0912703937969637,43.4746931895662
5,2024-01-01 00:22:00,0.2115844241430592,2.866579023245915,45.06784671899347
5,2024-01-01 00:23:00,0.1539131037660466,2.9068036970244315,43.46645370565667
5,2024-01-01 00:24:00,0.2031785458593523,3.2074453934651412,45.07985451122645
5,2024-01-01 00:25:00,0.19947686689010027,3.3439618264380635,43.374276470056664
5,2024-01-01 00:26:00,0.23049722097061254,3.2060447779359,40.900992096341625
5,2024-01-01 00:27:00,0.21426268188963213,3.014848154566339,44.35000127878835
5,2024-01-01 00:28:00,0.23358007904143296,3.17506262350068,44.36712248623766
5,2024-01-01 00:29:00,0.24398111774773748,3.0713132759864914,43.785825116328176
5,2024-01-01 00:30:00,0.19807995703251186,3.014223643616553,44.102930459815184
5,2024-01-01 00:31:00,0.19396911622052165,3.0446296089346863,45.59687540224294
5,2024-01-01 00:32:00,0.26750245229307235,3.2451872810327993,44.48568484225958
5,2024-01-01 00:33:00,0.2560593008169342,3.0312390211068734,44.809450691739514
5,2024-01-01 00:34:00,0.23687494023340347,3.027976667327844,46.84602282771679
5,2024-01-01 00:35:00,0.2298208662901914,3.0428657593982433,44.82791321218106
5,2024-01-01 00:36:00,0.2320517613055046,3.2561583999603325,46.8165360061188
5,2024-01-01 00:37:00,0.23351309412338,3.0817382498434913,45.23845832445324
5,2024-01-01 00:38:00,0.21305906885507614,3.2548518623301455,44.67688371763689
5,2024-01-01 00:39:00,0.19895439140719526,3.3573262055066344,46.81253839107096
5,2024-01-01 00:40:00,0.23499152786418834,3.1980590594395184,45.4305688293405
5,2024-01-01 00:41:00,0.1798114736149959,3.2209747472588424,46.94702140377898
5,2024-01-01 00:42:00,0.2552195048364169,3.147639309047257,47.68699128024923
5,2024-01-01 00:43:00,0.17675537890201826,3.0399912357412022,45.681762569667804
5,2024-01-01 00:44:00,0.21158146635224526,3.206202524098523,49.33335249796906
5,2024-01-01 00:45:00,0.23369769760132145,3.166048177466543,46.58296213132354
5,2024-01-01 00:46:00,0.2118364116169983,3.036575954818572,46.074182862752004
5,2024-01-01 00:47:00,0.23977444728546435,3.0936684722570233,49.57980644219632
5,2024-01-01 00:48:00,0.2509834056770457,3.3041500705881024,48.25241548531479
5,2024-01-01 00:49:00,0.2433354702498005,3.1059175246318746,48.21662995536475
5,2024-01-01 00:50:00,0.24004774646973875,3.239567770953618,47.87096466899925
5,2024-01-01 00:51:00,0.2898053106955282,3.1780185174808886,48.18374148841756
5,2024-01-01 00:52:00,0.21882357290922086,3.2558789021986674,47.83447549496792
5,2024-01-01 00:53:00,0.2604087544970084,3.228915284740556,48.19258100947739
5,2024-01-01 00:54:00,0.2525285700461543,3.1973045446481687,48.79969048707585
5,2024-01-01 00:55:00,0.24979918457325298,2.9414755039900413,49.363674625314204
5,2024-01-01 00:56:00,0.27965968217023174,3.2746829223232563,48.10029995902467
5,2024-01-01 00:57:00,0.24049957843519018,3.3441109569957006,49.24798208880352
5,2024-01-01 00:58:00,0.2618976136334687,3.244607617019739,49.151029215857776
5,2024-01-01 00:59:00,0.2424545407285347,3.413987016803167,50.05980043232936
5,2024-01-01 01:00:00,0.24752599197808506,3.395693634635044,49.630279353982615
5,2024-01-01 01:01:00,0.22368928419389983,3.354516928882816,48.846945277827146
5,2024-01-01 01:02:00,0.2766506874877976,3.2531668406099636,51.52172680955763
5,2024-01-01 01:03:00,0.2613318718056725,3.20880913192414,49.693551294742754
5,2024-01-01 01:04:00,0.2577634177768162,3.2772611873191284,51.30457784044643
5,2024-01-01 01:05:00,0.293733904290351,3.240203132985595,50.796202560553
5,2024-01-01 01:06:00,0.3259112485707597,3.3795790822411047,52.1371457935724
5,2024-01-01 01:07:00,0.30344103110490456,3.2950563644331052,50.940463012711994
5,2024-01-01 01:08:00,0.262218158885085,3.494948379419113,50.10637619123595
5,2024-01-01 01:09:00,0.25063397583312297,3.3847595244285156,50.24368178901765
5,2024-01-01 01:10:00,0.25481517109582075,3.3208126429373235,51.402269232941165
5,2024-01-01 01:11:00,0.2543781019879119,3.4404804190114127,49.296118085183686
5,2024-01-01 01:12:00,0.3670812633532054,3.2163693404399902,52.089588177982826
5,2024-01-01 01:13:00,0.25294807535333264,3.260970167770366,49.1961026688556
5,2024-01-01 01:14:00,0.28542259002436793,3.3430730257082333,50.44279215115244
5,2024-01-01 01:15:00,0.242246206054621,3.4333500422542733,53.19686545490904
5,2024-01-01 01:16:00,0.29698800245943346,3.2493819683858507,51.692153456372964
5,2024-01-01 01:17:00,0.3429513075900268,3.4771405102242396,51.9527034208524
5,2024-01-01 01:18:00,0.2806194491071825,3.394837739842424,52.01454952154339
5,2024-01-01 01:19:00,0.35226970285511094,3.3087927866779454,53.32528615088253
5,2024-01-01 01:20:00,0.25713452890262145,3.4292013675884774,53.94425196038802
5,2024-01-01 01:21:00,0.29314744074166227,3.4866615373795242,51.543498231616766
5,2024-01-01 01:22:00,0.3574461037799375,3.4903229230024633,53.18651554241227
5,2024-01-01 01:23:00,0.2866590539642427,3.3292861465642685,52.6830305206612
5,2024-01-01 01:24:00,0.3066078683875763,3.3674375422981364,53.609966316512335
5,2024-01-01 01:25:00,0.3416215437688673,3.5588875159871134,53.73643423060931
5,2024-01-01 01:26:00,0.3379578820709939,3.643174620488809,53.18855976479431
5,2024-01-01 01:27:00,0.3573635744662296,3.5254259742840124,52.28554415009209
5,2024-01-01 01:28:00,0.30828941847645763,3.510761546464639,52.88185929055536
5,2024-01-01 01:29:00,0.37101613338809164,3.4770329411287815,53.11429834007133
5,2024-01-01 01:30:00,0.34989817541785406,3.481820181095372,53.0239761800492
5,2024-01-01 01:31:00,0.3829140177014611,3.3594949342976284,55.650270497274875
5,2024-01-01 01:32:00,0.3244602411756896,3.4525528617676504,53.485703186498874
5,2024-01-01 01:33:00,0.31951229605103976,3.370561975116464,53.920378293058455
5,2024-01-01 01:34:00,0.34146629941636386,3.6188068095349655,53.70629444977678
5,2024-01-01 01:35:00,0.29323374396596114,3.5130767782607357,55.12947627282208
5,2024-01-01 01:36:00,0.4160406363164142,3.443430825105926,55.244456002727404
5,2024-01-01 01:37:00,0.3703600234994976,3.7443841713997728,54.46274022591742
5,2024-01-01 01:38:00,0.3508141225899613,3.6739593480722665,55.71743980196184
5,2024-01-01 01:39:00,0.3498712410294161,3.4545054331499463,57.81160917926826
5,2024-01-01 01:40:00,0.3628939198714677,3.6769116819120495,56.498947907382075
5,2024-01-01 01:41:00,0.3330312523877274,3.580181871296054,56.87171076674332
5,2024-01-01 01:42:00,0.3159089623451989,3.5631774050178415,55.581242515205524
5,2024-01-01 01:43:00,0.3859458167569084,3.678924326347782,56.64154232459197
5,2024-01-01 01:44:00,0.39139421580197103,3.442987559385913,57.83837964840105
5,2024-01-01 01:45:00,0.3974013247976334,3.6600043515879426,57.0220377704947
5,2024-01-01 01:46:00,0.37421634374327595,3.5820454792315584,55.9399578351749
5,2024-01-01 01:47:00,0.36732266669680635,3.741005458789887,56.618617516600075
5,2024-01-01 01:48:00,0.3572377880864641,3.4892439834917823,57.48946187579358
5,2024-01-01 01:49:00,0.41332641872811243,3.5697042225266817,58.09716325203889
5,2024-01-01 01:50:00,0.40788301818819866,3.6498129898869256,55.85292230598491
5,2024-01-01 01:51:00,0.44144182192022685,3.4701012116509276,56.90624375474028
5,2024-01-01 01:52:00,0.4077435317191474,3.5814562430158383,57.38673595031677
5,2024-01-01 01:53:00,0.43067264988053283,3.554271946078603,58.35506555537385
5,2024-01-01 01:54:00,0.44890279075298695,3.671671171964019,59.00282474011066
5,2024-01-01 01:55:00,0.4462008268827247,3.706941282323393,57.13839117076086
5,2024-01-01 01:56:00,0.4030826989497515,3.8755008665237707,58.640594566009085
5,2024-01-01 01:57:00,0.4021893778329003,3.6700009247835816,59.39156919951877
5,2024-01-01 01:58:00,0.4799894756145617,3.642769342874973,58.33273952888547
5,2024-01-01 01:59:00,0.41598146181460993,3.6346554628687295,58.18616256154342
5,2024-01-01 02:00:00,0.46223997198295796,3.8267573425988908,58.201504380691816
5,2024-01-01 02:01:00,0.5222430242875938,3.723759426036616,59.723804083046424
5,2024-01-01 02:02:00,0.4218644076621416,3.805525690971442,60.44746170685629
5,2024-01-01 02:03:00,0.46267195899338026,3.6332354397295714,61.38710186611576
5,2024-01-01 02:04:00,0.45820963664299896,3.9078244645070757,60.565662521125155
5,2024-01-01 02:05:00,0.4445641397764338,3.7283217554328036,60.01805899599539
5,2024-01-01 02:06:00,0.4413795548979033,3.796985872801732,58.94112791815841
5,2024-01-01 02:07:00,0.43840201457461575,3.866645760482547,59.3083677428675
5,2024-01-01 02:08:00,0.49621476138292236,3.7866736427009284,59.02698716808875
5,2024-01-01 02:09:00,0.4658624891310948,3.8601238468543375,59.42107084360015
5,2024-01-01 02:10:00,0.5068206635699153,3.9217407661200636,60.30128387085311
5,2024-01-01 02:11:00,0.5211046494045782,3.641101382103396,59.05419327563908
5,2024-01-01 02:12:00,0.5001401848886994,3.9500068826755954,60.47247307857262
5,2024-01-01 02:13:00,0.5059780262457397,3.7495616839882433,60.70199402103686
5,2024-01-01 02:14:00,0.4919484376427809,4.062307394227557,62.90768767941138
5,2024-01-01 02:15:00,0.5548444360159557,3.9419609757866056,62.706898746379515
5,2024-01-01 02:16:00,0.5633469614481857,3.973869841895317,61.028382182037916
5,2024-01-01 02:17:00,0.49388194674402675,3.7108338112903896,63.74042875911719
5,2024-01-01 02:18:00,0.4840190435927981,3.978737393612953,62.047050902731634
5,2024-01-01 02:19:00,0.5025308250762881,3.9890887841501317,63.66645349960499
5,2024-01-01 02:20:00,0.5240452049554295,3.9837270286630666,62.64154587646425
5,2024-01-01 02:21:00,0.5232652434785158,4.137612156493849,62.02863534967809
5,2024-01-01 02:22:00,0.5276653574108237,3.9080246827792955,61.64321003173577
5,2024-01-01 02:23:00,0.5815280763466493,4.005048843496759,62.071484463744255
5,2024-01-01 02:24:00,0.5243057142060005,4.1033502063205995,62.0819249026364
5,2024-01-01 02:25:00,0.5393028211270884,3.9909783912357115,62.910651317783824
5,2024-01-01 02:26:00,0.5642497952819058,4.0703904197287875,61.61952024875764
5,2024-01-01 02:27:00,0.5828720259161652,4.0353754100779105,62.54721225465143
5,2024-01-01 02:28:00,0.5990570409363608,3.9872972700815614,63.396534981694636
5,2024-01-01 02:29:00,0.5546750676418242,4.015816099251395,62.38218101908536
5,2024-01-01 02:30:00,0.5866632704034179,3.976986290409061,64.58547992813092
5,2024-01-01 02:31:00,0.5859158529497639,4.086017319356616,63.728988093144174
5,2024-01-01 02:32:00,0.5784422075163681,4.002462588753525,63.913542805529104
5,2024-01-01 02:33:00,0.5838782827558697,4.166095325862858,64.20698838868024
5,2024-01-01 02:34:00,0.6067243200909072,4.230037329807372,64.22061404881684
5,2024-01-01 02:35:00,0.6032766515868945,4.122104448610504,65.19333060826757
5,2024-01-01 02:36:00,0.6082610384312037,4.113882609782536,63.65232578736391
5,2024-01-01 02:37:00,0.6472750920096935,4.275207086875949,65.04038235562913
5,2024-01-01 02:38:00,0.6748687043420285,4.137265794803864,63.81016991398889
5,2024-01-01 02:39:00,0.5683568169037819,4.1928000225826025,64.84907689557686
5,2024-01-01 02:40:00,0.6452642722692912,4.062874727061539,63.81561849971522
5,2024-01-01 02:41:00,0.5897052665825829,4.062238679259945,65.0180169132537
5,2024-01-01 02:42:00,0.6552476636768717,4.139532333260048,66.3291091594051
5,2024-01-01 02:43:00,0.6316514158285996,4.352375403180577,65.12712804347557
5,2024-01-01 02:44:00,0.610219597326835,4.170074908642597,67.7319410889532
5,2024-01-01 02:45:00,0.6786952773101743,4.2083528198615,65.79385345878481
5,2024-01-01 02:46:00,0.7023986680903278,4.303528907843105,65.46065239214268
5,2024-01-01 02:47:00,0.6664086493134803,4.193598021800191,66.10727577548289
5,2024-01-01 02:48:00,0.6782372971085239,4.309693711024036,66.79311277906773
5,2024-01-01 02:49:00,0.6699434897160973,4.335301835407554,67.69901850964868
5,2024-01-01 02:50:00,0.675298497392498,4.243107031990916,66.36872361224347
5,2024-01-01 02:51:00,0.7201183600067405,4.085909049526107,68.48830046109762
5,2024-01-01 02:52:00,0.7015798073931356,4.270227658356502,67.4483272820728
5,2024-01-01 02:53:00,0.6907137180103717,4.380487137491672,67.0332964685172
5,2024-01-01 02:54:00,0.7296864127977261,4.371863303098516,65.35155658224734
5,2024-01-01 02:55:00,0.7491150362551491,4.155648533170685,66.76494097186479
5,2024-01-01 02:56:00,0.7224365040862303,4.358238250264517,67.62450265894809
5,2024-01-01 02:57:00,0.7459951393715237,4.38509677265292,68.83511600437939
5,2024-01-01 02:58:00,0.6769218977098685,4.331750891442217,65.74497100957184
5,2024-01-01 02:59:00,0.7297278793760155,4.403527107225633,67.9803165009064
5,2024-01-01 03:00:00,0.6994724443842552,4.395581865093392,68.97867673754956
5,2024-01-01 03:01:00,0.7400733678205729,4.289107408834921,69.55642057022115
5,2024-01-01 03:02:00,0.7119851438984194,4.422808182791476,67.26785779946259
5,2024-01-01 03:03:00,0.7180018258481305,4.425048761519958,67.48497234906479
5,2024-01-01 03:04:00,0.7030203596698742,4.282767474423733,69.07669643592693
5,2024-01-01 03:05:00,0.7521120511765466,4.318323955303695,69.17600065355442
5,2024-01-01 03:06:00,0.7632258500780585,4.651244789674894,68.20053834904083
5,2024-01-01 03:07:00,0.753372783419923,4.481619490014936,70.21326553613392
5,2024-01-01 03:08:00,0.7634616767674486,4.6441440551420765,70.37253920413346
5,2024-01-01 03:09:00,0.8209994302050047,4.537837209242275,69.77422577538091
5,2024-01-01 03:10:00,0.8294778475512267,4.5987853580897955,70.27538211444967
6,2024-01-01 00:00:00,0.19537306700409812,3.103363360195837,40.57409549913505
6,2024-01-01 00:01:00,0.23590513191671833,3.0571237071695743,39.340813413641456
6,2024-01-01 00:02:00,0.21367188022660083,3.025727346891263,40.1843662089707
6,2024-01-01 00:03:00,0.16531850474376295,3.1467048538305242,41.10303998977631
6,2024-01-01 00:04:00,0.2675023501171867,3.111402182860986,41.585496700948475
6,2024-01-01 00:05:00,0.20681090256212975,2.8786078622336304,40.863201960771754
6,2024-01-01 00:06:00,0.23639091087688852,2.924279149499598,40.45645310499315
6,2024-01-01 00:07:00,0.18504133609320364,2.835439491536878,41.778559247472224
6,2024-01-01 00:08:00,0.1432520683822331,3.1913755059672146,41.23462135662211
6,2024-01-01 00:09:00,0.1643334774396878,3.057469988593645,39.872423024909594
6,2024-01-01 00:10:00,0.23446771569375374,2.98252854391274,41.51770263426524
6,2024-01-01 00:11:00,0.21475534585658376,2.917871311444018,40.070784210402806
6,2024-01-01 00:12:00,0.19926380054281967,2.9910550488126932,42.807116902111275
6,2024-01-01 00:13:00,0.17836447279113865,3.0171468729776034,42.51076609295768
6,2024-01-01 00:14:00,0.27636671049108474,2.95039881815139,42.71191597454876
6,2024-01-01 00:15:00,0.14380472673249237,3.0307496421642526,43.376767408350105
6,2024-01-01 00:16:00,0.17551305069992446,3.052465984217411,41.52796561176563
6,2024-01-01 00:17:00,0.18971827158084753,3.151514476654405,42.309332084428746
6,2024-01-01 00:18:00,0.18464495115120616,3.0899475541624093,44.860387471061166
6,2024-01-01 00:19:00,0.18384071506322003,3.180186493721943,44.59482936018562
6,2024-01-01 00:20:00,0.24887317925747454,3.151956622787705,43.5010911582458
6,2024-01-01 00:21:00,0.1452533984781803,3.180899028376803,43.724240786180076
6,2024-01-01 00:22:00,0.24012244243696568,3.1055337436559114,44.36001206698486
6,2024-01-01 00:23:00,0.1960368325287524,3.213600963566567,44.00028387450835
6,2024-01-01 00:24:00,0.15471890138161778,2.974924361102626,43.59195063345477
6,2024-01-01 00:25:00,0.20627564162856304,2.9738283128004075,43.446863349265556
6,2024-01-01 00:26:00,0.18535007713349524,3.0616165502377344,45.703132192378334
6,2024-01-01 00:27:00,0.2678919785990574,3.1788448605280832,43.7881502950623
6,2024-01-01 00:28:00,0.2240936563571458,3.159996327089094,44.6366100965471
6,2024-01-01 00:29:00,0.2289314308812159,3.175900590544238,46.869683850550956
6,2024-01-01 00:30:00,0.21663768167102554,3.2020689549244956,45.62639378861399
6,2024-01-01 00:31:00,0.2236064934042591,3.1221151856523086,46.003537493427544
6,2024-01-01 00:32:00,0.21924463471110817,3.2046301149195164,45.030742096873865
6,2024-01-01 00:33:00,0.2657906946792758,3.20847812094107,47.02077457657043
6,2024-01-01 00:34:00,0.16728263295918067,3.1900424877933076,46.50922546799173
6,2024-01-01 00:35:00,0.26433659327983194,3.0935793874597577,45.446160159459176
6,2024-01-01 00:36:00,0.22456751697801489,3.1897142474718536,47.50509421860505
6,2024-01-01 00:37:00,0.20709781080749112,3.2468829051811956,47.46844014615967
6,2024-01-01 00:38:00,0.212188088549876,3.39234335638385,46.42451991094976
6,2024-01-01 00:39:00,0.2520748511812783,3.204158424385121,48.24834227358262
6,2024-01-01 00:40:00,0.2180072625216433,3.2757850017505366,45.70786613896398
6,2024-01-01 00:41:00,0.2857370136231481,3.2216646818936683,46.34806451581692
6,2024-01-01 00:42:00,0.21240755140711157,3.2018833220913216,48.58663835574905
6,2024-01-01 00:43:00,0.18657737377714936,3.1877424130332774,47.537105063888866
6,2024-01-01 00:44:00,0.20200192801401107,3.2338348456831683,48.289255705961516
6,2024-01-01 00:45:00,0.2895919279029361,3.1393805996714974,46.63925288228291
6,2024-01-01 00:46:00,0.22166823757113813,3.18596308776262,47.35354873020235
6,2024-01-01 00:47:00,0.24940133832938668,3.176316663266026,50.36574184064518
6,2024-01-01 00:48:00,0.22261146974964313,3.250693688748346,49.31732737790057
6,2024-01-01 00:49:00,0.26409172968000905,3.2200766778675085,47.09736837046799
6,2024-01-01 00:50:00,0.26944160429484354,3.2186387494009536,47.155065637449106
6,2024-01-01 00:51:00,0.2295879878032791,3.3125004863066954,46.89552815322896
6,2024-01-01 00:52:00,0.20230003182894157,3.2176966521290855,47.96384028231956
6,2024-01-01 00:53:00,0.24836138026242643,3.066120696015016,48.907877684461326
6,2024-01-01 00:54:00,0.32225329564862254,3.311185040434304,49.95070109642005
6,2024-01-01 00:55:00,0.21028396286152398,3.2376837291728395,49.32204675261822
6,2024-01-01 00:56:00,0.29454440444610963,3.105367908133392,49.771210049200995
6,2024-01-01 00:57:00,0.24107243403258805,3.32937422511328,48.98901976890642
6,2024-01-01 00:58:00,0.2913362027280093,3.560349468594675,49.324065893648495
6,2024-01-01 00:59:00,0.28637828356090095,3.2656227001492826,50.869356285588076
6,2024-01-01 01:00:00,0.2934281935832268,3.1963902010340384,49.0759376209757
6,2024-01-01 01:01:00,0.27408114954630336,3.2460041936657857,52.160730705270495
6,2024-01-01 01:02:00,0.31435007550618066,3.3829325736893576,51.46324341047802
6,2024-01-01 01:03:00,0.29180592773978903,3.2624703723999637,49.680379519176874
6,2024-01-01 01:04:00,0.29079820122940064,3.270992964519476,51.510155164845514
6,2024-01-01 01:05:00,0.28284829386366117,3.3523372053771188,49.838065916782234
6,2024-01-01 01:06:00,0.26797750752490385,3.2809116786155976,52.52567150649102
6,2024-01-01 01:07:00,0.2532903267073561,3.407080395904678,49.566437961693595
6,2024-01-01 01:08:00,0.2766257905647429,3.425882008540618,53.2270630166541
6,2024-01-01 01:09:00,0.30275026209471007,3.3081735862743824,53.06855869077276
6,2024-01-01 01:10:00,0.31992880603061324,3.449755004679159,52.556129951041044
6,2024-01-01 01:11:00,0.305014482905689,3.4837291296557953,52.79612439581824
6,2024-01-01 01:12:00,0.32484165468034976,3.4599541702509833,53.251824078280215
6,2024-01-01 01:13:00,0.3140263697686042,3.55249978434228,52.96968247115621
6,2024-01-01 01:14:00,0.30208029988282437,3.4295979805089236,53.77068862956977
6,2024-01-01 01:15:00,0.353236267853369,3.615139361527625,53.507497763468656
6,2024-01-01 01:16:00,0.2833436256787116,3.481203753746225,53.70824728784228
6,2024-01-01 01:17:00,0.36175983314807175,3.4445967110255995,53.410725882162474
6,2024-01-01 01:18:00,0.3412321452237783,3.379051749337509,55.02278247275677
6,2024-01-01 01:19:00,0.2945940419855816,3.4429322151757145,52.189395706033224
6,2024-01-01 01:20:00,0.3637441493879091,3.6988558236966433,54.25318173528317
6,2024-01-01 01:21:00,0.306689488416068,3.7452764950738198,55.47985357228714
6,2024-01-01 01:22:00,0.3297773862193075,3.6038490684400926,54.087745913526454
6,2024-01-01 01:23:00,0.3650024211957915,3.4416287657968794,53.66997034997717
6,2024-01-01 01:24:00,0.3792200724070264,3.582353624735319,53.30171111988974
6,2024-01-01 01:25:00,0.35625132591709235,3.3272727105409468,53.1162466449431
6,2024-01-01 01:26:00,0.40336519810125576,3.620908996122353,54.97823814950144
6,2024-01-01 01:27:00,0.403416567234589,3.5708482415351828,53.584526881195096
6,2024-01-01 01:28:00,0.3268812438522885,3.5467621549230954,54.49508507221685
6,2024-01-01 01:29:00,0.3753783688810523,3.61581068311888,54.97724287592898
6,2024-01-01 01:30:00,0.3973930706382308,3.6084779630202557,56.2053209551594
6,2024-01-01 01:31:00,0.36109203979030136,3.533867292503557,56.38671501243662
6,2024-01-01 01:32:00,0.42953768210446364,3.6099866929519098,57.10950826022287
6,2024-01-01 01:33:00,0.41606951717058105,3.676218686070431,56.385697879775236
6,2024-01-01 01:34:00,0.39370704576613386,3.6285033765206247,55.03660666819147
6,2024-01-01 01:35:00,0.4330749689320753,3.4062789870326395,56.15457113746635
6,2024-01-01 01:36:00,0.40815391476994484,3.796395341222373,57.94073533115959
6,2024-01-01 01:37:00,0.41282749370715993,3.6881793196686705,56.48412202443862
6,2024-01-01 01:38:00,0.38306580329557094,3.683596820458209,57.686037471706584
6,2024-01-01 01:39:00,0.40450418099120544,3.34066917034569,57.4050048045304
6,2024-01-01 01:40:00,0.42449556803893024,3.6822044519335377,58.03740088155104
6,2024-01-01 01:41:00,0.4460219871619928,3.859491330455394,58.52139933376431
6,2024-01-01 01:42:00,0.4296192458318426,3.6371499713975055,57.28817932621981
6,2024-01-01 01:43:00,0.40287692325206476,3.7552056043871573,57.49071147558926
6,2024-01-01 01:44:00,0.4340273605758403,3.738075185049775,58.31825268472933
6,2024-01-01 01:45:00,0.4301689588757664,3.848472250962939,58.055505885104715
6,2024-01-01 01:46:00,0.4572147662014196,3.581546330019673,60.809870472729585
6,2024-01-01 01:47:00,0.4677135199255491,3.8556886246464805,58.81062427293511
6,2024-01-01 01:48:00,0.4233280937962267,3.864797425549203,58.8525859993823
6,2024-01-01 01:49:00,0.46402455016352206,3.765296967946843,59.66063805463298
6,2024-01-01 01:50:00,0.47006477395876733,3.675917390681041,59.32921925963945
6,2024-01-01 01:51:00,0.4558313398261749,3.8872902318610874,59.79219502786926
6,2024-01-01 01:52:00,0.48791869793753573,3.69481312748306,60.005495042375564
6,2024-01-01 01:53:00,0.5501327671563551,3.905135401884694,60.97221802463014
6,2024-01-01 01:54:00,0.46889502516340437,3.815044587810487,62.00659023335847
6,2024-01-01 01:55:00,0.4432115718163184,3.987158608302083,61.31421342355439
6,2024-01-01 01:56:00,0.544928297213453,3.7775082855662805,63.173210595724896
6,2024-01-01 01:57:00,0.529507600502483,3.809277346024178,61.85326748095866
6,2024-01-01 01:58:00,0.5304559489819108,3.862432931289355,60.61209537515188
6,2024-01-01 01:59:00,0.5299784208387375,3.7389046715228074,61.718153083990266
6,2024-01-01 02:00:00,0.47803954676514726,3.99433299010135,62.85451314082472
6,2024-01-01 02:01:00,0.5261291787521966,3.948504518369782,60.98595127052447
6,2024-01-01 02:02:00,0.49654373656164047,3.8892964618565795,61.902244171133965
6,2024-01-01 02:03:00,0.5278390628134132,4.0006281931146646,62.55158765855793
6,2024-01-01 02:04:00,0.540012624594201,3.9297128499081246,61.986589635999415
6,2024-01-01 02:05:00,0.5378994659882174,4.047429180981667,61.56271229191036
6,2024-01-01 02:06:00,0.52090570873626,3.776757971459254,63.79487110363929
6,2024-01-01 02:07:00,0.5025629883406301,4.016813897799292,62.12587092265414
6,2024-01-01 02:08:00,0.5655576518929821,3.9328643247806623,61.2822993269787
6,2024-01-01 02:09:00,0.5075343783274613,3.963341290880826,65.12465657195229
6,2024-01-01 02:10:00,0.5783719843146089,4.050458917234218,63.55108470424724
6,2024-01-01 02:11:00,0.6065869839677156,3.945972675306345,61.85434011218431
6,2024-01-01 02:12:00,0.5580471393810271,4.184063438396481,64.19295417962347
6,2024-01-01 02:13:00,0.59942268100695,4.041127155678238,64.39291588166311
6,2024-01-01 02:14:00,0.6140158315102905,4.192013915831672,63.67524244285011
6,2024-01-01 02:15:00,0.6519377048312736,4.0240372588397255,64.37545865370599
6,2024-01-01 02:16:00,0.6601102963148276,4.273201719730901,64.69655374074293
6,2024-01-01 02:17:00,0.5825902460265315,4.193140730055127,64.34412692012387
6,2024-01-01 02:18:00,0.6307433345634886,3.9495950196451295,65.34476167436284
6,2024-01-01 02:19:00,0.6750976395326139,4.1156642358107,66.00813491627173
6,2024-01-01 02:20:00,0.6008225932978153,4.262795623169743,63.54929389374553
6,2024-01-01 02:21:00,0.6651934509606671,4.412407569776755,65.85917061781986
6,2024-01-01 02:22:00,0.6486994876148583,4.27808714065836,64.76561556800424
6,2024-01-01 02:23:00,0.6741938566727625,4.013279035693864,65.99791275298688
6,2024-01-01 02:24:00,0.6145959648044119,4.238928235672718,65.96156841670513
6,2024-01-01 02:25:00,0.6371546248002025,4.145914203921283,66.62041059827867
6,2024-01-01 02:26:00,0.5738419719940444,4.206813902917219,64.75558507674431
6,2024-01-01 02:27:00,0.6310371160207218,4.280558432021139,66.75777412263933
6,2024-01-01 02:28:00,0.6930544641801951,4.165681483686558,65.04543819619943
6,2024-01-01 02:29:00,0.6286201076851623,4.218639353865323,66.73953729614215
6,2024-01-01 02:30:00,0.6796272755589962,4.287006942821489,65.63130673803761
6,2024-01-01 02:31:00,0.691931695113535,4.3275297082906725,67.45127450819228
6,2024-01-01 02:32:00,0.6403674444457607,4.330875927056756,67.59334748388275
6,2024-01-01 02:33:00,0.7387538341648382,4.197882893372173,67.32428277975012
6,2024-01-01 02:34:00,0.6875139242057277,4.259205245830391,67.94202786401652
6,2024-01-01 02:35:00,0.7372215667356139,4.330020113637949,65.93878570445061
6,2024-01-01 02:36:00,0.7084967351914053,4.405396375733717,67.35496785312029
6,2024-01-01 02:37:00,0.7468185142841686,4.3223618458020505,66.53653063002417
6,2024-01-01 02:38:00,0.6992940815167786,4.448950645576337,69.834994785243
6,2024-01-01 02:39:00,0.7572124276806961,4.475356349119512,69.06495565568324
6,2024-01-01 02:40:00,0.7071704202558089,4.459345157092211,68.11156562664614
6,2024-01-01 02:41:00,0.8358314179031732,4.478245750074,69.73483922065057
6,2024-01-01 02:42:00,0.7775138043212626,4.37093570580454,68.77526973177065
6,2024-01-01 02:43:00,0.729016493981997,4.365921120683936,68.52798957682955
6,2024-01-01 02:44:00,0.7800882987053341,4.474738338600155,70.58139047517137
6,2024-01-01 02:45:00,0.739950027125777,4.310737494607142,70.96530205019856
6,2024-01-01 02:46:00,0.777802335533252,4.392593197671671,70.6737775454491
6,2024-01-01 02:47:00,0.8638520277188548,4.596668297250703,70.40991481970697
7,2024-01-01 00:00:00,0.24542546393023396,2.95862375062807,39.58521233764287
7,2024-01-01 00:01:00,0.20695459507635644,2.9503420678863246,41.94635206075174
7,2024-01-01 00:02:00,0.16711019065026816,3.129989161748326,41.027787269998385
7,2024-01-01 00:03:00,0.20282635306037333,3.0978077013509964,40.18758213199859
7,2024-01-01 00:04:00,0.2018036887586424,2.7344141762998304,40.28891395777259
7,2024-01-01 00:05:00,0.2077895826686391,3.0535583202867267,41.13633769682088
7,2024-01-01 00:06:00,0.1715186274681839,3.0711169312850166,40.08370921768693
7,2024-01-01 00:07:00,0.15548769179669136,3.0349685985585513,41.92472587734518
7,2024-01-01 00:08:00,0.20640910615110375,2.9513241424163987,40.14368539182668
7,2024-01-01 00:09:00,0.20163806390687997,3.023233293836818,42.331870955454406
7,2024-01-01 00:10:00,0.2024657116413977,2.9840777730471024,41.734139445234774
7,2024-01-01 00:11:00,0.23371220515594726,3.0486869373679237,42.503221113027976
7,2024-01-01 00:12:00,0.1592061693257551,3.0111568034068426,41.26589508732026
7,2024-01-01 00:13:00,0.23438266054228438,2.9732086021020274,42.71333963746787
7,2024-01-01 00:14:00,0.1824139573277612,3.055940815875839,45.07057558961392
7,2024-01-01 00:15:00,0.1935511252380858,3.124121455912584,42.39088451336212
7,2024-01-01 00:16:00,0.18137947922103265,3.077238247012239,43.35537454387333
7,2024-01-01 00:17:00,0.2096345979784078,2.9975751605031395,44.73341505102313
7,2024-01-01 00:18:00,0.15061267734356829,3.0913039589832487,44.179425663847475
7,2024-01-01 00:19:00,0.1916339225429625,3.169530494538625,44.039480420853494
7,2024-01-01 00:20:00,0.19414114757670622,3.2270943472656715,42.78377908190919
7,2024-01-01 00:21:00,0.24851716900952747,3.1934385473044733,42.70975339985525
7,2024-01-01 00:22:00,0.21615369547528937,3.131674295270603,44.23064763055587
7,2024-01-01 00:23:00,0.23357985794927943,2.9823976444866873,43.903852752281736
7,2024-01-01 00:24:00,0.21402209969837926,2.952246674986212,44.53790381154117
7,2024-01-01 00:25:00,0.1835546200049729,3.0741713664654027,44.95249211705749
7,2024-01-01 00:26:00,0.24346354229609832,2.9592118525605384,44.26028102191661
7,2024-01-01 00:27:00,0.1921579903099967,3.0274838023076405,45.62068530449493
7,2024-01-01 00:28:00,0.20305583388994014,3.0948910132725627,47.17501188479363
7,2024-01-01 00:29:00,0.2256761002381854,3.0695302289418787,44.49698812654361
7,2024-01-01 00:30:00,0.24999731253776344,3.091312689083368,45.22665617312466
7,2024-01-01 00:31:00,0.21705572375599613,2.997560683179804,45.836465290687094
7,2024-01-01 00:32:00,0.2699271824337812,3.1598662183703317,47.216409041029195
7,2024-01-01 00:33:00,0.20902933766220086,3.2428288864762655,45.07944078412842
7,2024-01-01 00:34:00,0.24775168758155997,3.094921486724086,45.39054809814757
7,2024-01-01 00:35:00,0.22955088608027563,3.2289650718707086,44.4819086074368
7,2024-01-01 00:36:00,0.27754900949663697,3.429412266354679,46.39508082476083
7,2024-01-01 00:37:00,0.23933556126628006,3.160802963542499,47.70546222171803
7,2024-01-01 00:38:00,0.1783865920646302,3.242042668121535,48.28041458239586
7,2024-01-01 00:39:00,0.26920669785813717,3.203628172531767,47.76221695244698
7,2024-01-01 00:40:00,0.23600892034085133,3.288033742071757,46.9939797294783
7,2024-01-01 00:41:00,0.22381032180590718,3.026416155318012,48.491281740284656
7,2024-01-01 00:42:00,0.27908599461215167,3.0998837090135583,48.17900213491991
7,2024-01-01 00:43:00,0.23450073450988568,3.2273114307429127,46.24385136309539
7,2024-01-01 00:44:00,0.2645306069415615,3.309133333471255,47.1263355471313
7,2024-01-01 00:45:00,0.2256185853433578,3.241046917713671,50.056169102664654
7,2024-01-01 00:46:00,0.22577333061272167,3.0691790733218145,49.05638229816515
7,2024-01-01 00:47:00,0.30740990595001916,3.1610004760487835,47.54925624440281
7,2024-01-01 00:48:00,0.2317647589492561,3.171699225783871,49.93387715869469
7,2024-01-01 00:49:00,0.24016397012891483,3.297958829125883,50.36523242811707
7,2024-01-01 00:50:00,0.20883690083938694,3.1908264602483998,49.05863685661625
7,2024-01-01 00:51:00,0.311413487509307,3.2070004784690607,50.341226400184254
7,2024-01-01 00:52:00,0.27692953470125636,3.3916861010711488,46.13331708356721
7,2024-01-01 00:53:00,0.27464660803898894,3.424951680803493,51.03686793442866
7,2024-01-01 00:54:00,0.2993390746054537,3.258379092880655,51.4283199488819
7,2024-01-01 00:55:00,0.23282459768042704,3.3505604476162616,49.318335259919806
7,2024-01-01 00:56:00,0.2591411329949015,3.128361790109887,50.914996791920366
7,2024-01-01 00:57:00,0.27534531542671914,3.3448585629799545,50.48466426707914
7,2024-01-01 00:58:00,0.23439829597373987,3.452614379601716,50.91012874707727
7,2024-01-01 00:59:00,0.3230072906371577,3.3949598435460575,50.77765120103455
7,2024-01-01 01:00:00,0.28597172391160003,3.3611266035889047,50.06010959643631
7,2024-01-01 01:01:00,0.2797341241201543,3.320968198483261,53.47268218409431
7,2024-01-01 01:02:00,0.2994758049049623,3.30403779954461,51.46184104915496
7,2024-01-01 01:03:00,0.2728158979175807,3.359765207129038,52.06678036071792
7,2024-01-01 01:04:00,0.2997991520115209,3.23155714835799,51.142498153925786
7,2024-01-01 01:05:00,0.4043723829763302,3.5568457827410334,51.30490499077439
7,2024-01-01 01:06:00,0.3228352213624293,3.4613898330543043,52.94424398469575
7,2024-01-01 01:07:00,0.35794069535256123,3.403963676725329,53.247911067492886
7,2024-01-01 01:08:00,0.30048354221800644,3.361534718487365,53.78931657438804
7,2024-01-01 01:09:00,0.2918817077355848,3.425857743698735,54.2050398252785
7,2024-01-01 01:10:00,0.32706069588816783,3.5221159039808634,53.080931700005564
7,2024-01-01 01:11:00,0.28090731989147866,3.552993608332687,53.036809594234896
7,2024-01-01 01:12:00,0.2553866844376837,3.371059362563086,54.417699908798305
7,2024-01-01 01:13:00,0.35002821097825587,3.373721974305117,53.22332029024045
7,2024-01-01 01:14:00,0.3508536678229691,3.6886105409023218,54.922391407290235
7,2024-01-01 01:15:00,0.3602102169922813,3.604225374723898,54.61500661635622
7,2024-01-01 01:16:00,0.3396690026209523,3.5712620369046273,55.58540618141894
7,2024-01-01 01:17:00,0.4018523827268818,3.4964543500885257,55.29064485340479
7,2024-01-01 01:18:00,0.3436067206436793,3.6126944943634407,53.75568075838732
7,2024-01-01 01:19:00,0.33338105777628263,3.403006768306799,54.13436635841397
7,2024-01-01 01:20:00,0.2636265415140488,3.6936082854179246,55.92235871472891
7,2024-01-01 01:21:00,0.3562760991186162,3.5470189105934744,57.28680267786081
7,2024-01-01 01:22:00,0.386565050103625,3.6399099133439825,54.24680855238154
7,2024-01-01 01:23:00,0.3657802631313172,3.6357357259629244,55.78270527521135
7,2024-01-01 01:24:00,0.4033148590515088,3.568309219982042,56.23104164608809
7,2024-01-01 01:25:00,0.44249649106841804,3.574343844298557,54.61346299446357
7,2024-01-01 01:26:00,0.3725594681117669,3.7245144040477447,56.807238920413646
7,2024-01-01 01:27:00,0.41885556865288487,3.7155425236277884,56.42586454972471
7,2024-01-01 01:28:00,0.3385484413313642,3.446267095479556,54.61230327827803
7,2024-01-01 01:29:00,0.42131771765881926,3.464907443078701,58.520462155464784
7,2024-01-01 01:30:00,0.39658505410075545,3.550243808843448,56.225399375865635
7,2024-01-01 01:31:00,0.39238888911944864,3.56628889540741,55.99597759836318
7,2024-01-01 01:32:00,0.39852697007005045,3.5546277936058854,57.88849605259144
7,2024-01-01 01:33:00,0.4031862364401468,3.7045874484712855,58.215714644006155
7,2024-01-01 01:34:00,0.40310572524968574,3.641960681983632,58.58451266951906
7,2024-01-01 01:35:00,0.4228725428939467,3.819956757409458,57.651971321335
7,2024-01-01 01:36:00,0.41627420024655465,3.855703357978097,58.21693376337491
7,2024-01-01 01:37:00,0.39146786959841684,3.718676358029889,57.68691475581347
7,2024-01-01 01:38:00,0.4433400095555192,3.901077092369111,57.297397631076656
7,2024-01-01 01:39:00,0.4173271725721904,3.7463965654010765,59.876599003484614
7,2024-01-01 01:40:00,0.4717856968254335,3.7117968380234876,58.88457908713411
7,2024-01-01 01:41:00,0.4441622459619697,3.7731118909860917,58.994900934450456
7,2024-01-01 01:42:00,0.4538667993559248,3.8725330965304803,57.3678210155996
7,2024-01-01 01:43:00,0.3935062183757733,3.628070866266052,59.378590921036114
7,2024-01-01 01:44:00,0.42225793616457014,3.7801827135067905,58.90434094594652
7,2024-01-01 01:45:00,0.49317000527101423,3.8423644399467216,59.762095207609676
7,2024-01-01 01:46:00,0.44803837436085864,3.8605688494737174,59.90733812662414
7,2024-01-01 01:47:00,0.459199118267205,3.7991082771189366,59.86999090486957
7,2024-01-01 01:48:00,0.472001490134331,3.896576775973972,61.44516775683519
7,2024-01-01 01:49:00,0.526467477272082,3.8887111613984033,61.143256683969724
7,2024-01-01 01:50:00,0.5020429189758676,3.8121632431686088,62.01323046383863
7,2024-01-01 01:51:00,0.535438365917555,4.101422982150072,59.751121997128884
7,2024-01-01 01:52:00,0.4934577118840306,3.9391809705845664,60.61686685736231
7,2024-01-01 01:53:00,0.5132932209365456,3.8741239711044626,61.41541538420936
7,2024-01-01 01:54:00,0.4762564857955385,3.862140046960473,61.23893065034973
7,2024-01-01 01:55:00,0.5531986521640593,4.034375540125101,61.756185312477946
7,2024-01-01 01:56:00,0.5266691560932203,3.953816148032559,60.843213056387874
7,2024-01-01 01:57:00,0.5303336470385558,4.21064955378142,61.49901181615548
7,2024-01-01 01:58:00,0.5448073735634065,3.9245263559789767,60.76350933628723
7,2024-01-01 01:59:00,0.5837578721358919,3.856190705524229,61.704911157087516
7,2024-01-01 02:00:00,0.5396635284749464,3.99006611183192,63.47898684697429
7,2024-01-01 02:01:00,0.6017818913732497,4.022778972375418,62.76047665953785
7,2024-01-01 02:02:00,0.5321854552991633,3.805914928108146,64.67031020078282
7,2024-01-01 02:03:00,0.5762851504807007,3.9993821900303743,62.75889650544116
7,2024-01-01 02:04:00,0.6298327177069014,4.006047623138158,63.66337487834068
7,2024-01-01 02:05:00,0.5608463367836006,4.018653809005266,62.52092488503745
7,2024-01-01 02:06:00,0.5889311413940412,4.0051992488621355,66.52472250332879
7,2024-01-01 02:07:00,0.6139793739648879,3.946644694508331,63.93530345193245
7,2024-01-01 02:08:00,0.5896460566215663,4.1695601442702594,65.13342730865385
7,2024-01-01 02:09:00,0.5549493440320065,4.048214713422818,64.9070559069431
7,2024-01-01 02:10:00,0.5745061254929529,4.0171209852141985,64.0996654889582
7,2024-01-01 02:11:00,0.6298859170983981,4.0564397180477725,63.5425164399833
7,2024-01-01 02:12:00,0.6455245014198985,4.098192326981904,65.2194342637793
7,2024-01-01 02:13:00,0.6486848734569651,4.169330173478822,64.69637481259869
7,2024-01-01 02:14:00,0.6659584146701613,4.238389287912911,65.28753367319182
7,2024-01-01 02:15:00,0.6401903201486736,4.089376302340399,66.28421345120245
7,2024-01-01 02:16:00,0.6507911386880663,4.149952128268583,65.90102596596697
7,2024-01-01 02:17:00,0.6055395322778299,4.07656728454905,66.38977452521671
7,2024-01-01 02:18:00,0.6672349783691217,3.8851726431783264,66.3525782216254
7,2024-01-01 02:19:00,0.6827531202449568,4.253314840937346,64.92515573064063
7,2024-01-01 02:20:00,0.6535820139835928,4.403116651362772,67.97834067671398
7,2024-01-01 02:21:00,0.6971521291594446,4.316753351197353,67.94800419516893
7,2024-01-01 02:22:00,0.6301572074412639,4.227315460926045,65.82586046219897
7,2024-01-01 02:23:00,0.7140167245145121,4.301193337635827,67.65719934560438
7,2024-01-01 02:24:00,0.707390199312854,4.187634749763464,66.67974788173689
7,2024-01-01 02:25:00,0.768645927855101,4.3065060654335765,66.78472923255698
7,2024-01-01 02:26:00,0.754714309416325,4.289629959132105,67.71667732600672
7,2024-01-01 02:27:00,0.7645732947497056,4.260841924878453,69.65906063556098
7,2024-01-01 02:28:00,0.7509760067862541,4.400437755428019,69.1592233842667
7,2024-01-01 02:29:00,0.7529908414346025,4.633664995853261,68.89636059883819
7,2024-01-01 02:30:00,0.7053297819113689,4.554075383116892,67.3304070224738
7,2024-01-01 02:31:00,0.7379603999094912,4.39422153454217,71.22533549470074
7,2024-01-01 02:32:00,0.8100974798208355,4.503784804084244,69.73449053933156
7,2024-01-01 02:33:00,0.7189412482399575,4.5156345298060465,66.70179549147728
7,2024-01-01 02:34:00,0.7564963518775737,4.378646227067484,69.63998066432242
7,2024-01-01 02:35:00,0.7348544789375211,4.521872326743397,68.94168503091736
7,2024-01-01 02:36:00,0.8284348194425948,4.327510098333633,70.03023552050593
7,2024-01-01 02:37:00,0.775455658044609,4.405252210757447,70.21076694908801
7,2024-01-01 02:38:00,0.8463360309779389,4.523875287040613,69.0814809235299
8,2024-01-01 00:00:00,0.2547765725692308,3.0654134122321857,39.32098755656343
8,2024-01-01 00:01:00,0.17907275592459204,3.0886456140889784,41.69966802035018
8,2024-01-01 00:02:00,0.23991525162602603,2.9240533746474555,41.69813133162443
8,2024-01-01 00:03:00,0.22634732921486483,3.107058349308762,40.45658470793629
8,2024-01-01 00:04:00,0.2278824953241288,3.055741935906233,41.64714663054126
8,2024-01-01 00:05:00,0.22180822896982869,2.95006167288621,39.52680096124519
8,2024-01-01 00:06:00,0.19019326360747377,3.2056476744966798,40.61744356097381
8,2024-01-01 00:07:00,0.18998045806494993,2.9972353806399505,41.34628799650794
8,2024-01-01 00:08:00,0.17216429251955484,3.0063128443397322,38.92165424625842
8,2024-01-01 00:09:00,0.19105529129780446,2.9932765463284148,42.634327402152024
8,2024-01-01 00:10:00,0.2689989896223783,3.0088119386810397,40.34490696875419
8,2024-01-01 00:11:00,0.20513778900521532,2.874855495818636,42.365282830503034
8,2024-01-01 00:12:00,0.1973583798976427,2.9866875573398617,42.05311058394302
8,2024-01-01 00:13:00,0.18548069100697478,2.928970750495089,42.420789733589274
8,2024-01-01 00:14:00,0.2285900839569626,3.1016270609612233,43.37418661309251
8,2024-01-01 00:15:00,0.1922034131239971,2.8613315098872563,44.50732939217258
8,2024-01-01 00:16:00,0.15596833448762557,3.2498016494987487,41.552435334672104
8,2024-01-01 00:17:00,0.21033705265684083,3.0909294192078507,41.27696455798559
8,2024-01-01 00:18:00,0.13101405897435,3.1661666898469423,43.61632224339192
8,2024-01-01 00:19:00,0.2051074322234962,3.14509212307575,43.09390810591558
8,2024-01-01 00:20:00,0.16223287571372236,3.047406031089185,41.85271152012988
8,2024-01-01 00:21:00,0.21234685419276597,2.988803493767114,42.41722005722752
8,2024-01-01 00:22:00,0.2121643829219491,3.0419917550869284,41.95359967609434
8,2024-01-01 00:23:00,0.17183444173914963,3.002261880199764,43.13402002831294
8,2024-01-01 00:24:00,0.23883784868927535,3.0638779212713616,43.35933633370783
8,2024-01-01 00:25:00,0.20405309983174855,3.0761833191265024,44.18663356355676
8,2024-01-01 00:26:00,0.24189260584523864,3.0450396345927806,44.17240430720348
8,2024-01-01 00:27:00,0.19709215220275,3.1341409588752307,45.32336584942237
8,2024-01-01 00:28:00,0.2020471382603487,2.959631881088484,44.22548850316449
8,2024-01-01 00:29:00,0.17135879013254662,3.0054418311552515,44.61753784896799
8,2024-01-01 00:30:00,0.2193907617729641,3.056757452158255,44.035877962647085
8,2024-01-01 00:31:00,0.2081075977879982,3.0872836751054473,43.89704091150519
8,2024-01-01 00:32:00,0.2268860055572988,3.0800261966115996,46.572449772395615
8,2024-01-01 00:33:00,0.19645315909705557,3.0252580127934663,46.66995825904369
8,2024-01-01 00:34:00,0.23483856974334805,3.0101249533435643,44.72874232493693
8,2024-01-01 00:35:00,0.22600390971032458,3.2328539639161007,45.536416509734615
8,2024-01-01 00:36:00,0.2363284873282881,3.0711032346885303,45.96853318729235
8,2024-01-01 00:37:00,0.23762225277037946,3.112681999646928,44.89334088250352
8,2024-01-01 00:38:00,0.22157008670093073,3.083041619260102,44.721432505412736
8,2024-01-01 00:39:00,0.15503497124104415,3.133769474168497,46.08309787223903
8,2024-01-01 00:40:00,0.24150406487844747,3.029993965964346,45.47086212229198
8,2024-01-01 00:41:00,0.24346057820557399,3.302584170409972,47.92739694824314
8,2024-01-01 00:42:00,0.20638635522176813,3.146415675730953,48.12691775933765
8,2024-01-01 00:43:00,0.1896759245845435,3.2560915341008676,46.85107740822357
8,2024-01-01 00:44:00,0.24690444147552587,3.079072748470311,49.08581350737698
8,2024-01-01 00:45:00,0.21003620733682535,3.169794976380675,46.86527089479204
8,2024-01-01 00:46:00,0.21410119731810295,3.0865365789619266,47.6014445231402
8,2024-01-01 00:47:00,0.21819667551573532,3.1417914759190784,46.641484033436186
8,2024-01-01 00:48:00,0.23852625910566025,3.0820613669984174,46.958531688303175
8,2024-01-01 00:49:00,0.27058877419056804,3.1028469663371148,47.993658153762276
8,2024-01-01 00:50:00,0.2150409971007658,3.241907507616701,48.219900237642804
8,2024-01-01 00:51:00,0.27839655794930956,3.3098587376082658,45.954490075232954
8,2024-01-01 00:52:00,0.2586254878358963,3.0992469870971506,47.38493701953762
8,2024-01-01 00:53:00,0.19558971987904777,3.252985534138218,47.64140133471518
8,2024-01-01 00:54:00,0.30726251521924913,3.341230534697665,47.69720778950114
8,2024-01-01 00:55:00,0.21385973919253834,3.1365030369809017,46.899315303481224
8,2024-01-01 00:56:00,0.27597425618871907,3.2477519167316125,47.35709692484988
8,2024-01-01 00:57:00,0.22729795547839643,3.2480012377354344,49.75978591762635
8,2024-01-01 00:58:00,0.2587192312222041,3.241189469062993,48.55268456864175
8,2024-01-01 00:59:00,0.23501082279121596,3.1858050368849686,50.05620807193107
8,2024-01-01 01:00:00,0.2982364550981224,3.3353132400717405,50.48143649336884
8,2024-01-01 01:01:00,0.25238209174891274,3.2215518983392792,49.5753797387662
8,2024-01-01 01:02:00,0.25464179987937063,2.970133895569725,49.804325959227064
8,2024-01-01 01:03:00,0.2632043962821725,3.344584702078055,51.34076300355064
8,2024-01-01 01:04:00,0.32167919793492095,3.260206453955175,50.9341800898051
8,2024-01-01 01:05:00,0.24461963652240076,3.314650456054935,49.29551851466647
8,2024-01-01 01:06:00,0.22600098916223665,3.3302053470525355,52.07782412463291
8,2024-01-01 01:07:00,0.2681567985173164,3.2397960227609404,50.26422772724081
8,2024-01-01 01:08:00,0.277972978163734,3.23534023730949,51.72667947186209
8,2024-01-01 01:09:00,0.2893532337825735,3.3602488683791685,51.764112256217395
8,2024-01-01 01:10:00,0.263537244257271,3.2098620607657966,51.18474463245246
8,2024-01-01 01:11:00,0.3036833090822322,3.2096100466869624,50.800241108021936
8,2024-01-01 01:12:00,0.2848740685590187,3.3290879938779607,51.69260132312024
8,2024-01-01 01:13:00,0.28209330430892604,3.406484706331371,51.84368858699955
8,2024-01-01 01:14:00,0.30560863368004715,3.3214139497960002,51.922920816309414
8,2024-01-01 01:15:00,0.3158512553570572,3.587556751685455,51.81167290671138
8,2024-01-01 01:16:00,0.290769715124817,3.4354910115480832,53.36714781838994
8,2024-01-01 01:17:00,0.24373024716302155,3.2175836475163075,52.80789995305332
8,2024-01-01 01:18:00,0.33617459307910846,3.207163261730192,51.9885920948855
8,2024-01-01 01:19:00,0.2711616897284335,3.398285078248366,52.431369517398444
8,2024-01-01 01:20:00,0.32920599027290565,3.4050259517676023,52.21115786187929
8,2024-01-01 01:21:00,0.30082753386623384,3.4125123867494844,52.690129936424285
8,2024-01-01 01:22:00,0.35060922358262003,3.5111090837653864,54.127755395043074
8,2024-01-01 01:23:00,0.31174932197727323,3.6422580985053146,53.09134356652365
8,2024-01-01 01:24:00,0.37604886515084374,3.410375475282767,52.48749214362914
8,2024-01-01 01:25:00,0.30988463291981294,3.454586321163469,52.59401237617217
8,2024-01-01 01:26:00,0.31130056521862726,3.427987568097079,54.786592462151724
8,2024-01-01 01:27:00,0.30597585915117853,3.4479930479724907,53.519989984585386
8,2024-01-01 01:28:00,0.30776148392499714,3.5719598664473082,52.09170487206028
8,2024-01-01 01:29:00,0.3470340240814212,3.3648139502027363,53.6575908479668
8,2024-01-01 01:30:00,0.31088657533410724,3.268472946219652,53.662743892938785
8,2024-01-01 01:31:00,0.3182638251829102,3.5333604182483143,54.60644264356664
8,2024-01-01 01:32:00,0.31997559557261274,3.613432130959101,54.92983883759362
8,2024-01-01 01:33:00,0.33251144589164366,3.603088542415698,56.35691553162262
8,2024-01-01 01:34:00,0.31029071021968985,3.6228844456609033,55.671876186725065
8,2024-01-01 01:35:00,0.3480040986617676,3.5999552215721615,56.18768600107121
8,2024-01-01 01:36:00,0.36714889889192387,3.711345934453691,56.22670886022832
8,2024-01-01 01:37:00,0.34612593171234,3.639094917736018,55.663185384780526
8,2024-01-01 01:38:00,0.3557271222373293,3.5535798029729317,56.654534071997155
8,2024-01-01 01:39:00,0.32776302035307664,3.7367092210997868,53.612370404823594
8,2024-01-01 01:40:00,0.3476690482575346,3.399923339559281,57.048593110133474
8,2024-01-01 01:41:00,0.3587752174789923,3.576398440359143,56.379311187553455
8,2024-01-01 01:42:00,0.3832637996903691,3.690983133820584,56.50302351584219
8,2024-01-01 01:43:00,0.36493067426269354,3.5740195296317028,54.20732317120577
8,2024-01-01 01:44:00,0.3603314748528489,3.4863372103691677,55.67452598640993
8,2024-01-01 01:45:00,0.408534557750043,3.7652823333283347,56.002824815439794
8,2024-01-01 01:46:00,0.3744371734083346,3.5561113007178125,58.71497308018154
8,2024-01-01 01:47:00,0.4034213883437211,3.4641364295474397,57.94944428406493
8,2024-01-01 01:48:00,0.4370883314557289,3.6440443283206903,57.154277029996145
8,2024-01-01 01:49:00,0.369690945993133,3.704620230403759,57.17991299380035
8,2024-01-01 01:50:00,0.3683737879910759,3.5695027496417953,57.60351120231699
8,2024-01-01 01:51:00,0.45264409835588254,3.69151299439127,57.65247907198671
8,2024-01-01 01:52:00,0.4282654883419379,3.8081142244999735,58.97584352169605
8,2024-01-01 01:53:00,0.4204366874427409,3.7546821124944554,57.61876246314319
8,2024-01-01 01:54:00,0.34607678138296843,3.628064316715526,57.43134722095083
8,2024-01-01 01:55:00,0.4314084481693669,3.8520333667961943,58.924802005238476
8,2024-01-01 01:56:00,0.45003278315954665,3.7310595135287112,58.731454647784616
8,2024-01-01 01:57:00,0.4067546624237139,3.722336840347895,58.81646535984467
8,2024-01-01 01:58:00,0.4358008715770959,3.787574889218119,57.85495650652836
8,2024-01-01 01:59:00,0.42342456712909193,3.633440164225269,57.719466793141905
8,2024-01-01 02:00:00,0.4262332042218279,3.6625551109703722,59.97830046835035
8,2024-01-01 02:01:00,0.42054582772558186,3.7367288207015243,58.806617019731526
8,2024-01-01 02:02:00,0.45797869204936853,3.598207762335066,59.62370005869793
8,2024-01-01 02:03:00,0.45185603228852056,3.844241776447011,57.79381307336058
8,2024-01-01 02:04:00,0.45063434586685563,3.806673399839917,59.702562109665216
8,2024-01-01 02:05:00,0.4915788731169601,3.982243376415868,60.144020886381284
8,2024-01-01 02:06:00,0.49965501467783097,3.8349535127306105,58.64483396785255
8,2024-01-01 02:07:00,0.49068261855159345,3.7703714181644887,60.81503410948693
8,2024-01-01 02:08:00,0.5046775580433512,3.8828756793379986,58.77911371460359
8,2024-01-01 02:09:00,0.4706739791485784,3.9340257308998923,61.759150098222975
8,2024-01-01 02:10:00,0.5562549031053161,3.8121620833977494,61.51242060072515
8,2024-01-01 02:11:00,0.4980845732712339,3.8332377624630247,60.64518550757823
8,2024-01-01 02:12:00,0.4508490910448096,3.9292946124364896,60.885394913671135
8,2024-01-01 02:13:00,0.4705223899796211,3.937637145533146,61.03770380015484
8,2024-01-01 02:14:00,0.5112618721986237,3.8286279852932297,62.765288587950536
8,2024-01-01 02:15:00,0.4793328655436502,3.812728953943062,62.75884336084345
8,2024-01-01 02:16:00,0.5150131489132664,3.9339973101616423,63.16056311709815
8,2024-01-01 02:17:00,0.4789572806663191,3.75951542440352,63.73611651373871
8,2024-01-01 02:18:00,0.5248896383858599,3.8364534999140374,62.30295734266347
8,2024-01-01 02:19:00,0.5302447165433619,3.856171007207876,63.30931094277772
8,2024-01-01 02:20:00,0.5531575753481615,4.137774549481598,64.10814041378399
8,2024-01-01 02:21:00,0.5293283170252621,4.0802221930089235,62.7659658789643
8,2024-01-01 02:22:00,0.5360041126707247,4.033303651774118,63.900846672678824
8,2024-01-01 02:23:00,0.508838528839044,4.072230479612382,62.93572018308733
8,2024-01-01 02:24:00,0.5518278623410902,4.147383481106075,63.49888565496775
8,2024-01-01 02:25:00,0.5525121545488719,3.9857968891246163,62.09414168067545
8,2024-01-01 02:26:00,0.6039454766975928,4.054166736384603,62.63527727040676
8,2024-01-01 02:27:00,0.5420274998373541,4.192363134285302,64.82069386313641
8,2024-01-01 02:28:00,0.6133832432965739,4.044242970655422,64.1489655436332
8,2024-01-01 02:29:00,0.6042821159119341,3.981377980948803,63.09694167908252
8,2024-01-01 02:30:00,0.6123139326997247,3.9949020344940522,64.64570337538827
8,2024-01-01 02:31:00,0.6181029169019112,4.176693495463551,64.13843002740478
8,2024-01-01 02:32:00,0.594312524934983,4.151121964013354,65.00436876379965
8,2024-01-01 02:33:00,0.6434241534701434,4.079304063607582,65.13267419902476
8,2024-01-01 02:34:00,0.651386402757123,4.202174584028556,65.05765684485554
8,2024-01-01 02:35:00,0.6166307023481415,4.032352870104229,64.42489774210684
8,2024-01-01 02:36:00,0.602944531563489,4.178514109717935,65.12801935379461
8,2024-01-01 02:37:00,0.5410228888738056,4.238707058859015,65.7588108476191
8,2024-01-01 02:38:00,0.6308713131239302,4.002047913053852,64.8540169312147
8,2024-01-01 02:39:00,0.5900818438548676,4.19015949732721,64.8923474729163
8,2024-01-01 02:40:00,0.6340557893690592,4.124354468993066,66.54336585863629
8,2024-01-01 02:41:00,0.6085123177698424,4.293877899207512,67.34959080486395
8,2024-01-01 02:42:00,0.6081597345478589,4.101134737515023,65.44444024816195
8,2024-01-01 02:43:00,0.7041497206848463,4.34997679129448,65.70233297844172
8,2024-01-01 02:44:00,0.656255112484997,4.155298024043295,65.46733241243261
8,2024-01-01 02:45:00,0.6359348568316094,4.244142207108941,66.28342112021186
8,2024-01-01 02:46:00,0.6503750496682791,4.32041100762368,64.8964717633035
8,2024-01-01 02:47:00,0.7024297886510742,4.086603378300932,66.03867679348168
8,2024-01-01 02:48:00,0.679748378693165,4.276934679402584,67.01169581151233
8,2024-01-01 02:49:00,0.657066341392633,4.426934146756849,66.80424433317577
8,2024-01-01 02:50:00,0.6089219471906614,4.213897725939197,67.29717600362454
8,2024-01-01 02:51:00,0.7178705189316535,4.125501493045492,66.4860699858485
8,2024-01-01 02:52:00,0.6786843808186721,4.467358602449659,68.51658537215427
8,2024-01-01 02:53:00,0.7451773518932983,4.457024681928831,67.9987966382259
8,2024-01-01 02:54:00,0.7154557122521358,4.307674581861434,67.60530576202345
8,2024-01-01 02:55:00,0.6960761744851984,4.380249564498321,67.01262825596477
8,2024-01-01 02:56:00,0.7541336580227347,4.4435494603430605,67.08465786037002
8,2024-01-01 02:57:00,0.7538724859346545,4.352063497134835,67.60467134141521
8,2024-01-01 02:58:00,0.7629734598882155,4.339822235748366,68.45759412219472
8,2024-01-01 02:59:00,0.7917965291000185,4.414694266706203,67.89559341330141
8,2024-01-01 03:00:00,0.763534372634117,4.100172930559843,69.06495924594701
8,2024-01-01 03:01:00,0.749015620430244,4.354435764124425,68.56776505221733
8,2024-01-01 03:02:00,0.8057966278346809,4.262629679942746,69.1630300431063
8,2024-01-01 03:03:00,0.7996387871183908,4.359938022393968,69.72070343900755
8,2024-01-01 03:04:00,0.7489725087149376,4.5277937419163266,70.38118578926208
8,2024-01-01 03:05:00,0.819217273488795,4.38797641165401,69.56019209084299
8,2024-01-01 03:06:00,0.7376009625619384,4.460167233249955,69.26727854329786
8,2024-01-01 03:07:00,0.7966182253221611,4.387549618965715,70.34095961024123
8,2024-01-01 03:08:00,0.8348411873141346,4.7108001224995935,68.85542848287005
8,2024-01-01 03:09:00,0.8021057034483134,4.474907081972888,70.82271883683143
9,2024-01-01 00:00:00,0.13429992646480737,3.0897226718640614,40.04468496397369
9,2024-01-01 00:01:00,0.22511968151106979,3.2543082270558257,39.14416272558324
9,2024-01-01 00:02:00,0.2363062884500659,2.9660945788714295,40.07096154891869
9,2024-01-01 00:03:00,0.1941923663549377,3.2091853548238487,40.79660540723452
9,2024-01-01 00:04:00,0.2102281412256581,2.9584764288885026,41.1914701965649
9,2024-01-01 00:05:00,0.17890069578744516,3.0715939015776543,39.846502718840945
9,2024-01-01 00:06:00,0.20936508555958452,2.945354615792868,40.63612918097424
9,2024-01-01 00:07:00,0.19611052446145746,3.053024332104059,41.27433191213888
9,2024-01-01 00:08:00,0.18576469421407105,3.0277617151631797,40.8247684605922
9,2024-01-01 00:09:00,0.2997794044644143,3.068434412786794,42.83363101989599
9,2024-01-01 00:10:00,0.18189091356099935,3.0732744503250613,42.33223028412528
9,2024-01-01 00:11:00,0.25087534576560455,2.909529453739965,41.077119403761024
9,2024-01-01 00:12:00,0.17108869899921156,3.011985644237241,43.97727778180727
9,2024-01-01 00:13:00,0.18900901052477995,3.224301808022193,41.806593469891695
9,2024-01-01 00:14:00,0.24734140902247703,3.169863911701159,41.39138548072447
9,2024-01-01 00:15:00,0.22705722399391357,2.943673879047867,42.97076071321296
9,2024-01-01 00:16:00,0.14918442642484958,2.993186438314042,44.96909071778576
9,2024-01-01 00:17:00,0.17805892328397557,2.9346705891397367,41.75161353098503
9,2024-01-01 00:18:00,0.1899600504853156,2.9710856760824322,42.12420628091836
9,2024-01-01 00:19:00,0.203801714655896,3.0056599366456576,42.662162034069155
9,2024-01-01 00:20:00,0.20826654899461913,3.1741489002855774,43.045058791079484
9,2024-01-01 00:21:00,0.20985003405518535,3.1800758378832197,42.31506993619555
9,2024-01-01 00:22:00,0.25072371042109654,3.0344716744224205,44.89715113437729
9,2024-01-01 00:23:00,0.20891988477584944,3.150878195029895,44.063888513611666
9,2024-01-01 00:24:00,0.22552092081571196,3.049401185090099,41.987781340952985
9,2024-01-01 00:25:00,0.18961637238338117,2.9973069837117996,45.11268594784921
9,2024-01-01 00:26:00,0.2337534972634435,2.9698085357054276,45.28489882039902
9,2024-01-01 00:27:00,0.2473591759131355,3.069328431187814,46.40357456138506
9,2024-01-01 00:28:00,0.19534229498362904,2.9538830067452473,43.01963974483585
9,2024-01-01 00:29:00,0.2100313481322224,2.9567327797136604,44.33014741893115
9,2024-01-01 00:30:00,0.2306092620524464,3.1740404045296082,44.84149039977442
9,2024-01-01 00:31:00,0.19430125751794872,3.117011229222181,45.26453347330934
9,2024-01-01 00:32:00,0.2054480136699621,3.128305664561187,44.25460427433643
9,2024-01-01 00:33:00,0.23042853287680573,2.933810664269478,44.150199257175316
9,2024-01-01 00:34:00,0.28922136078006444,3.050016340789237,47.861777656314224
9,2024-01-01 00:35:00,0.23765655811354208,3.18077455263635,44.69884696518063
9,2024-01-01 00:36:00,0.25563203174062615,3.367620625547815,47.30477922691394
9,2024-01-01 00:37:00,0.13815828276276682,3.12454619061125,45.261803329640195
9,2024-01-01 00:38:00,0.20688720481306416,3.1934440025250947,44.75041331881398
9,2024-01-01 00:39:00,0.23641562566610375,3.0313916987554794,45.868141594062244
9,2024-01-01 00:40:00,0.2251552412197079,3.0823634498823917,45.021919894917914
9,2024-01-01 00:41:00,0.22167400846366997,3.0939639326744848,45.660639687869896
9,2024-01-01 00:42:00,0.24926853377408392,3.2520150074943137,44.69351245520575
9,2024-01-01 00:43:00,0.2787817833067999,3.158411757125209,47.81357767728621
9,2024-01-01 00:44:00,0.2536236372403005,3.161364246729947,47.3270139781299
9,2024-01-01 00:45:00,0.2568381089434844,3.3077452400546803,45.462307414635404
9,2024-01-01 00:46:00,0.2626781847747688,3.1749108848175003,48.90773344484413
9,2024-01-01 00:47:00,0.25504498583789814,3.2675716467450213,48.5264144748043
9,2024-01-01 00:48:00,0.2337320142539463,3.1849746254511038,49.67070042408572
9,2024-01-01 00:49:00,0.24576708760747384,3.3862502430776473,47.316522064467506
9,2024-01-01 00:50:00,0.21000245699854256,3.339223325037068,47.401980375131345
9,2024-01-01 00:51:00,0.27429981755437516,3.2333009865788163,46.62148758428179
9,2024-01-01 00:52:00,0.243310019334364,3.1565373094275384,49.05152524261267
9,2024-01-01 00:53:00,0.21094706353084872,3.3942205917953254,45.93591797675646
9,2024-01-01 00:54:00,0.2973921228812514,3.2911844848405782,50.11992175245265
9,2024-01-01 00:55:00,0.24424339384438942,3.3121054220534965,47.529030288706004
9,2024-01-01 00:56:00,0.2385899790685438,3.185725392798626,49.20111628930455
9,2024-01-01 00:57:00,0.18163695064239177,3.3448776537300726,49.63446115164324
9,2024-01-01 00:58:00,0.26409339210914234,3.2224523904716285,50.01914427354884
9,2024-01-01 00:59:00,0.2640656352248755,3.4070900904507075,49.7078316432646
9,2024-01-01 01:00:00,0.2794832045230407,3.08475732439678,49.614444326541495
9,2024-01-01 01:01:00,0.28683253788248264,3.2778183468283455,50.114952625435244
9,2024-01-01 01:02:00,0.3149299571150049,3.223461613145081,51.546278400875515
9,2024-01-01 01:03:00,0.24956113169742813,3.2887659923314274,50.265503408395276
9,2024-01-01 01:04:00,0.2668679172959606,3.380691812921758,48.82205624356264
9,2024-01-01 01:05:00,0.27540071945064043,3.4407330505683738,51.92724137024712
9,2024-01-01 01:06:00,0.26905959754905157,3.2721784863851706,50.60664060010142
9,2024-01-01 01:07:00,0.2503296577627697,3.303265264744179,50.80956556753664
9,2024-01-01 01:08:00,0.2969477625106636,3.313655487381567,51.56579988241202
9,2024-01-01 01:09:00,0.23096262046986943,3.4238751665580303,49.12159869353843
9,2024-01-01 01:10:00,0.2720314868747556,3.1780192176014896,52.87132662013037
9,2024-01-01 01:11:00,0.27684415293331033,3.448827543082242,54.73520934374424
9,2024-01-01 01:12:00,0.3110207001055824,3.626061788252725,51.43450425617548
9,2024-01-01 01:13:00,0.2592803341409682,3.5061035919822454,51.54152224156041
9,2024-01-01 01:14:00,0.28432570551383163,3.3642736665489625,51.68886311739718
9,2024-01-01 01:15:00,0.2865062736002878,3.5646674208621727,50.70831820805137
9,2024-01-01 01:16:00,0.2743848449936914,3.289251373436629,50.38437968481333
9,2024-01-01 01:17:00,0.3005242549690878,3.2786391668728947,52.28124591034264
9,2024-01-01 01:18:00,0.3068462968465355,3.5276401769323686,52.976642573064304
9,2024-01-01 01:19:00,0.34246445421237465,3.293315325853903,53.695824956258186
9,2024-01-01 01:20:00,0.31329717880375,3.357516361881798,53.12874473787473
9,2024-01-01 01:21:00,0.29244724457090293,3.486958080282414,52.076198963848796
9,2024-01-01 01:22:00,0.32235933700441816,3.5093444737222415,52.71693222916382
9,2024-01-01 01:23:00,0.31274451026001343,3.6145064966923903,52.49335859077855
9,2024-01-01 01:24:00,0.2844662220732266,3.206929395861522,52.64459182376446
9,2024-01-01 01:25:00,0.33444331698607366,3.543193247906677,53.88136380592543
9,2024-01-01 01:26:00,0.32048193476440423,3.4412760553403987,54.11445356304786
9,2024-01-01 01:27:00,0.3326832432531768,3.4088593114303585,55.976384104069815
9,2024-01-01 01:28:00,0.34001823560120303,3.6348450078460472,56.24950625420551
9,2024-01-01 01:29:00,0.3613091973802128,3.5129343816368346,53.88261282055279
9,2024-01-01 01:30:00,0.34963167541051005,3.405955302740229,53.57028757395985
9,2024-01-01 01:31:00,0.3134886103753143,3.6357423031050313,54.293499688145786
9,2024-01-01 01:32:00,0.39357862744832095,3.532517552119735,53.477664849299856
9,2024-01-01 01:33:00,0.33475767104866905,3.6322121424864706,53.77994980279085
9,2024-01-01 01:34:00,0.30950240605726465,3.4380341031591497,55.41553614894037
9,2024-01-01 01:35:00,0.3654113688164565,3.5827491412674024,55.21946616753588
9,2024-01-01 01:36:00,0.3381008193319731,3.534550705877435,56.81706919639483
9,2024-01-01 01:37:00,0.40773757760783547,3.5697393712142587,56.18020006274458
9,2024-01-01 01:38:00,0.3860925910050954,3.455843535469447,54.549466534467186
9,2024-01-01 01:39:00,0.37100048914356626,3.6358810403283304,55.922029024159386
9,2024-01-01 01:40:00,0.40156786052128934,3.5462042543059678,55.62586026895378
9,2024-01-01 01:41:00,0.3857611776611907,3.5686583254192334,56.45773721210406
9,2024-01-01 01:42:00,0.3153950807334199,3.7817670452080008,56.090557363004024
9,2024-01-01 01:43:00,0.4075207388058016,3.8836500214682714,58.890069007250844
9,2024-01-01 01:44:00,0.39915444755965246,3.699027399048817,57.494339561707264
9,2024-01-01 01:45:00,0.41028630686667583,3.3195223036858703,56.879442496142616
9,2024-01-01 01:46:00,0.3852925545538498,3.7005181316842624,57.0116333822513
9,2024-01-01 01:47:00,0.3871347680474069,3.6671297650797476,58.44379653860073
9,2024-01-01 01:48:00,0.37164767183789005,3.6905948918658917,57.128142289893034
9,2024-01-01 01:49:00,0.41131159206941553,3.7271259971709005,54.986635620295125
9,2024-01-01 01:50:00,0.3895711337011414,3.7094826675966983,58.596186128875054
9,2024-01-01 01:51:00,0.39005706570873255,3.7649672832714636,56.74196769273727
9,2024-01-01 01:52:00,0.39464612840920815,3.7710879841442058,57.35421835903854
9,2024-01-01 01:53:00,0.4933076674281134,3.8549334021056536,59.15267948470303
9,2024-01-01 01:54:00,0.43308810763488464,3.6106964175013294,57.69990867404838
9,2024-01-01 01:55:00,0.4014479993813762,3.534165370111471,58.05026185072629
9,2024-01-01 01:56:00,0.42698493842059015,3.5850262056496005,59.925772720682865
9,2024-01-01 01:57:00,0.478053681697137,3.7905320485430996,58.843920234238425
9,2024-01-01 01:58:00,0.4022881790293486,3.7801747478289136,58.58718628528734
9,2024-01-01 01:59:00,0.47592900041342173,3.7197972847793768,59.48199560402584
9,2024-01-01 02:00:00,0.4547997533383088,3.6165493533354693,59.855655324283376
9,2024-01-01 02:01:00,0.4256368256309993,3.7795893349484135,59.742125524717544
9,2024-01-01 02:02:00,0.46359827298082273,3.748909946127079,59.14292757363232
9,2024-01-01 02:03:00,0.4732439963535348,3.800425281621116,60.942581722454364
9,2024-01-01 02:04:00,0.4851662574975338,4.040303705209424,60.28648266392317
9,2024-01-01 02:05:00,0.5030228812222389,3.7868874530003125,58.543212059141965
9,2024-01-01 02:06:00,0.4511961461932155,3.7197140606241055,60.145318276272754
9,2024-01-01 02:07:00,0.5103687337578021,3.906430330090428,60.89091303772118
9,2024-01-01 02:08:00,0.47508196734875047,3.827277663278794,61.19421054509413
9,2024-01-01 02:09:00,0.5633024946124044,3.6366516765928028,60.6864858616029
9,2024-01-01 02:10:00,0.48998731436411,3.8640304971718056,61.00793675601115
9,2024-01-01 02:11:00,0.46351092042701025,3.9305896337042308,60.07500937676398
9,2024-01-01 02:12:00,0.5013995931112318,3.9088276450391737,61.02351708597426
9,2024-01-01 02:13:00,0.5024657807697005,3.905906501953144,62.364869608887886
9,2024-01-01 02:14:00,0.49733770762381746,3.917277073265263,61.52612333568189
9,2024-01-01 02:15:00,0.5048652766968439,4.026006578075659,61.43987463444585
9,2024-01-01 02:16:00,0.5929223621943643,3.928329198940805,60.701609530752904
9,2024-01-01 02:17:00,0.4892680735462873,3.97128253648237,61.992736825534394
9,2024-01-01 02:18:00,0.5316170425299394,4.014154078972455,62.22075307838318
9,2024-01-01 02:19:00,0.4672483491024533,3.8233213749527972,62.19702276359178
9,2024-01-01 02:20:00,0.5583508366176602,4.071020895297872,61.373907069264675
9,2024-01-01 02:21:00,0.5274786852243557,4.003356625067863,62.09133393243948
9,2024-01-01 02:22:00,0.5968501246771503,4.02169556266064,63.69955645625318
9,2024-01-01 02:23:00,0.571776682258611,4.008774742471505,61.62693818434536
9,2024-01-01 02:24:00,0.5956393627949241,4.0789486380012585,64.82108484902322
9,2024-01-01 02:25:00,0.5562185365604119,4.070714062781546,61.84677827301535
9,2024-01-01 02:26:00,0.6174609038247959,4.194910616222475,65.64182759266268
9,2024-01-01 02:27:00,0.606468556022092,4.11610285554971,62.95197207712037
9,2024-01-01 02:28:00,0.6202605371685281,4.0949678901549875,65.15946746338946
9,2024-01-01 02:29:00,0.5879642799853417,4.1139909871543825,64.04153139432944
9,2024-01-01 02:30:00,0.5628504990618811,4.16848159565256,64.79351311262643
9,2024-01-01 02:31:00,0.6155133446656755,4.106361257270264,64.87086557135042
9,2024-01-01 02:32:00,0.608255416343985,4.043446681521198,63.506736805271665
9,2024-01-01 02:33:00,0.6060724095964712,4.045112387672835,64.12810229765381
9,2024-01-01 02:34:00,0.6732262872489536,4.221670077423495,64.70261841491387
9,2024-01-01 02:35:00,0.6114386226054139,4.1768241969086715,65.87431391904546
9,2024-01-01 02:36:00,0.5969670208578023,4.17763738643269,64.70818697620044
9,2024-01-01 02:37:00,0.6350876890116047,4.055690098349562,62.7833709920214
9,2024-01-01 02:38:00,0.6265753303980491,4.158620677268496,65.03108635496568
9,2024-01-01 02:39:00,0.6166332247212558,4.29754596231847,65.87246023380041
9,2024-01-01 02:40:00,0.5640728225744351,4.278961087648709,66.53663356236261
9,2024-01-01 02:41:00,0.6662993021331002,4.173975423342995,66.69973743428999
9,2024-01-01 02:42:00,0.6675578148158041,4.2382317194416395,64.12275132304639
9,2024-01-01 02:43:00,0.6158345194569796,4.285569649278912,64.49988000562705
9,2024-01-01 02:44:00,0.6197739156977237,4.207238036686215,65.68521786056738
9,2024-01-01 02:45:00,0.6681751951867959,4.328704714027669,66.86226715653726
9,2024-01-01 02:46:00,0.6440455298731237,4.423712844184567,66.82897184174765
9,2024-01-01 02:47:00,0.6610190696976113,4.328877670067964,66.39833533209406
9,2024-01-01 02:48:00,0.6739229298815865,4.3111524810915265,66.95845038455566
9,2024-01-01 02:49:00,0.6201338007548034,4.057444722278268,66.02750507991631
9,2024-01-01 02:50:00,0.7013105791124281,4.253507681014036,66.79504038719506
9,2024-01-01 02:51:00,0.7364652624833954,4.270561711267066,67.6790167797351
9,2024-01-01 02:52:00,0.7557508122899814,4.256041955669785,65.60787148152424
9,2024-01-01 02:53:00,0.7372204285643608,4.258498329635988,68.96470475338883
9,2024-01-01 02:54:00,0.7151618665609826,4.510159754488712,68.24341197598564
9,2024-01-01 02:55:00,0.6836230749222675,4.326864455208032,66.87916094827517
9,2024-01-01 02:56:00,0.7567215109809105,4.498179829283543,68.23877863816735
9,2024-01-01 02:57:00,0.7491462255055904,4.404637872052721,68.75314226091396
9,2024-01-01 02:58:00,0.7409761311484429,4.3684457243600745,69.31325542173863
9,2024-01-01 02:59:00,0.7783597086088836,4.299525417395837,70.06755025819477
9,2024-01-01 03:00:00,0.7590946171161894,4.472107356218993,69.5654984027365
9,2024-01-01 03:01:00,0.762275985973554,4.5421229549543485,70.14873771311566
9,2024-01-01 03:02:00,0.826568392675793,4.42637795603273,69.39302435167419
9,2024-01-01 03:03:00,0.828643064936247,4.575484063536143,69.89562600743324
9,2024-01-01 03:04:00,0.7974779907521197,4.612261227072975,69.50549444340345
9,2024-01-01 03:05:00,0.7701442079093958,4.409141887420244,69.3159936144088
9,2024-01-01 03:06:00,0.757106642183663,4.468057535485877,69.55671960165282
10,2024-01-01 00:00:00,0.18629676818561372,3.0003909020718402,40.12414443854649
10,2024-01-01 00:01:00,0.21834320877719482,2.854223795024799,39.41057761708963
10,2024-01-01 00:02:00,0.18622771012083697,3.021021587075348,39.78853986438925
10,2024-01-01 00:03:00,0.16223239729153316,3.0460807715622624,39.89776232796538
10,2024-01-01 00:04:00,0.2361067046495052,2.875293888300118,40.44452635285872
10,2024-01-01 00:05:00,0.2542106224740038,2.9002031295794586,40.84428621201291
10,2024-01-01 00:06:00,0.2071122600815129,2.9403316940197706,42.83078128117282
10,2024-01-01 00:07:00,0.21619874940083703,3.033140699483979,41.11888431001545
10,2024-01-01 00:08:00,0.2527641569584792,2.9733910233246,42.77859666738502
10,2024-01-01 00:09:00,0.21609636710032412,2.7856003528966173,41.106842912277116
10,2024-01-01 00:10:00,0.2359842054531376,2.936650885884274,42.01278477796262
10,2024-01-01 00:11:00,0.22264358797431008,3.1281425750659695,41.01380290221458
10,2024-01-01 00:12:00,0.24108688480949583,3.079934348445118,41.52998796269853
10,2024-01-01 00:13:00,0.21107912022854952,3.0841786526416817,40.90161384752132
10,2024-01-01 00:14:00,0.2109927299131482,3.015395009695256,42.43548108753808
10,2024-01-01 00:15:00,0.22058452112585827,3.240591366850921,41.088085927885935
10,2024-01-01 00:16:00,0.16215819188943104,3.018786273399236,41.694279983459076
10,2024-01-01 00:17:00,0.17678599562457203,3.004970189552863,42.33651865725494
10,2024-01-01 00:18:00,0.24417830518657432,2.983383215096112,42.6756480696795
10,2024-01-01 00:19:00,0.24634891746061843,2.9933356500844805,42.890048762157186
10,2024-01-01 00:20:00,0.2170433851667938,3.114088094274032,42.015836093870234
10,2024-01-01 00:21:00,0.1759959563678942,2.8301828736382926,41.25478775909207
10,2024-01-01 00:22:00,0.24108294973175612,2.922849537524624,40.478613536946035
10,2024-01-01 00:23:00,0.2078625698929493,3.1843017062874845,41.969589445411216
10,2024-01-01 00:24:00,0.17084247621150475,2.9695628844287993,42.330836563972454
10,2024-01-01 00:25:00,0.22504278513218798,2.937357758688935,42.4190428362866
10,2024-01-01 00:26:00,0.23375802097432347,3.036427906123905,42.39486080196928
10,2024-01-01 00:27:00,0.2338143050556905,2.9814186951795225,43.82161621822978
10,2024-01-01 00:28:00,0.19881160674212586,3.0886893019971815,43.21057501914373
10,2024-01-01 00:29:00,0.19309973977138442,2.9429795540119446,43.4728054199738
10,2024-01-01 00:30:00,0.1700912112985238,3.2157892059034787,42.94815546171211
10,2024-01-01 00:31:00,0.25551548061773993,2.9381073205446966,45.49070053091717
10,2024-01-01 00:32:00,0.21696417187761594,3.0641809461307448,43.707376748427734
10,2024-01-01 00:33:00,0.258244742731646,3.0815861088652934,41.75673099982407
10,2024-01-01 00:34:00,0.20417478112067955,3.1041239948835924,43.455131585264525
10,2024-01-01 00:35:00,0.2639994104300289,3.0769564826778986,43.028468092347204
10,2024-01-01 00:36:00,0.15876371326523367,3.086022375000397,43.080130601495995
10,2024-01-01 00:37:00,0.21904715399169267,3.083233362754731,45.06850200499687
10,2024-01-01 00:38:00,0.19052358784981,3.2244846768134594,47.11197686242754
10,2024-01-01 00:39:00,0.19755190199559014,3.0851079565084887,43.64578596152012
10,2024-01-01 00:40:00,0.17670292689229233,3.1977828114171434,44.56038566690811
10,2024-01-01 00:41:00,0.19804025504328815,3.032028212951813,44.31841302108035
10,2024-01-01 00:42:00,0.2754893297981201,3.108886983978817,43.06366434514109
10,2024-01-01 00:43:00,0.2021945515059425,3.100032391808929,46.49727828553808
10,2024-01-01 00:44:00,0.25247383227271936,3.2170629568836837,44.526676626973874
10,2024-01-01 00:45:00,0.16236173646191626,3.062367423703744,46.36578296596189
10,2024-01-01 00:46:00,0.29509561254933453,3.0559119427267176,47.0456308492775
10,2024-01-01 00:47:00,0.2223013024540257,3.113577075332479,45.730297731993026
10,2024-01-01 00:48:00,0.2511697039186931,3.131209560654269,44.9207941883092
10,2024-01-01 00:49:00,0.26199304687550956,2.9272830272167703,43.340657538003136
10,2024-01-01 00:50:00,0.20862497960141366,3.0559011489107717,46.88382180782295
10,2024-01-01 00:51:00,0.2396160566898791,3.257040099958283,48.49195322918947
10,2024-01-01 00:52:00,0.21979560289353556,3.1248812949251814,46.022152106805535
10,2024-01-01 00:53:00,0.20851106907171213,3.1305335747591747,47.06261783862609
10,2024-01-01 00:54:00,0.18400031999063043,3.2161194696732642,46.33424768512987
10,2024-01-01 00:55:00,0.2282082291200382,3.2175881579768215,46.239737461003216
10,2024-01-01 00:56:00,0.2547961079526984,3.3419424191634772,48.507513245072936
10,2024-01-01 00:57:00,0.2614389260083311,3.2356596863795004,47.26659258145546
10,2024-01-01 00:58:00,0.2416340080070272,3.1330671052368375,47.23348023102591
10,2024-01-01 00:59:00,0.24839230095501036,3.1871989672455108,47.47292016812498
10,2024-01-01 01:00:00,0.24648115707847734,3.2637446318705927,47.592664770421976
10,2024-01-01 01:01:00,0.21631573499257692,3.28717879961613,45.980674418373646
10,2024-01-01 01:02:00,0.19360246359179983,3.1054657363686733,47.54793606121523
10,2024-01-01 01:03:00,0.2241337152944671,3.2674608484143715,49.56111478615558
10,2024-01-01 01:04:00,0.19432798735255774,3.381987966981677,48.76208104526552
10,2024-01-01 01:05:00,0.26837764064546915,3.1927625956459256,47.52910011730687
10,2024-01-01 01:06:00,0.3197438112858812,3.2161028785086763,48.40971790793253
10,2024-01-01 01:07:00,0.27672882341196264,3.127329784983129,49.60055656508735
10,2024-01-01 01:08:00,0.23933063441045974,3.1186295549388676,48.7973534376953
10,2024-01-01 01:09:00,0.24968423271022355,3.230947789619482,51.085206180706244
10,2024-01-01 01:10:00,0.28523655324650604,3.313617164181091,49.04856544527737
10,2024-01-01 01:11:00,0.23404809857089962,3.209983165995128,49.08225940503258
10,2024-01-01 01:12:00,0.25754091496904735,3.355507783284753,47.8811810596422
10,2024-01-01 01:13:00,0.1899514722297465,3.3408435767576954,47.41592634190559
10,2024-01-01 01:14:00,0.2230725076501547,3.218604458382473,50.24106976184765
10,2024-01-01 01:15:00,0.24102746347177753,3.333419341753064,48.94054728484206
10,2024-01-01 01:16:00,0.2787563951424149,3.2527013941879512,48.69579894131187
10,2024-01-01 01:17:00,0.23821946854900725,3.280190488722087,50.149063750155115
10,2024-01-01 01:18:00,0.2814045420384675,3.383575630024827,49.09561426085268
10,2024-01-01 01:19:00,0.2699668670449178,3.525386505745857,50.539661508856774
10,2024-01-01 01:20:00,0.3218951023330067,3.147258729873921,50.19957855043567
10,2024-01-01 01:21:00,0.23551231959967042,3.2592429241080767,49.45772300392215
10,2024-01-01 01:22:00,0.20888502262759023,3.413731243615015,50.46506485044066
10,2024-01-01 01:23:00,0.1980421963267684,3.2787435238585783,48.85545030808013
10,2024-01-01 01:24:00,0.2684344016712816,3.2657268001945177,50.896062053603146
10,2024-01-01 01:25:00,0.3091716885255906,3.4809601662470815,50.06750240065143
10,2024-01-01 01:26:00,0.2819633446899132,3.3136684281885094,50.668487669495086
10,2024-01-01 01:27:00,0.2979446302851094,3.404075134644552,52.06394006874907
10,2024-01-01 01:28:00,0.2785125395563918,3.3000372280120076,50.98545077831361
10,2024-01-01 01:29:00,0.28894906901350376,3.1807646001005527,50.42421713649573
10,2024-01-01 01:30:00,0.23832883554946518,3.291207646955755,52.18974861904882
10,2024-01-01 01:31:00,0.3435171577408085,3.4164155006759636,51.28224342965024
10,2024-01-01 01:32:00,0.30190917210001034,3.3730897610091004,52.6555642671557
10,2024-01-01 01:33:00,0.24987414372958533,3.2797894107888834,50.83090115678164
10,2024-01-01 01:34:00,0.232370968240271,3.571777848600875,51.40339920129097
10,2024-01-01 01:35:00,0.3092239113578369,3.3830264091058138,50.84349083848354
10,2024-01-01 01:36:00,0.2919252758567928,3.277577902304275,50.62838223360659
10,2024-01-01 01:37:00,0.288703237107496,3.5129728680434207,52.23804561596748
10,2024-01-01 01:38:00,0.3422254831796401,3.480620168301603,51.57420288780204
10,2024-01-01 01:39:00,0.28418973953440474,3.3389350810093323,51.58193903844881
10,2024-01-01 01:40:00,0.27780861258332123,3.4663448036758697,52.58435555982942
10,2024-01-01 01:41:00,0.3271138119069714,3.4860109944147006,51.513164680953736
10,2024-01-01 01:42:00,0.32565443877454336,3.4592492532521586,52.61612149650732
10,2024-01-01 01:43:00,0.2708874660411914,3.4320891749535436,52.29702858153378
10,2024-01-01 01:44:00,0.33541660659597755,3.2484141807245117,54.78432393964017
10,2024-01-01 01:45:00,0.3727200794667078,3.3990316466888704,52.23446789406192
10,2024-01-01 01:46:00,0.3060061874055474,3.4322553277096013,51.83586286079787
10,2024-01-01 01:47:00,0.30004439145162615,3.3854167773225763,52.76600890193525
10,2024-01-01 01:48:00,0.29867653671980915,3.414363815250041,53.59871997237744
10,2024-01-01 01:49:00,0.3482777502265954,3.5264034071956805,52.6906034551199
10,2024-01-01 01:50:00,0.35165034523874156,3.4126754919064037,53.13842291987891
10,2024-01-01 01:51:00,0.29394116703391554,3.2992503360596714,52.54153822116824
10,2024-01-01 01:52:00,0.36371987667217826,3.4126349844274912,53.09463311565942
10,2024-01-01 01:53:00,0.37017536424860603,3.4280381715809733,54.405880182020056
10,2024-01-01 01:54:00,0.3430918691662646,3.4718144054735363,55.077655307817665
10,2024-01-01 01:55:00,0.2710491627676539,3.371762670133556,54.712353508050015
10,2024-01-01 01:56:00,0.3627771947008809,3.4698380886617612,55.40279366744258
10,2024-01-01 01:57:00,0.29266161177692446,3.4197069783948875,54.484588452387996
10,2024-01-01 01:58:00,0.3660354201494483,3.591866655679714,55.333639476573886
10,2024-01-01 01:59:00,0.376716876796997,3.501104654597558,55.21794985913278
10,2024-01-01 02:00:00,0.37750401233053,3.581789557162099,54.916476343244376
10,2024-01-01 02:01:00,0.27278626810536616,3.5613155098097415,52.62410810438573
10,2024-01-01 02:02:00,0.33191375840288184,3.411806201757015,55.02101144702473
10,2024-01-01 02:03:00,0.3785635854097872,3.542683489312227,56.233558406558174
10,2024-01-01 02:04:00,0.3563759215504944,3.7205911643817697,54.63019550093094
10,2024-01-01 02:05:00,0.3156654539262547,3.3992279785981827,57.37782466499621
10,2024-01-01 02:06:00,0.35086006913313394,3.6618348818552007,56.511226771328204
10,2024-01-01 02:07:00,0.3664572822753639,3.5836788168205125,57.32764632309604
10,2024-01-01 02:08:00,0.3178907383453869,3.4295384195974297,57.69706322836657
10,2024-01-01 02:09:00,0.42307578624751796,3.644763690793659,53.95741169294906
10,2024-01-01 02:10:00,0.3989194668234573,3.6946112210904265,57.139885018296965
10,2024-01-01 02:11:00,0.38176083288013507,3.5950367805233205,56.5549292095771
10,2024-01-01 02:12:00,0.3579332304344808,3.6387487314900486,57.61410710328215
10,2024-01-01 02:13:00,0.37334546123136864,3.7971939957936454,57.53453593734839
10,2024-01-01 02:14:00,0.36589018759384967,3.561361570202777,56.107333497610426
10,2024-01-01 02:15:00,0.358534779688498,3.8116794557236777,55.82053318668579
10,2024-01-01 02:16:00,0.395540081794746,3.8000572088411744,55.935274227462635
10,2024-01-01 02:17:00,0.42699099777737526,3.510375290905646,57.22325000660485
10,2024-01-01 02:18:00,0.39103068597110413,3.6623106489997226,56.24670895957813
10,2024-01-01 02:19:00,0.38722575448795865,3.6637273110482655,56.34854140306423
10,2024-01-01 02:20:00,0.40783445865326495,3.793478153606901,56.81477936786672
10,2024-01-01 02:21:00,0.42882912985970495,3.788173454128452,57.87834290319962
10,2024-01-01 02:22:00,0.3925629865766389,3.8294352690382434,56.8747790524751
10,2024-01-01 02:23:00,0.3698134619008633,3.523665996765674,58.84937623265711
10,2024-01-01 02:24:00,0.4425754733301064,3.8305180508836996,57.14373268112772
10,2024-01-01 02:25:00,0.3763459412126193,3.7568233366930808,59.41727599044724
10,2024-01-01 02:26:00,0.4362524491429747,3.5234185724516065,57.15284786224161
10,2024-01-01 02:27:00,0.4203508486668208,3.845873188321064,58.09784109786944
10,2024-01-01 02:28:00,0.39938488927226995,3.611159577050645,58.52578862038066
10,2024-01-01 02:29:00,0.47096066784551815,3.806493263208891,57.58410845813404
10,2024-01-01 02:30:00,0.462355806410028,3.677942404967616,57.93756653817348
10,2024-01-01 02:31:00,0.45283749428239906,3.7233443985719816,59.04356399775287
10,2024-01-01 02:32:00,0.45187360171144914,3.7956909997839,58.45500022665264
10,2024-01-01 02:33:00,0.4560884518887809,3.73778738912067,58.47837801432946
10,2024-01-01 02:34:00,0.41548846167983167,3.6209908921380745,58.753352389224844
10,2024-01-01 02:35:00,0.4313280641981274,3.8042636202004316,59.477408029934054
10,2024-01-01 02:36:00,0.40217053357155247,3.6659306585911526,58.57966977837606
10,2024-01-01 02:37:00,0.4634025276683382,3.8431416088699857,61.20698961236821
10,2024-01-01 02:38:00,0.5008812684930313,3.671026465619613,57.78440419241112
10,2024-01-01 02:39:00,0.4496515197223309,3.8177581182242903,59.831601627515965
10,2024-01-01 02:40:00,0.47158303434235727,3.847840717314719,59.768227603180904
10,2024-01-01 02:41:00,0.45179166018279404,4.020410597500283,59.68531820648484
10,2024-01-01 02:42:00,0.45697563930432994,3.6329217556063242,58.76460311008475
10,2024-01-01 02:43:00,0.4642658789245177,3.865963775200256,60.91034715291429
10,2024-01-01 02:44:00,0.4339502858898521,3.7160039441467427,58.74337392679829
10,2024-01-01 02:45:00,0.5154031052959228,3.897612148563804,61.06143120644417
10,2024-01-01 02:46:00,0.48451377534714724,3.8462627815910424,60.56116012410736
10,2024-01-01 02:47:00,0.5172521745705152,3.9421656875801396,60.2493875034127
10,2024-01-01 02:48:00,0.5006354645817506,4.014649473484017,59.63447724073405
10,2024-01-01 02:49:00,0.47085950170181795,3.847091011931685,60.31602407417381
10,2024-01-01 02:50:00,0.4890412202714928,3.8873300350615367,58.810514568549316
10,2024-01-01 02:51:00,0.45446528924770513,3.9869339772572117,61.90347985604618
10,2024-01-01 02:52:00,0.5292751852745033,3.851481329088143,61.54888279394167
10,2024-01-01 02:53:00,0.5132953042028806,3.9526104957433486,62.04781119418588
10,2024-01-01 02:54:00,0.4892077942430207,4.004101443707496,60.458631162479975
10,2024-01-01 02:55:00,0.4711714135071809,3.8205410442970464,61.187817375238026
10,2024-01-01 02:56:00,0.5027021953564502,3.7836295849180983,62.503848976187
10,2024-01-01 02:57:00,0.49042246922066757,3.961687806608774,62.26710198760066
10,2024-01-01 02:58:00,0.5313668900556723,4.039801418815673,63.258307763908995
10,2024-01-01 02:59:00,0.49941303865946873,3.80966692201826,62.706893492359406
10,2024-01-01 03:00:00,0.5962737837244605,4.017330280416922,62.74388195072211
10,2024-01-01 03:01:00,0.5679935231913268,3.939761332229781,62.670056802394235
10,2024-01-01 03:02:00,0.5309989875055058,3.9672423025437693,64.06154537303622
10,2024-01-01 03:03:00,0.5013677131996537,4.095692905477817,62.30172956781203
10,2024-01-01 03:04:00,0.5463962030091774,4.014724024386023,62.25964567703286
10,2024-01-01 03:05:00,0.4947695014993043,3.92333383349016,63.04219567696595
10,2024-01-01 03:06:00,0.5892115782486473,4.015807658606576,63.11605097405901
10,2024-01-01 03:07:00,0.5849827186671027,4.001883827402585,63.03439415743374
10,2024-01-01 03:08:00,0.6085770228186129,4.005365966275285,64.28189404314396
10,2024-01-01 03:09:00,0.5523126062588127,4.15967127558903,63.91423443028426
10,2024-01-01 03:10:00,0.5970943938523455,3.9845476466173677,63.14719730894355
10,2024-01-01 03:11:00,0.6183845744998244,3.979005697635889,65.93363503964848
10,2024-01-01 03:12:00,0.5677499485774533,4.0916845494717995,63.331129269075284
10,2024-01-01 03:13:00,0.5627818387455474,4.138874413107397,64.6138826487964
10,2024-01-01 03:14:00,0.6292383544386694,4.069965014618782,63.29746762895612
10,2024-01-01 03:15:00,0.5971777774084581,3.968580788840255,63.73323791394307
10,2024-01-01 03:16:00,0.6096116078167045,4.111019321018759,64.04708180242642
10,2024-01-01 03:17:00,0.5982713240640921,4.351000369319382,66.38202736819204
10,2024-01-01 03:18:00,0.5675388227629228,4.173657840431266,64.75443075203292
10,2024-01-01 03:19:00,0.6422321126902605,3.9592775144463004,64.95990572878192
10,2024-01-01 03:20:00,0.5523344482068225,4.038829272292194,63.45748821062962
10,2024-01-01 03:21:00,0.6472977941091314,4.151859467672426,65.24859479402734
10,2024-01-01 03:22:00,0.6131445139609101,4.205228888192804,64.11505637545253
10,2024-01-01 03:23:00,0.6200765067315714,4.090036770621489,64.5935133236516
10,2024-01-01 03:24:00,0.6139337295041974,4.38460046632272,65.83818644838868
10,2024-01-01 03:25:00,0.6499406004872914,4.230568526710631,65.0475130801888
10,2024-01-01 03:26:00,0.6506432324389719,4.218668761560401,67.15659339704935
10,2024-01-01 03:27:00,0.6909922920744843,4.31974111159335,67.05970594152538
10,2024-01-01 03:28:00,0.6414122864254655,4.227271271915078,66.07716683706539
10,2024-01-01 03:29:00,0.645780397349014,4.014847079928068,66.08903247439571
10,2024-01-01 03:30:00,0.6449568131253415,4.1806755096667425,65.96011441148026
10,2024-01-01 03:31:00,0.6630377003952048,4.164894464153123,66.58937426967945
10,2024-01-01 03:32:00,0.6508201108135272,4.203838539913339,66.86008587376891
10,2024-01-01 03:33:00,0.7033379385120693,4.2577387501069195,66.26019661031508
10,2024-01-01 03:34:00,0.714203032313941,4.324373899481085,65.47478280567412
10,2024-01-01 03:35:00,0.6198511865399655,4.186554721521936,67.02021491687628
10,2024-01-01 03:36:00,0.6433093510429607,4.196236849588574,67.06483828694549
10,2024-01-01 03:37:00,0.6558847300797088,4.273844280455794,66.33832595435274
10,2024-01-01 03:38:00,0.7107904502905039,4.348044527525853,67.08252687974728
10,2024-01-01 03:39:00,0.6686951895211396,4.354470502830617,66.44465148160342
10,2024-01-01 03:40:00,0.7165480730905828,4.368306368811087,67.98855514490737
10,2024-01-01 03:41:00,0.7456869970658121,4.428163055969441,67.66754080364046
10,2024-01-01 03:42:00,0.732250028684194,4.2900591305258775,67.81969068501743
10,2024-01-01 03:43:00,0.6823759461779728,4.447141126922545,68.48395992405919
10,2024-01-01 03:44:00,0.682341048984311,4.377573432459084,70.07545156397937
10,2024-01-01 03:45:00,0.642934692316214,4.368919471602667,68.04782799745828
10,2024-01-01 03:46:00,0.7423359057163734,4.542305171067497,68.72131009853084
10,2024-01-01 03:47:00,0.6946640456995132,4.339337122232394,69.34349792818382
10,2024-01-01 03:48:00,0.7382873781972177,4.303655885427999,68.28839758416032
10,2024-01-01 03:49:00,0.748660185948753,4.535888292865243,69.40364660917308
10,2024-01-01 03:50:00,0.707184962034158,4.39399790666939,69.88531030351736
10,2024-01-01 03:51:00,0.7795422910290599,4.518144145173217,68.76760381877618
10,2024-01-01 03:52:00,0.7249444844678308,4.456612273976443,71.72143539441996
10,2024-01-01 03:53:00,0.7430024419157959,4.250692607482711,67.2568993611828
10,2024-01-01 03:54:00,0.7301831465947416,4.46322647454377,68.35591998265545
10,2024-01-01 03:55:00,0.7719675651248062,4.506794435049283,68.08823668460228
10,2024-01-01 03:56:00,0.755422684286722,4.446307837364529,70.52648004473436
10,2024-01-01 03:57:00,0.8483500377358693,4.525146093740485,69.78048121637971
10,2024-01-01 03:58:00,0.7658473924699702,4.5912965843801565,68.8777280883411
10,2024-01-01 03:59:00,0.7956740300370378,4.628519815723338,70.54979896135517
10,2024-01-01 04:00:00,0.7866216345299939,4.569870696319615,69.58391852930097
10,2024-01-01 04:01:00,0.826599758057899,4.415524289887048,72.63005682403555
11,2024-01-01 00:00:00,0.1709488641712918,2.9312968559972763,40.57645637757013
11,2024-01-01 00:01:00,0.18463945811530852,2.96009898799773,39.30733873838956
11,2024-01-01 00:02:00,0.23997207039260496,3.101988970219102,41.87769344251267
11,2024-01-01 00:03:00,0.2505281029874748,3.0799947248620563,38.77788520021037
11,2024-01-01 00:04:00,0.18579138268060003,2.9122958397960965,39.42202206706494
11,2024-01-01 00:05:00,0.1677721846279703,2.8404141425030636,40.97904618144954
11,2024-01-01 00:06:00,0.22690961081049957,3.0744622139094036,40.141014982417566
11,2024-01-01 00:07:00,0.21771097661077732,3.0431074811045393,41.48180334622901
11,2024-01-01 00:08:00,0.20713006754056945,3.0971727028425473,41.40875500559234
11,2024-01-01 00:09:00,0.12776085065823184,3.044894468504866,42.97569337334743
11,2024-01-01 00:10:00,0.2216675447607186,3.0553232387463036,43.58272244100996
11,2024-01-01 00:11:00,0.19782127849637268,3.0798670250090074,41.47663734308255
11,2024-01-01 00:12:00,0.17355766136369036,2.8789169694345778,41.89018338047972
11,2024-01-01 00:13:00,0.18218207607731177,3.0816121742292473,42.06789535542447
11,2024-01-01 00:14:00,0.2046794967428258,3.0138374810263038,41.34417435770734
11,2024-01-01 00:15:00,0.20665577084943867,2.9899088178556967,42.0980530642611
11,2024-01-01 00:16:00,0.21964322433860167,3.0806326015046595,42.90478239914332
11,2024-01-01 00:17:00,0.20435549824248952,3.1415627147468985,40.234315748210186
11,2024-01-01 00:18:00,0.1938995126276727,3.211697874720491,40.98258164115008
11,2024-01-01 00:19:00,0.16481011075872226,3.016417767876923,41.37835851703814
11,2024-01-01 00:20:00,0.23799218775300424,3.166899384392144,44.449191221046576
11,2024-01-01 00:21:00,0.14461806037040076,3.125960207676772,44.86892893077198
11,2024-01-01 00:22:00,0.25220315680061184,3.0569747302497188,42.85336453893974
11,2024-01-01 00:23:00,0.22879452334660547,3.1490716664265177,43.484998811235805
11,2024-01-01 00:24:00,0.2091195231270578,2.9956027052458056,43.162906339141934
11,2024-01-01 00:25:00,0.2398347026105389,3.2340868071913573,45.59290616835933
11,2024-01-01 00:26:00,0.2161699499621058,3.0595507930583232,44.16512205566076
11,2024-01-01 00:27:00,0.22334637323896048,3.361080083267725,43.91696020559955
11,2024-01-01 00:28:00,0.24654998549104706,3.2701879112547423,43.85238628528342
11,2024-01-01 00:29:00,0.1723598261582924,3.249257964408494,45.16756830183973
11,2024-01-01 00:30:00,0.2474957554350012,3.013025170799512,46.80823880680051
11,2024-01-01 00:31:00,0.21753015898873856,3.0194370473500953,46.129392885417914
11,2024-01-01 00:32:00,0.16899991010717524,3.141660572954193,47.48140998359044
11,2024-01-01 00:33:00,0.20346656745509456,3.0241495959295204,44.74010246099844
11,2024-01-01 00:34:00,0.22849955418271292,3.039123505642475,47.583738984323915
11,2024-01-01 00:35:00,0.2552417462531801,3.083718960733776,45.5322366298421
11,2024-01-01 00:36:00,0.27328665117813494,3.318734430747712,47.07190226437765
11,2024-01-01 00:37:00,0.21714167227662687,3.0838871933605585,47.4749819540644
11,2024-01-01 00:38:00,0.2504653775044239,3.240470117614516,45.38465228771667
11,2024-01-01 00:39:00,0.2430760503079032,3.205104711439844,46.977298325134775
11,2024-01-01 00:40:00,0.22516898538014885,3.0601846770580017,47.650692967785076
11,2024-01-01 00:41:00,0.2634647890993408,3.129295306363655,45.650880710729965
11,2024-01-01 00:42:00,0.2578346956288572,3.059505619289072,48.043362686644564
11,2024-01-01 00:43:00,0.24296906185031433,3.1544831994102878,47.336641767622204
11,2024-01-01 00:44:00,0.2761012875443017,3.1875902956859252,47.20070389527344
11,2024-01-01 00:45:00,0.27421437615600247,3.235316040762082,47.059761033710245
11,2024-01-01 00:46:00,0.2502177507333296,3.0661431504981342,48.20310183048911
11,2024-01-01 00:47:00,0.18984817770880402,3.2413437661014775,47.41778198524439
11,2024-01-01 00:48:00,0.19774998437950836,3.2258697486929937,48.746101254428666
11,2024-01-01 00:49:00,0.28999921590008415,3.3201284589868085,48.40637219164767
11,2024-01-01 00:50:00,0.27394067533201766,3.3303395066198096,47.46964239300879
11,2024-01-01 00:51:00,0.25283244718773623,3.2657770726733095,48.1443486892958
11,2024-01-01 00:52:00,0.255835729126908,3.220467292170734,48.81000764981251
11,2024-01-01 00:53:00,0.23698523560945473,3.2283980659074096,50.146351981477764
11,2024-01-01 00:54:00,0.3137573000240503,3.111554114242306,50.10749053981289
11,2024-01-01 00:55:00,0.289483615866061,3.1907497876132176,47.880992710099996
11,2024-01-01 00:56:00,0.24518212750635976,3.3406715594002936,50.27544574732369
11,2024-01-01 00:57:00,0.28003302754434933,3.249110822154639,48.07920457693148
11,2024-01-01 00:58:00,0.2644394421292371,3.3486928160788088,49.89836899547054
11,2024-01-01 00:59:00,0.29396442112959426,3.4223063542079615,50.858802585655624
11,2024-01-01 01:00:00,0.3373631319180209,3.4749095346732193,50.88848573473776
11,2024-01-01 01:01:00,0.27202636812726366,3.2705178681894216,52.15338902674153
11,2024-01-01 01:02:00,0.2041614606510827,3.3507167390227606,50.735706166099675
11,2024-01-01 01:03:00,0.31082235036762534,3.438707639982657,51.636594081413044
11,2024-01-01 01:04:00,0.3198911675864108,3.436407281636218,50.75871356506678
11,2024-01-01 01:05:00,0.32298693363302494,3.444292105169677,50.198453126313204
11,2024-01-01 01:06:00,0.27783094617185694,3.378426989769616,49.99940579272451
11,2024-01-01 01:07:00,0.24893886625573275,3.318445022624587,53.22261871107161
11,2024-01-01 01:08:00,0.2938841940287282,3.4209319221743915,50.19828571474395
11,2024-01-01 01:09:00,0.28643677508676074,3.579063096015937,50.58826204333617
11,2024-01-01 01:10:00,0.3093278216474516,3.2848316419021737,51.0125307032426
11,2024-01-01 01:11:00,0.3276815289813225,3.2994351591311033,53.688398127636866
11,2024-01-01 01:12:00,0.3272647937390811,3.5210522622924842,53.27480422764699
11,2024-01-01 01:13:00,0.32935498956087156,3.4514380246875134,55.23436340142522
11,2024-01-01 01:14:00,0.2638025890800008,3.5152442367447883,51.99390480215087
11,2024-01-01 01:15:00,0.27706559745802795,3.357300020949712,52.82809487503583
11,2024-01-01 01:16:00,0.32085217631676194,3.220290032484694,54.29935062481574
11,2024-01-01 01:17:00,0.34652655653574294,3.4525356386072965,52.69209461109487
11,2024-01-01 01:18:00,0.26498271802001966,3.4643752253650995,53.755946245912256
11,2024-01-01 01:19:00,0.3119684931665805,3.632543954995033,57.100733863387475
11,2024-01-01 01:20:00,0.3670097412560149,3.4852543658262536,54.03798982796054
11,2024-01-01 01:21:00,0.35286358557669273,3.551766473615323,54.535432003416275
11,2024-01-01 01:22:00,0.3601481350479583,3.4481764631304754,54.21484570353925
11,2024-01-01 01:23:00,0.3641800438819787,3.468323112494679,54.56986680885809
11,2024-01-01 01:24:00,0.30089430054669597,3.506204082628244,55.54182045598317
11,2024-01-01 01:25:00,0.3618339472652177,3.4471001210304353,55.23106204437775
11,2024-01-01 01:26:00,0.3214752241551458,3.3949950950304637,55.44077383350255
11,2024-01-01 01:27:00,0.3994453203383738,3.6385682510805273,56.0079217225541
11,2024-01-01 01:28:00,0.3308070931348346,3.642806697099817,55.79643356130478
11,2024-01-01 01:29:00,0.31989428427062855,3.4923960028959398,57.25000098845084
11,2024-01-01 01:30:00,0.4114985547087009,3.573218002220199,56.42905506197465
11,2024-01-01 01:31:00,0.34588027897871837,3.622135183893198,54.960717841263936
11,2024-01-01 01:32:00,0.3610030005028183,3.680428158256982,57.08523968999384
11,2024-01-01 01:33:00,0.40439728251857404,3.615077917856125,54.562811457313344
11,2024-01-01 01:34:00,0.3888272955079219,3.6191907180025265,57.0784569738287
11,2024-01-01 01:35:00,0.35380071346493547,4.024053921326154,54.59967588268391
11,2024-01-01 01:36:00,0.47182836313850773,3.4450945544195544,57.22535731770605
11,2024-01-01 01:37:00,0.3783821266380454,3.7628427537697773,57.23177460392301
11,2024-01-01 01:38:00,0.389392332401999,3.5364724526889515,57.76955600205169
11,2024-01-01 01:39:00,0.36306436126106983,3.6668655587937544,55.51366369130816
11,2024-01-01 01:40:00,0.3871267831418768,3.8946868746213847,56.69385944127241
11,2024-01-01 01:41:00,0.44142044516913564,3.5377192434957934,57.7802426430885
11,2024-01-01 01:42:00,0.3747974454846529,3.6274536304911567,58.33031460333278
11,2024-01-01 01:43:00,0.4126548401383423,3.7450607502535664,56.85339541361467
11,2024-01-01 01:44:00,0.4263031360999899,3.7101347525221575,56.668931798325524
11,2024-01-01 01:45:00,0.4597080225805078,3.7301041490806446,59.635941085450995
11,2024-01-01 01:46:00,0.39966910452104876,3.72640389389041,58.625420198022944
11,2024-01-01 01:47:00,0.4168990605586545,3.660149838736729,58.96382012390471
11,2024-01-01 01:48:00,0.4252409934050931,3.690720849106833,59.94632328885718
11,2024-01-01 01:49:00,0.4438296011754088,3.7139531849241103,59.60093782716426
11,2024-01-01 01:50:00,0.5094674708103984,3.8406972281554865,57.751290786819155
11,2024-01-01 01:51:00,0.465088878497034,3.673804075848743,58.99783607061904
11,2024-01-01 01:52:00,0.4488117151625126,3.7282428657175926,57.68141617041465
11,2024-01-01 01:53:00,0.44458691951737545,3.82004854361387,57.95892491273479
11,2024-01-01 01:54:00,0.45523491547345163,3.847175692282733,57.75043796521963
11,2024-01-01 01:55:00,0.5173862061352449,3.997441145167712,62.31200763206437
11,2024-01-01 01:56:00,0.5009458942787374,3.8205979909505956,61.215590246657186
11,2024-01-01 01:57:00,0.48790833976398057,3.7683764435227145,61.91121277967077
11,2024-01-01 01:58:00,0.4811551139724552,3.7550951902287037,60.33722736322433
11,2024-01-01 01:59:00,0.44500549023950803,3.92725280403866,60.403992436945785
11,2024-01-01 02:00:00,0.49010077965928567,3.7663277352131104,60.57596779010977
11,2024-01-01 02:01:00,0.49733591915732983,3.9812561700920024,62.87553320507237
11,2024-01-01 02:02:00,0.5056123953972316,3.9388205905637412,60.24337068588337
11,2024-01-01 02:03:00,0.5146440522805892,3.9232450896599067,61.63766649283923
11,2024-01-01 02:04:00,0.5164446548651507,4.074171089748978,61.342206482319
11,2024-01-01 02:05:00,0.5489691584965631,4.10578453307764,61.352240312380715
11,2024-01-01 02:06:00,0.50642750593987,4.0698599091808685,62.953160213822024
11,2024-01-01 02:07:00,0.5525155773645395,4.00404911033694,60.95303936522236
11,2024-01-01 02:08:00,0.46577890701814795,3.9918503088540813,63.11938413330542
11,2024-01-01 02:09:00,0.506589207678864,3.864591906732825,62.94811201372483
11,2024-01-01 02:10:00,0.5264119875329815,4.065886624414603,61.16797771385997
11,2024-01-01 02:11:00,0.5591651724078164,4.1225221299906,62.58045814917991
11,2024-01-01 02:12:00,0.577498094569146,3.938829299024263,62.2569108571418
11,2024-01-01 02:13:00,0.5585432593204261,4.128593077433325,62.73767833645181
11,2024-01-01 02:14:00,0.5893568464922915,3.9985212556628897,63.75439072876201
11,2024-01-01 02:15:00,0.6531401880301818,4.11456788318488,64.3610582727742
11,2024-01-01 02:16:00,0.568239755302662,4.005299835000835,64.81981970928837
11,2024-01-01 02:17:00,0.5614824947699066,4.107470638845485,64.52981889575456
11,2024-01-01 02:18:00,0.5639559870535555,4.071958915599263,64.32331613896459
11,2024-01-01 02:19:00,0.6130669159186858,4.130040761844112,63.18791438370259
11,2024-01-01 02:20:00,0.48462170520600184,4.175141918359775,63.817971710559576
11,2024-01-01 02:21:00,0.6129032269227237,4.188797667665022,64.85261797293455
11,2024-01-01 02:22:00,0.608548013762142,4.180585324600193,65.33611943302135
11,2024-01-01 02:23:00,0.5785863239226935,4.203215690762597,64.93475540522361
11,2024-01-01 02:24:00,0.6581922772180449,4.179860085331486,64.09267079462613
11,2024-01-01 02:25:00,0.629315095293671,4.1046182092162065,65.10723703717733
11,2024-01-01 02:26:00,0.6495155321142927,4.15031734056859,64.82755711078134
11,2024-01-01 02:27:00,0.6374225865629782,3.9329351083133566,66.24840475008102
11,2024-01-01 02:28:00,0.6464006353972808,4.295099883694454,66.0597706723219
11,2024-01-01 02:29:00,0.6315560293377886,4.306494995561094,67.24651875078
11,2024-01-01 02:30:00,0.6142927280475512,4.181706409985062,64.44169519652306
11,2024-01-01 02:31:00,0.7000200685841385,4.334550597810501,66.8421740217134
11,2024-01-01 02:32:00,0.6042051940546065,4.311153279858843,66.27404810662591
11,2024-01-01 02:33:00,0.6815143395130565,4.367477138479551,67.21103121924038
11,2024-01-01 02:34:00,0.6983964551475069,4.329180711609834,64.28944756825771
11,2024-01-01 02:35:00,0.7101981740955524,4.332874223507062,65.34967140025545
11,2024-01-01 02:36:00,0.6748594902044632,4.371357679371963,68.57477458434238
11,2024-01-01 02:37:00,0.7302063655747305,4.314140788405685,69.86537486367827
11,2024-01-01 02:38:00,0.7528955005634052,4.49861553906696,66.29560034506616
11,2024-01-01 02:39:00,0.7238514773766572,4.404150479333344,67.46166492811055
11,2024-01-01 02:40:00,0.7155014547466123,4.2910408600027115,68.75221714986887
11,2024-01-01 02:41:00,0.7537691630568456,4.343357004905607,67.12003692920348
11,2024-01-01 02:42:00,0.7210871422022462,4.211854506989638,67.8271888827327
11,2024-01-01 02:43:00,0.7434469723467695,4.577375153104031,68.57171197553917
11,2024-01-01 02:44:00,0.7564075596361498,4.402130324149528,70.50738928286441
11,2024-01-01 02:45:00,0.7322919789820407,4.0991844900293515,67.83343397129028
11,2024-01-01 02:46:00,0.7672553293496481,4.2458282884544225,68.44602627296709
11,2024-01-01 02:47:00,0.8135478507476868,4.444618301934371,70.87512431022235
11,2024-01-01 02:48:00,0.8177169318133315,4.411257225369008,67.24569707710344
11,2024-01-01 02:49:00,0.8093739869647194,4.754864921282301,71.28725651825191
11,2024-01-01 02:50:00,0.7927810773631774,4.556311069942935,69.83997802273325
11,2024-01-01 02:51:00,0.8386341810100046,4.366326938186339,69.49262442713263
12,2024-01-01 00:00:00,0.2472646447363075,2.9712002417116783,40.183542845445196
12,2024-01-01 00:01:00,0.2462202101646997,2.855099709413704,41.99585831365166
12,2024-01-01 00:02:00,0.156161592156057,3.0256975922704776,40.693064767134466
12,2024-01-01 00:03:00,0.1666932731300404,3.1250548588987623,41.333139787239766
12,2024-01-01 00:04:00,0.1818957536466223,2.9189956385013027,41.81973597200681
12,2024-01-01 00:05:00,0.2461129649880365,3.1584144627515522,40.71187998536861
12,2024-01-01 00:06:00,0.1950376351184591,3.0445112128657654,40.13415058906113
12,2024-01-01 00:07:00,0.18354881909213835,3.0877080204853957,41.17820703244441
12,2024-01-01 00:08:00,0.1999029110447811,3.092407417873634,41.61461874488882
12,2024-01-01 00:09:00,0.1944435370390575,3.0534241201885775,41.70718360945062
12,2024-01-01 00:10:00,0.1967623935016493,2.922650835912647,43.01972379921832
12,2024-01-01 00:11:00,0.16965539782428643,2.9463097352554355,40.891063545918676
12,2024-01-01 00:12:00,0.1782813621914483,3.018120069276926,42.73990174603328
12,2024-01-01 00:13:00,0.19442172740629426,2.976968880927082,40.62697720049401
12,2024-01-01 00:14:00,0.24427310903928218,3.08334420451589,44.16300892897342
12,2024-01-01 00:15:00,0.2419187835610262,2.80311495972266,42.43313941716482
12,2024-01-01 00:16:00,0.2311614895377001,3.0672131654919617,41.22377487688092
12,2024-01-01 00:17:00,0.21506645249917655,3.0262876678289574,42.218668033205944
12,2024-01-01 00:18:00,0.1263150129947197,3.0152902204916865,41.90764212326616
12,2024-01-01 00:19:00,0.2586157497927042,3.033005628545729,40.20979654099591
12,2024-01-01 00:20:00,0.2393073780967289,2.8266072597115066,41.76452883732081
12,2024-01-01 00:21:00,0.19527855068817712,3.1189697784126227,44.05943673361845
12,2024-01-01 00:22:00,0.18752658421341623,3.0560348263235033,41.99527186679489
12,2024-01-01 00:23:00,0.2132090350834657,3.3020890852066,44.0609241151413
12,2024-01-01 00:24:00,0.20964579970029704,3.1324082303467566,44.310013434704054
12,2024-01-01 00:25:00,0.18823075577903528,3.085690235674239,44.60748075024963
12,2024-01-01 00:26:00,0.25456566721054175,2.9595049112585694,44.05433225428321
12,2024-01-01 00:27:00,0.19085877836665022,2.9834914956615513,43.01840142631568
12,2024-01-01 00:28:00,0.21879948113953432,2.982244668314768,43.06070914769057
12,2024-01-01 00:29:00,0.1759975991333519,3.272609457716673,44.27481036487402
12,2024-01-01 00:30:00,0.20531709977216342,3.0019220069621273,45.70257580407305
12,2024-01-01 00:31:00,0.24632323277102786,2.936619980965391,45.4022586981995
12,2024-01-01 00:32:00,0.2160406418383683,3.185392768896925,43.674469481772995
12,2024-01-01 00:33:00,0.19809329210934862,3.184888902291778,43.47122123077013
12,2024-01-01 00:34:00,0.15822138238568625,3.0920070795095693,44.942928207082545
12,2024-01-01 00:35:00,0.20743173610012156,3.2006432948379513,45.5568615720008
12,2024-01-01 00:36:00,0.2080455118715934,3.138692528183015,46.016970026996134
12,2024-01-01 00:37:00,0.24173797873595002,2.98851181403306,45.279234846980316
12,2024-01-01 00:38:00,0.2604854816057262,3.3312924742027357,45.47543980650797
12,2024-01-01 00:39:00,0.1853719375826554,2.9038885093558884,44.37475641582375
12,2024-01-01 00:40:00,0.24711876729388152,3.0960086774935065,47.57833750375119
12,2024-01-01 00:41:00,0.19517378337328,3.281834832651828,45.92749653572658
12,2024-01-01 00:42:00,0.25991266094236765,3.3371554824547696,47.262216275713826
12,2024-01-01 00:43:00,0.2135541498748746,3.0526513261259485,46.13046707101334
12,2024-01-01 00:44:00,0.2446307139563026,3.1496465056816914,46.983624091819536
12,2024-01-01 00:45:00,0.27566038586250374,3.056575740677116,46.820313847576955
12,2024-01-01 00:46:00,0.17939739181449407,3.3094907882853857,47.54656603843413
12,2024-01-01 00:47:00,0.23625408497744713,3.1939206189603593,46.316167212619796
12,2024-01-01 00:48:00,0.2805398324718347,3.13631053135723,47.252730784973444
12,2024-01-01 00:49:00,0.257990142835049,3.2320046938433746,46.95976427562515
12,2024-01-01 00:50:00,0.3010220700576932,3.0277882923826818,47.05765006693508
12,2024-01-01 00:51:00,0.22261255801243596,3.06174694485393,48.60249214861372
12,2024-01-01 00:52:00,0.2715413197360842,3.2201918876650284,48.08896956505294
12,2024-01-01 00:53:00,0.2620520523303868,3.327659698354984,46.61560094289556
12,2024-01-01 00:54:00,0.24355917121681234,3.179631015731461,47.80713938708198
12,2024-01-01 00:55:00,0.21324344670777473,3.2442337747298615,47.71238354067129
12,2024-01-01 00:56:00,0.2519253503578742,3.1126954126443085,48.35184960857709
12,2024-01-01 00:57:00,0.3048553636091332,3.3980373539817084,47.24536955101379
12,2024-01-01 00:58:00,0.2859970010193666,3.3121546632932524,49.50170682989956
12,2024-01-01 00:59:00,0.26483991029454207,3.366772868310307,48.84642146497848
12,2024-01-01 01:00:00,0.2370855968765233,3.406734860160496,47.67376726597891
12,2024-01-01 01:01:00,0.21142225997096864,3.221579828595868,48.41282349765006
12,2024-01-01 01:02:00,0.24945009643937194,3.215753610333317,51.55020285406975
12,2024-01-01 01:03:00,0.2299535702193479,3.0541789582450876,51.29476937431135
12,2024-01-01 01:04:00,0.24837691622997168,3.219298638040598,49.728982750898176
12,2024-01-01 01:05:00,0.29399290959095176,3.3369282961178683,50.600878492992635
12,2024-01-01 01:06:00,0.29955999990958015,3.384469703749997,51.102885062802386
12,2024-01-01 01:07:00,0.29733562663460056,3.3099776222376134,48.4669094405686
12,2024-01-01 01:08:00,0.28299129346710333,3.2771203239651268,50.675649329343514
12,2024-01-01 01:09:00,0.25274797789441705,3.3939036314121918,49.93825657313851
12,2024-01-01 01:10:00,0.2838158459265394,3.342633391732577,50.335729975421984
12,2024-01-01 01:11:00,0.22087753555827438,3.245287138503084,50.07638389340232
12,2024-01-01 01:12:00,0.3078618660880991,3.2999118291520793,49.20557304390088
12,2024-01-01 01:13:00,0.24385073901681265,3.348385679707071,50.76800832244037
12,2024-01-01 01:14:00,0.3189745001620835,3.217818592008926,49.15230803879651
12,2024-01-01 01:15:00,0.26209227665174045,3.058651776157387,50.41737522823905
12,2024-01-01 01:16:00,0.35026908993681694,3.4167015491887014,52.342337675542986
12,2024-01-01 01:17:00,0.27756580641541223,3.2495652286902166,52.108407632094675
12,2024-01-01 01:18:00,0.2842453470645203,3.4457250507203954,50.93720388768695
12,2024-01-01 01:19:00,0.3128518223528966,3.42752332675232,52.98783967137412
12,2024-01-01 01:20:00,0.2520162194327515,3.35547398572526,51.15830668271801
12,2024-01-01 01:21:00,0.3011514183692599,3.5580968919232934,51.003091018697724
12,2024-01-01 01:22:00,0.2667849911285712,3.4498630782673723,54.34370885968251
12,2024-01-01 01:23:00,0.31962789859785495,3.3540853929053953,52.89418817887048
12,2024-01-01 01:24:00,0.31672279501460243,3.558489906234723,53.01533791050832
12,2024-01-01 01:25:00,0.3108965727620792,3.2946091867103107,53.38889644571546
12,2024-01-01 01:26:00,0.34371753445617065,3.1578624782712437,53.19143267859879
12,2024-01-01 01:27:00,0.31343120858729423,3.3820448021262646,52.067596925261064
12,2024-01-01 01:28:00,0.2458063719493252,3.519779147646175,52.25422967599368
12,2024-01-01 01:29:00,0.2916047796127279,3.475934237595654,53.424144657621916
12,2024-01-01 01:30:00,0.2879945601754753,3.4123786533198537,53.72378946155346
12,2024-01-01 01:31:00,0.3392931568336317,3.5168343142044645,54.30387358419036
12,2024-01-01 01:32:00,0.31595918980623156,3.376482106719114,53.41977826472651
12,2024-01-01 01:33:00,0.3054063600210103,3.3430743496674276,55.524437673358435
12,2024-01-01 01:34:00,0.30298973434269916,3.413341111927489,52.4983758939648
12,2024-01-01 01:35:00,0.3198697007418968,3.4030872637192866,55.90072421100005
12,2024-01-01 01:36:00,0.3455271742161791,3.381712285862482,55.520937171773596
12,2024-01-01 01:37:00,0.3623397564400148,3.4754280404744127,54.59161541855899
12,2024-01-01 01:38:00,0.33959116363654984,3.6245466221975455,54.7186768088274
12,2024-01-01 01:39:00,0.32801986242795916,3.475380631269576,54.313686773261075
12,2024-01-01 01:40:00,0.3453528586487636,3.422714722686522,53.888901078941934
12,2024-01-01 01:41:00,0.31074025235057473,3.468767883224105,54.403247866603955
12,2024-01-01 01:42:00,0.3362623160878048,3.507894382397044,55.4065041856758
12,2024-01-01 01:43:00,0.3958139827287193,3.5938824901615285,57.38775191407395
12,2024-01-01 01:44:00,0.3881061559285378,3.6238879697015984,56.179559254399265
12,2024-01-01 01:45:00,0.4260471875543046,3.7305547641909476,54.00102758304018
12,2024-01-01 01:46:00,0.33999933051434567,3.505348666575226,54.59050481033033
12,2024-01-01 01:47:00,0.4430736011976836,3.6205346778637444,56.67572560893572
12,2024-01-01 01:48:00,0.35296055267536586,3.559029615145037,55.91003306890752
12,2024-01-01 01:49:00,0.35170012205832435,3.4855400589954812,54.99968737139551
12,2024-01-01 01:50:00,0.383362062240651,3.5941313713721885,55.21727594144294
12,2024-01-01 01:51:00,0.39237751772779195,3.381140733350951,55.13248237870672
12,2024-01-01 01:52:00,0.38668073069391795,3.5710040659917106,58.226103598310345
12,2024-01-01 01:53:00,0.3817702209936417,3.6094623814848483,56.57185281751818
12,2024-01-01 01:54:00,0.44922503333066266,3.5989378498630864,56.74932886741686
12,2024-01-01 01:55:00,0.3547335517926435,3.561052421397192,56.56936031243502
12,2024-01-01 01:56:00,0.3611058284900869,3.6909975508140938,56.456361354774614
12,2024-01-01 01:57:00,0.4037467296926143,3.5988032646102694,55.69827193487143
12,2024-01-01 01:58:00,0.39783053240649463,3.5742345272934544,57.66976714299498
12,2024-01-01 01:59:00,0.4056940701399728,3.66714342645048,58.79897049757955
12,2024-01-01 02:00:00,0.47714890247896236,3.642637004606931,57.30327352844506
12,2024-01-01 02:01:00,0.4612374554920452,3.777414280344139,58.15417841821267
12,2024-01-01 02:02:00,0.43388857391362506,3.73920484997105,59.088602790635846
12,2024-01-01 02:03:00,0.3951468729747824,3.813320324018843,58.91589486386653
12,2024-01-01 02:04:00,0.42933707030438745,3.6254463404963038,57.44043150012946
12,2024-01-01 02:05:00,0.37301906258037526,3.6660434376455657,58.060867023086345
12,2024-01-01 02:06:00,0.4034274483301338,3.7122457386584236,58.679358540784484
12,2024-01-01 02:07:00,0.4550328606529629,3.774669110045999,60.367976541191645
12,2024-01-01 02:08:00,0.4080326119239136,3.9077792410119616,60.06781770674535
12,2024-01-01 02:09:00,0.4215003685117796,3.513725305744323,58.85886519182277
12,2024-01-01 02:10:00,0.4503827475495084,3.666391410651141,57.23104701405445
12,2024-01-01 02:11:00,0.3592953494945942,3.842462699921622,59.199429303661894
12,2024-01-01 02:12:00,0.4575899447004612,3.802428566457243,58.56335294094768
12,2024-01-01 02:13:00,0.4644373568288619,3.6042390209362556,60.474616817665705
12,2024-01-01 02:14:00,0.47591597830766463,3.6673430893905152,58.824866452243256
12,2024-01-01 02:15:00,0.5132393216011489,3.690975634953503,59.17625190832602
12,2024-01-01 02:16:00,0.4511780702940038,3.7627520303160944,60.07175400592041
12,2024-01-01 02:17:00,0.4644270081544309,3.7760041492270986,60.05269260595832
12,2024-01-01 02:18:00,0.45098911395229807,3.89563451749737,59.413102514224015
12,2024-01-01 02:19:00,0.4599345865374094,3.9901684487919677,61.95510134789836
12,2024-01-01 02:20:00,0.4609144896454619,3.881116606936426,59.52295627161684
12,2024-01-01 02:21:00,0.46505483196547853,3.8622763215207407,57.66608728998219
12,2024-01-01 02:22:00,0.43188905183592763,3.8251050322243683,59.1589984623868
12,2024-01-01 02:23:00,0.46057285239377593,3.8095647077994106,61.24395091892824
12,2024-01-01 02:24:00,0.5228382374282888,3.8733907856703054,61.100302023962264
12,2024-01-01 02:25:00,0.492923103600451,3.8617649823521933,59.67103608558924
12,2024-01-01 02:26:00,0.49255960065079585,4.03009772876162,59.611480025258544
12,2024-01-01 02:27:00,0.4984995861081382,4.065597855162939,61.6240917190881
12,2024-01-01 02:28:00,0.5252153538218975,3.8182250853109165,63.20822579305733
12,2024-01-01 02:29:00,0.48026870046880615,3.729835326326051,62.350554040414316
12,2024-01-01 02:30:00,0.551713060221444,3.854521498876013,61.22930974966429
12,2024-01-01 02:31:00,0.4663495567041337,3.7563090015993987,62.65150963025371
12,2024-01-01 02:32:00,0.5636362734937125,4.054257085285878,61.5231766509078
12,2024-01-01 02:33:00,0.5503002367856259,4.055375195027682,60.21538356515982
12,2024-01-01 02:34:00,0.48015378629157596,4.063483024739086,62.95377305478333
12,2024-01-01 02:35:00,0.5489781941865012,4.069708105346824,63.03261522454282
12,2024-01-01 02:36:00,0.5628641137609209,4.070064127386727,63.87252056956456
12,2024-01-01 02:37:00,0.5195525340258059,4.14373364141014,63.82652957640971
12,2024-01-01 02:38:00,0.5579513672273506,4.040218154770476,63.20791057079204
12,2024-01-01 02:39:00,0.5189875638114672,4.0719483650291215,64.14720311057447
12,2024-01-01 02:40:00,0.5951251126056782,4.019663565536215,62.69768467121426
12,2024-01-01 02:41:00,0.5948379048239281,4.125885851813168,62.265613399271736
12,2024-01-01 02:42:00,0.5779488120516295,3.8209203424522533,62.02525061292743
12,2024-01-01 02:43:00,0.5065192804664695,4.145594218068039,63.2724294138707
12,2024-01-01 02:44:00,0.5860007945033676,4.158612414347455,64.72454900851089
12,2024-01-01 02:45:00,0.5871694020632545,4.271819529335704,65.11489289826623
12,2024-01-01 02:46:00,0.5771255705129605,3.9625861727586287,63.56086322537012
12,2024-01-01 02:47:00,0.5583584601243801,4.129817172746036,64.99719051291493
12,2024-01-01 02:48:00,0.5816745936982023,4.101916011169852,65.33072875825175
12,2024-01-01 02:49:00,0.5970062804791119,3.979294674102095,65.72688623615413
12,2024-01-01 02:50:00,0.6135028928226187,4.2655223714808965,65.3806868391439
12,2024-01-01 02:51:00,0.6413442411488153,4.1954201030057705,64.18360783334963
12,2024-01-01 02:52:00,0.6453610404595475,4.23613281482166,65.18878629888258
12,2024-01-01 02:53:00,0.6375834801552672,3.98783108104529,64.39069204936291
12,2024-01-01 02:54:00,0.6056466964653523,4.071982999950057,64.3709164850249
12,2024-01-01 02:55:00,0.6475326937696065,4.1397875784593445,67.2063049039603
12,2024-01-01 02:56:00,0.6663128275527009,4.154291972828147,66.54941129397658
12,2024-01-01 02:57:00,0.6724011978411243,4.000149338714906,66.05515035315817
12,2024-01-01 02:58:00,0.6855736237070942,4.143421055618173,65.25533060203703
12,2024-01-01 02:59:00,0.5922901174100537,4.2160163410023985,65.78610479718688
12,2024-01-01 03:00:00,0.6238334193346444,4.204248209702897,66.43354269874386
12,2024-01-01 03:01:00,0.6605395903481764,4.282573895247571,67.51924755977859
12,2024-01-01 03:02:00,0.7010811281498737,4.228905356566941,67.38900153753488
12,2024-01-01 03:03:00,0.7081219582244336,4.139571400984946,66.90674983171735
12,2024-01-01 03:04:00,0.6692950934033544,4.275607704003792,67.89717276369355
12,2024-01-01 03:05:00,0.7558461830943254,4.332364849192361,66.54931263229686
12,2024-01-01 03:06:00,0.6429184347717388,4.266637980311601,69.18154951379441
12,2024-01-01 03:07:00,0.6944110513000228,4.331587831459317,68.07890191734701
12,2024-01-01 03:08:00,0.7303290384427817,4.621534667303975,65.32927574621252
12,2024-01-01 03:09:00,0.7010746347965869,4.500520150742247,67.20826399447482
12,2024-01-01 03:10:00,0.6923053997730039,4.313626708875658,67.60079905705415
12,2024-01-01 03:11:00,0.7623361393216671,4.257050173379084,69.80942932611013
12,2024-01-01 03:12:00,0.7275710731886671,4.383079143716105,68.19492959177191
12,2024-01-01 03:13:00,0.7434079091744941,4.366256407784192,68.38178090626009
12,2024-01-01 03:14:00,0.7786568612256989,4.364971079331186,69.51313686248054
12,2024-01-01 03:15:00,0.7242437040611217,4.483543188338888,69.8469310894237
12,2024-01-01 03:16:00,0.7599499499128756,4.420010881761013,66.76847303417755
12,2024-01-01 03:17:00,0.7470705332299081,4.483281561038815,69.56966322480794
12,2024-01-01 03:18:00,0.7292735618077434,4.449278563036955,67.81183657467915
12,2024-01-01 03:19:00,0.8029927217718372,4.717200766232744,69.16137287323969
12,2024-01-01 03:20:00,0.792870808072207,4.294720938112422,69.08007452403086
12,2024-01-01 03:21:00,0.791021221997732,4.619334261025436,70.46286884476274
12,2024-01-01 03:22:00,0.7907694215624314,4.239493707871302,72.66228111963818
12,2024-01-01 03:23:00,0.8363180866439629,4.580655206699698,68.26818213721904
12,2024-01-01 03:24:00,0.7225892223525123,4.391530135181007,70.4970963481091
13,2024-01-01 00:00:00,0.23796990925344763,3.018163845971747,40.566022436096915
13,2024-01-01 00:01:00,0.23496951343608324,2.9321655770393904,40.004302881866636
13,2024-01-01 00:02:00,0.2327177766729414,2.99478098377682,39.485431280628134
13,2024-01-01 00:03:00,0.18402910542794812,2.9866163779342303,41.108325526587635
13,2024-01-01 00:04:00,0.19719591423795477,3.02445683639728,38.97169704056011
13,2024-01-01 00:05:00,0.20446196157519753,3.0272693482307225,40.69931502775266
13,2024-01-01 00:06:00,0.23597412505358825,3.1925407727139983,41.25901306723187
13,2024-01-01 00:07:00,0.2130771659245679,2.947668228700148,44.080774404086135
13,2024-01-01 00:08:00,0.1852345106718148,2.985207063032025,41.16057599200583
13,2024-01-01 00:09:00,0.2243420486162032,2.875960386074881,42.79807196058463
13,2024-01-01 00:10:00,0.21082863505918692,3.0628870661556213,41.70156049627582
13,2024-01-01 00:11:00,0.2065839768234059,3.184522414117757,41.1361699572564
13,2024-01-01 00:12:00,0.20207971199605385,3.157936478772134,40.818712195343494
13,2024-01-01 00:13:00,0.23196735896573661,2.90929270827726,43.18301897703979
13,2024-01-01 00:14:00,0.2219855763176171,3.0582586914299275,42.32647966130916
13,2024-01-01 00:15:00,0.18442956832724064,3.249219238479449,42.95131478237971
13,2024-01-01 00:16:00,0.20029106749947392,2.9865169777088547,43.076314970390776
13,2024-01-01 00:17:00,0.18267229849900965,2.9104632763847427,42.515154350494456
13,2024-01-01 00:18:00,0.19065173169552882,2.899750743380888,42.911494266942995
13,2024-01-01 00:19:00,0.17444140873726,3.0506583748372935,42.156525604530685
13,2024-01-01 00:20:00,0.21284057770766335,3.012182863203863,43.024776330195465
13,2024-01-01 00:21:00,0.19905733033631956,3.001013787747828,43.717436431227625
13,2024-01-01 00:22:00,0.23072347931148393,3.2051659204432172,43.37543257408275
13,2024-01-01 00:23:00,0.21158476562009548,3.252418570269402,43.48359156986302
13,2024-01-01 00:24:00,0.25685178568766664,2.9896304930470614,42.74432902397023
13,2024-01-01 00:25:00,0.20508341604736813,2.9880900059732176,42.84685459534946
13,2024-01-01 00:26:00,0.2005098934652859,3.10572835597977,43.00263311953043
13,2024-01-01 00:27:00,0.19911628146240656,3.1610411778605747,44.07880525604206
13,2024-01-01 00:28:00,0.17570856708661092,3.0321319092863717,44.01875114761574
13,2024-01-01 00:29:00,0.1770931304781718,3.250673447122678,43.71325807514371
13,2024-01-01 00:30:00,0.24365323992190008,2.9528775613654203,44.469095462723544
13,2024-01-01 00:31:00,0.1807588754509073,3.029528563457619,44.35974190329574
13,2024-01-01 00:32:00,0.12513957988867583,3.30104229733432,45.801514761602704
13,2024-01-01 00:33:00,0.18157629205939804,3.168835555765464,45.74826948118282
13,2024-01-01 00:34:00,0.23702019201038593,3.2116148722771305,44.35494582039528
13,2024-01-01 00:35:00,0.16560151899480552,3.0165741742605094,45.847600548161815
13,2024-01-01 00:36:00,0.22738708985594402,2.9968869386386277,45.141516512786716
13,2024-01-01 00:37:00,0.20088995625719644,3.0835978666802815,45.57268036785646
13,2024-01-01 00:38:00,0.2835808407561679,3.2084813399103123,46.34132844309232
13,2024-01-01 00:39:00,0.21220245080716213,3.2029147098044377,45.68324203217448
13,2024-01-01 00:40:00,0.2548032502694184,3.3183801012247747,48.12728487010166
13,2024-01-01 00:41:00,0.20650978966637734,3.0761060730658043,46.04099382647448
13,2024-01-01 00:42:00,0.2433825676655905,3.198685513635998,45.037623355624724
13,2024-01-01 00:43:00,0.22434801403496227,3.352882309439333,44.74330773877115
13,2024-01-01 00:44:00,0.24959520595646226,2.899975400240706,47.20921822598745
13,2024-01-01 00:45:00,0.20573278674235485,2.98619315454441,47.355599028616346
13,2024-01-01 00:46:00,0.19275920770428964,3.125447391645178,46.87310960749965
13,2024-01-01 00:47:00,0.16966873549347097,3.007153713273213,45.97853343020328
13,2024-01-01 00:48:00,0.17334370268967364,3.089853243590577,48.01608113668535
13,2024-01-01 00:49:00,0.2426421986472067,3.0311006150049233,47.134252783853476
13,2024-01-01 00:50:00,0.2549036002187573,3.1754434513836,47.313642278637154
13,2024-01-01 00:51:00,0.26634913879496064,3.3697753278288327,47.24602517871364
13,2024-01-01 00:52:00,0.2488616167285037,3.0120898257521205,47.0215101938185
13,2024-01-01 00:53:00,0.22665192929413047,3.1465007303989783,45.90599455893238
13,2024-01-01 00:54:00,0.28358518313469067,3.197474826208777,46.66269139391508
13,2024-01-01 00:55:00,0.24761191409721167,3.1450316999583148,48.78618900856616
13,2024-01-01 00:56:00,0.2303669204780819,3.0314653751099274,48.15662455677469
13,2024-01-01 00:57:00,0.21461624240321703,3.336358586198937,48.9591090036516
13,2024-01-01 00:58:00,0.2181892359416868,3.165535148146285,49.221819618495076
13,2024-01-01 00:59:00,0.20619029167209998,3.2945278525892823,47.34670508885935
13,2024-01-01 01:00:00,0.27813836491518945,3.2045665532179792,48.738857164740544
13,2024-01-01 01:01:00,0.21830205480752396,2.985754857942239,49.617724312321
13,2024-01-01 01:02:00,0.16923521969081137,3.4245777114907776,50.551868716570304
13,2024-01-01 01:03:00,0.24586368023574412,3.24801343272774,51.016022033376615
13,2024-01-01 01:04:00,0.2765896293473237,3.3318174468954393,48.61731249667859
13,2024-01-01 01:05:00,0.31513920155974023,3.149241996850603,49.721116786387114
13,2024-01-01 01:06:00,0.24601845361301747,3.245022450131191,50.86900465321052
13,2024-01-01 01:07:00,0.27157894112134945,3.1920292718427126,50.80796112879619
13,2024-01-01 01:08:00,0.26684841889451616,3.1697674106431157,51.716225499482
13,2024-01-01 01:09:00,0.24443414856739074,3.243303167572183,51.06447987365706
13,2024-01-01 01:10:00,0.26713409432074625,3.2723883316751388,48.49060540581842
13,2024-01-01 01:11:00,0.27251395684400065,3.3696944183785544,49.85460694791547
13,2024-01-01 01:12:00,0.24216831888682272,3.211248345430373,47.43374449486237
13,2024-01-01 01:13:00,0.2614014984903208,3.3303521378775973,52.090125380921776
13,2024-01-01 01:14:00,0.2836813952205887,3.288232262561654,48.82417437015794
13,2024-01-01 01:15:00,0.2423964503414145,3.2184026681302176,51.24677373673457
13,2024-01-01 01:16:00,0.2619096641135313,3.3985827043031707,52.681725118902534
13,2024-01-01 01:17:00,0.2686410990017342,3.3266043524290065,49.20499585660472
13,2024-01-01 01:18:00,0.27425355855616895,3.484956167586984,51.350122529890484
13,2024-01-01 01:19:00,0.252455946990521,3.349562374887045,50.63005261920251
13,2024-01-01 01:20:00,0.27914849454481994,3.290153491585846,50.298172046395806
13,2024-01-01 01:21:00,0.2259485259037561,3.565743900883967,52.28383296129498
13,2024-01-01 01:22:00,0.25770005370951,3.2934058658014647,53.52493096305108
13,2024-01-01 01:23:00,0.2630513503592469,3.4337473004929575,51.1711816256285
13,2024-01-01 01:24:00,0.24866000193422663,3.3699677122020804,51.132327207562085
13,2024-01-01 01:25:00,0.274223259342657,3.2821751531949075,53.84792883330945
13,2024-01-01 01:26:00,0.31011649209913594,3.4374580634204723,53.80523870311714
13,2024-01-01 01:27:00,0.269510236822567,3.3455074618984693,51.77876847332315
13,2024-01-01 01:28:00,0.31198802497245387,3.58267071430313,52.88126087094463
13,2024-01-01 01:29:00,0.3451985158487839,3.3472814812190137,52.597603775670386
13,2024-01-01 01:30:00,0.27248228350695003,3.5143343026592233,53.45996557677554
13,2024-01-01 01:31:00,0.26989902854216113,3.355903719049457,53.77223127179635
13,2024-01-01 01:32:00,0.3211266957728666,3.5102956100029656,50.99931944167327
13,2024-01-01 01:33:00,0.28756110145471964,3.451355820057979,52.709779172940785
13,2024-01-01 01:34:00,0.30712787776242473,3.556285625074014,54.14927810647835
13,2024-01-01 01:35:00,0.33697176139774637,3.581327486723223,54.03140661599483
13,2024-01-01 01:36:00,0.3320398072775112,3.302052703828529,54.960814397888015
13,2024-01-01 01:37:00,0.33863666032020584,3.5257873123846117,52.56107537455629
13,2024-01-01 01:38:00,0.2953833690309678,3.5267157408772003,54.977745611089624
13,2024-01-01 01:39:00,0.262470466457214,3.6644342688687552,53.341095035359174
13,2024-01-01 01:40:00,0.32546018235447255,3.5466281336897922,54.658524902210985
13,2024-01-01 01:41:00,0.30617841665357187,3.4134353653969054,53.6183315163766
13,2024-01-01 01:42:00,0.34271089771484564,3.435538163876118,54.658024409215095
13,2024-01-01 01:43:00,0.40455049004685095,3.613997240791396,54.533919010570294
13,2024-01-01 01:44:00,0.36091653582144395,3.405894893105206,56.16495496405417
13,2024-01-01 01:45:00,0.39260481107199857,3.4692707397378633,55.3668712909968
13,2024-01-01 01:46:00,0.3779844649903266,3.4996605384341057,55.54755149213645
13,2024-01-01 01:47:00,0.34885866354399014,3.728409796039912,56.54019729213732
13,2024-01-01 01:48:00,0.3910848391981342,3.5461611700454596,54.583996952487226
13,2024-01-01 01:49:00,0.356105371993832,3.554534308098714,55.49355502263583
13,2024-01-01 01:50:00,0.35426766632216433,3.4590695136691414,55.36961163815017
13,2024-01-01 01:51:00,0.3800207661421318,3.5445796291773504,55.97980645673635
13,2024-01-01 01:52:00,0.408676212259625,3.672515679207641,57.66258193650093
13,2024-01-01 01:53:00,0.4108870987591103,3.5413191023118924,54.76473256030589
13,2024-01-01 01:54:00,0.4123903215242405,3.6567610772575727,56.4617690017025
13,2024-01-01 01:55:00,0.43332130361905835,3.571181579769741,55.9335387825279
13,2024-01-01 01:56:00,0.38379908781125505,3.4628687749904126,56.305105290804235
13,2024-01-01 01:57:00,0.3879228952367978,3.736174720547754,57.713713179951554
13,2024-01-01 01:58:00,0.38371107407743604,3.7579951109286602,56.16118976319886
13,2024-01-01 01:59:00,0.3479552268979838,3.6278334653497697,57.53617788680165
13,2024-01-01 02:00:00,0.3681271220934354,3.7153729849776287,57.12163298664274
13,2024-01-01 02:01:00,0.38346422967987404,3.8165394503941523,57.581134699003776
13,2024-01-01 02:02:00,0.4512800772673308,3.680858074409303,57.414873152271014
13,2024-01-01 02:03:00,0.42051597080671094,3.6625119710880463,56.573629684499096
13,2024-01-01 02:04:00,0.37517680568047124,3.761648093964508,56.675634530980034
13,2024-01-01 02:05:00,0.3926567662659034,3.6774918720512018,57.1182586487725
13,2024-01-01 02:06:00,0.37234393952468986,3.6538101819178346,56.19373220359006
13,2024-01-01 02:07:00,0.3907127333186265,3.7275482026777897,56.66548254247783
13,2024-01-01 02:08:00,0.41080949407706424,3.67173842682128,58.160124049247095
13,2024-01-01 02:09:00,0.45917160106796706,3.581624260853403,58.01402721487563
13,2024-01-01 02:10:00,0.4067522913027414,3.7460372984587194,58.23718766451293
13,2024-01-01 02:11:00,0.43791654830149823,3.8594181841124287,59.58697405199773
13,2024-01-01 02:12:00,0.4415396088267992,3.6938251597137595,57.96062189389371
13,2024-01-01 02:13:00,0.4538515571985063,3.725414862143397,59.049829152241344
13,2024-01-01 02:14:00,0.5280908903485813,3.7697411636068106,58.03244989551451
13,2024-01-01 02:15:00,0.4555422917184554,3.7623770271675867,58.46389903009024
13,2024-01-01 02:16:00,0.4717883273163037,3.7274299294143054,58.63198646178878
13,2024-01-01 02:17:00,0.43459121117081284,4.003177721947343,60.92835652543627
13,2024-01-01 02:18:00,0.4490545012296123,3.945879433787318,61.44242744112586
13,2024-01-01 02:19:00,0.4620552883492532,3.8342555536930907,60.95521273233623
13,2024-01-01 02:20:00,0.4843438623225853,3.7702703231916868,60.55524826433959
13,2024-01-01 02:21:00,0.47938336001552084,3.925396825174426,59.083347590665504
13,2024-01-01 02:22:00,0.47175880121607117,3.89343770687433,61.90894231928427
13,2024-01-01 02:23:00,0.48596915259094103,3.669698915981618,62.53774799832964
13,2024-01-01 02:24:00,0.5025746147644083,3.8907381854950422,60.87670042587493
13,2024-01-01 02:25:00,0.4661988673799972,3.7592816228359442,60.781928797019226
13,2024-01-01 02:26:00,0.4711492408372237,3.8573472693214237,60.22893675811228
13,2024-01-01 02:27:00,0.5156700423792141,3.9517794267142325,61.788246673205755
13,2024-01-01 02:28:00,0.4611818652272939,3.77084051618882,60.974081201055924
13,2024-01-01 02:29:00,0.4775711656661573,3.8560245283640606,61.72850976243924
13,2024-01-01 02:30:00,0.5343383760571843,3.8910513490431384,61.20938894947496
13,2024-01-01 02:31:00,0.47404833887856584,4.0533947651738105,60.945245529518935
13,2024-01-01 02:32:00,0.5194911808331076,3.888701933521642,60.53364622654981
13,2024-01-01 02:33:00,0.4656904626660474,3.9826969208801573,60.65732854146959
13,2024-01-01 02:34:00,0.5097891501258554,3.972794239138296,60.11617164500832
13,2024-01-01 02:35:00,0.5475393144923808,3.7453142604718197,62.53435342944571
13,2024-01-01 02:36:00,0.563767011279693,3.9218802318284136,60.2860527945309
13,2024-01-01 02:37:00,0.45719821590112,3.9459172699107525,61.88215662644688
13,2024-01-01 02:38:00,0.5676430507108289,4.002661491957354,62.1844164141877
13,2024-01-01 02:39:00,0.5897710321966094,3.9135448892863867,62.55407278220952
13,2024-01-01 02:40:00,0.532172237058739,4.05839010087414,65.27200501408473
13,2024-01-01 02:41:00,0.5163564336428093,3.9408860362293248,61.540319422851006
13,2024-01-01 02:42:00,0.5428617443323177,4.165958833832677,61.53731141605325
13,2024-01-01 02:43:00,0.5490353528024736,3.88039051426549,63.412170352784756
13,2024-01-01 02:44:00,0.5883962819159059,4.093697213905313,62.244022980187104
13,2024-01-01 02:45:00,0.6148902254743397,4.175910892085485,64.08396050546993
13,2024-01-01 02:46:00,0.5561219884154494,3.9611954301858883,63.039770671435676
13,2024-01-01 02:47:00,0.6076894505404342,4.272239512983559,62.771559036145874
13,2024-01-01 02:48:00,0.5420092241643584,4.078052747035201,63.26739229960157
13,2024-01-01 02:49:00,0.6161242031779168,4.103086531117832,64.71081307198507
13,2024-01-01 02:50:00,0.5984665892732257,3.9319367092672555,63.07795551390108
13,2024-01-01 02:51:00,0.5839520202486886,4.02258719686422,64.38778895076753
13,2024-01-01 02:52:00,0.5939999453641603,4.16267337450919,67.22399110477431
13,2024-01-01 02:53:00,0.6288740026158713,4.134876082533391,62.95391264005374
13,2024-01-01 02:54:00,0.6171604060225222,4.251137001537494,61.8069018142116
13,2024-01-01 02:55:00,0.6136518566966865,4.01841286052858,66.13275964265958
13,2024-01-01 02:56:00,0.5922223283965206,4.165778181199079,65.21035575681253
13,2024-01-01 02:57:00,0.5604714966053528,4.265519657901296,65.70478977954127
13,2024-01-01 02:58:00,0.6013424978567643,4.1335407480556,65.13189713676387
13,2024-01-01 02:59:00,0.5917919929375999,4.024204655679462,67.24104047693568
13,2024-01-01 03:00:00,0.6767002024777837,4.386767968929453,64.96389253191772
13,2024-01-01 03:01:00,0.6378305499460636,4.215455736247563,64.34740563094977
13,2024-01-01 03:02:00,0.6484636751533891,4.321778559699744,65.91383005218155
13,2024-01-01 03:03:00,0.6155128306892091,4.458265963422985,66.47763366439078
13,2024-01-01 03:04:00,0.5877160932875998,4.226514080239716,66.13649843484674
13,2024-01-01 03:05:00,0.6521460233178886,4.223463198796815,64.96169325941393
13,2024-01-01 03:06:00,0.6773059185319261,4.224648194127888,64.92106122688952
13,2024-01-01 03:07:00,0.6375052086585629,4.304337970695687,65.91403004786129
13,2024-01-01 03:08:00,0.7504019640930837,4.223013355020247,67.75733361849257
13,2024-01-01 03:09:00,0.6314754398330233,4.460160059738263,68.91680298100366
13,2024-01-01 03:10:00,0.6895725529985111,4.264540838300986,66.14714730907885
13,2024-01-01 03:11:00,0.6829863960267922,4.203926754811876,67.5120995028419
13,2024-01-01 03:12:00,0.6972778780301164,4.373317075648731,67.38020741015843
13,2024-01-01 03:13:00,0.7396540928538815,4.416637531715897,67.12340117300721
13,2024-01-01 03:14:00,0.7555081262144715,4.411346303761702,68.77484188659741
13,2024-01-01 03:15:00,0.7190620292466308,4.345655060184369,69.153848696753
13,2024-01-01 03:16:00,0.7160858067094963,4.18929039899001,67.16947607792927
13,2024-01-01 03:17:00,0.6676259164342867,4.241286486419823,66.94706871703411
13,2024-01-01 03:18:00,0.7673798019504301,4.295679689367391,68.18273883079362
13,2024-01-01 03:19:00,0.759968359497302,4.369808291809465,68.15761747415303
13,2024-01-01 03:20:00,0.7514387736188008,4.586664332383802,68.2890221317611
13,2024-01-01 03:21:00,0.7374938589205221,4.492772769862076,67.52988367694621
13,2024-01-01 03:22:00,0.7175995680749718,4.539801468874341,69.96654308466846
13,2024-01-01 03:23:00,0.7456909373425474,4.397577959887129,68.4010556880882
13,2024-01-01 03:24:00,0.7988191674621689,4.361824836057925,69.18152525622631
13,2024-01-01 03:25:00,0.7275795311613068,4.424048027386619,69.45217272479421
13,2024-01-01 03:26:00,0.778531605622638,4.400550501161497,69.25817747860438
13,2024-01-01 03:27:00,0.7888257270152396,4.271295784911945,70.32901522206366
13,2024-01-01 03:28:00,0.7545406371315808,4.365362385026449,70.97035368299582
13,2024-01-01 03:29:00,0.7865110683505008,4.295985600607244,71.01536737980338
13,2024-01-01 03:30:00,0.7691879566196408,4.585727398985248,69.10970553106479
13,2024-01-01 03:31:00,0.8121684782356364,4.5584343793077275,70.13355345619433
14,2024-01-01 00:00:00,0.22625538543008036,2.8694350477107804,38.654340158427566
14,2024-01-01 00:01:00,0.23440596819309834,3.0872988892484523,40.29489005696474
14,2024-01-01 00:02:00,0.14334847499189074,3.019070939770035,41.10354058621222
14,2024-01-01 00:03:00,0.18484658625310477,3.014345681698312,39.868505365398114
14,2024-01-01 00:04:00,0.1554957436476174,3.035335509387133,39.89781787163875
14,2024-01-01 00:05:00,0.21986654262984767,3.05307415923296,42.06618088955372
14,2024-01-01 00:06:00,0.1644152697948429,2.8354658086742033,41.93533588143983
14,2024-01-01 00:07:00,0.16082637794844612,3.3028827903882374,39.70315792613868
14,2024-01-01 00:08:00,0.18250813495911347,3.099339617912786,42.15024291978061
14,2024-01-01 00:09:00,0.216309480748983,3.0940933747281822,42.196877404060054
14,2024-01-01 00:10:00,0.22678688670126795,3.1339955639674866,40.77793584747593
14,2024-01-01 00:11:00,0.14826330723186568,3.0197420611839254,41.44263982246061
14,2024-01-01 00:12:00,0.1960736436056098,2.9830317652149856,41.74513232866062
14,2024-01-01 00:13:00,0.19724104856521973,2.996350500413644,42.798016710156865
14,2024-01-01 00:14:00,0.23506523567012336,3.111123674118194,41.989356582141966
14,2024-01-01 00:15:00,0.16391159905959274,2.9926261702340984,43.16561500492278
14,2024-01-01 00:16:00,0.20122047870153867,3.0628281548929155,43.15522516826897
14,2024-01-01 00:17:00,0.21216453500228497,3.0093428742255917,43.725740042558726
14,2024-01-01 00:18:00,0.24459199358029787,3.116447328385051,41.794755161752455
14,2024-01-01 00:19:00,0.18012876418196572,3.0850275131948637,44.029663646024595
14,2024-01-01 00:20:00,0.2634998137914531,3.003650403900446,43.6531934675347
14,2024-01-01 00:21:00,0.24664330518160577,3.019110533288147,43.90452245860656
14,2024-01-01 00:22:00,0.2057760456849924,3.1380368366057523,44.68786172901903
14,2024-01-01 00:23:00,0.1662165924189322,3.082123543213163,44.91913570071465
14,2024-01-01 00:24:00,0.19884389672934588,3.1735186415599155,44.368297506875116
14,2024-01-01 00:25:00,0.25097211851801143,3.0253503177661702,43.17681955241677
14,2024-01-01 00:26:00,0.2057149168594237,2.982766176141391,45.38579544384939
14,2024-01-01 00:27:00,0.21621375982412258,3.0184746865255456,47.68321090391504
14,2024-01-01 00:28:00,0.19955672814339945,3.21526891982973,45.82597414825656
14,2024-01-01 00:29:00,0.2555388458912709,3.186520919335418,43.20401230679739
14,2024-01-01 00:30:00,0.15271186752894306,3.1232358521304,46.75659414514141
14,2024-01-01 00:31:00,0.18489981560723134,3.1040159877879856,45.63429604995732
14,2024-01-01 00:32:00,0.21276200750865368,2.8982595390902937,44.88052402276397
14,2024-01-01 00:33:00,0.27253052087360113,3.202900329858286,45.146657624201964
14,2024-01-01 00:34:00,0.264406029637937,3.0839199264294956,46.02073248950685
14,2024-01-01 00:35:00,0.21669571135440355,3.27005208832126,45.765012962608125
14,2024-01-01 00:36:00,0.2269420779310201,2.9295177375708232,47.18412641644733
14,2024-01-01 00:37:00,0.19575252852470001,3.3026420024321874,46.05315641240859
14,2024-01-01 00:38:00,0.2549245691234629,3.0907651005642363,46.42348319168521
14,2024-01-01 00:39:00,0.24397083735258557,2.8895104545569636,47.09909285950435
14,2024-01-01 00:40:00,0.22654762097448577,3.222955016505877,48.67160973276048
14,2024-01-01 00:41:00,0.14855532336250252,3.146890517329158,47.759126423014195
14,2024-01-01 00:42:00,0.24765014033796084,3.212463219882295,47.34919438835655
14,2024-01-01 00:43:00,0.23667179361357288,3.0194291375195097,47.35144683388742
14,2024-01-01 00:44:00,0.2929569756481642,3.2805161012862043,46.08276602769878
14,2024-01-01 00:45:00,0.20352164760894817,3.1765304858031667,47.66906284536055
14,2024-01-01 00:46:00,0.2994000279947946,3.311000287031203,47.37134248250933
14,2024-01-01 00:47:00,0.2554138688740543,3.204925687959152,49.81262343181078
14,2024-01-01 00:48:00,0.28170049514609263,3.2643922866020993,47.870245466365745
14,2024-01-01 00:49:00,0.26367930267210726,3.3587670398682445,48.82805168580711
14,2024-01-01 00:50:00,0.3044386889045632,3.3026019052974265,50.26646317946635
14,2024-01-01 00:51:00,0.22415152569310334,3.1865808057739513,49.57754520291485
14,2024-01-01 00:52:00,0.2814158723315014,3.358795851393742,51.105050003536704
14,2024-01-01 00:53:00,0.2764465677741029,3.2724960744983798,49.33156927265917
14,2024-01-01 00:54:00,0.27758228774393784,3.376862995557396,50.58440851095981
14,2024-01-01 00:55:00,0.2242004529288143,3.3261011513547643,51.668307253688695
14,2024-01-01 00:56:00,0.25408579823535665,3.321588601269582,49.44575024645211
14,2024-01-01 00:57:00,0.2660568335098806,3.448255873851283,50.481095606570534
14,2024-01-01 00:58:00,0.3021970322218068,3.2740860758912955,51.937201335520214
14,2024-01-01 00:59:00,0.24773938103930915,3.443801305096154,51.091149007757004
14,2024-01-01 01:00:00,0.2501415003770436,3.1809854889327362,52.29545418305516
14,2024-01-01 01:01:00,0.2825062710898253,3.424011502689162,51.78193431869096
14,2024-01-01 01:02:00,0.32594878694442986,3.557255905362094,51.35953734372987
14,2024-01-01 01:03:00,0.30719713706989416,3.4907699096143334,51.818419394531865
14,2024-01-01 01:04:00,0.24697851905375917,3.361590389542424,53.430755764722285
14,2024-01-01 01:05:00,0.30023236792503755,3.4207088053171146,51.84000761094229
14,2024-01-01 01:06:00,0.24557298926290083,3.2967021582338165,52.06632284556343
14,2024-01-01 01:07:00,0.34247019998362976,3.6015939914313324,53.29871981080778
14,2024-01-01 01:08:00,0.3602657351438521,3.4645655168717244,51.69226495328059
14,2024-01-01 01:09:00,0.3220577498720896,3.396478522026389,50.59806075000799
14,2024-01-01 01:10:00,0.34719956390285817,3.303895887157958,54.03210460803298
14,2024-01-01 01:11:00,0.2937516099188879,3.679033137575671,53.7347332175252
14,2024-01-01 01:12:00,0.28923828300902077,3.46163783379997,54.074220092361166
14,2024-01-01 01:13:00,0.3638953558840048,3.455152060035817,53.10900725170437
14,2024-01-01 01:14:00,0.309926154124496,3.6829113314784143,52.52363247264441
14,2024-01-01 01:15:00,0.3284820041980256,3.4012852329793266,53.88485105666149
14,2024-01-01 01:16:00,0.33891970043381614,3.376414798716439,54.24384348471394
14,2024-01-01 01:17:00,0.34120707088283186,3.4495222086179225,53.06975945612801
14,2024-01-01 01:18:00,0.30726649596519967,3.5039321187560724,53.94341568659346
14,2024-01-01 01:19:00,0.3238243243136749,3.558648947984555,55.241094623783624
14,2024-01-01 01:20:00,0.34458388741845375,3.486051991182898,55.727742258865916
14,2024-01-01 01:21:00,0.37139426942027387,3.59635979429944,54.423854553607505
14,2024-01-01 01:22:00,0.3575746336896626,3.3940964513551046,53.214350557692285
14,2024-01-01 01:23:00,0.31094541894968,3.3449711157875512,55.910846891273664
14,2024-01-01 01:24:00,0.35661173430104487,3.5553750557051065,53.7187744688359
14,2024-01-01 01:25:00,0.32933721878391875,3.5949671443913416,55.74146312282454
14,2024-01-01 01:26:00,0.39545736973654805,3.7399104620900534,57.0365080859882
14,2024-01-01 01:27:00,0.3716232003284707,3.6399290166860663,55.25719975069722
14,2024-01-01 01:28:00,0.40276803796015864,3.5264589940163216,56.17791216535418
14,2024-01-01 01:29:00,0.36045485241258024,3.522410202948306,58.55784036343542
14,2024-01-01 01:30:00,0.39881522027779964,3.7002072051819743,56.340488285729734
14,2024-01-01 01:31:00,0.40323996091346204,3.6929986258544107,56.494521922583786
14,2024-01-01 01:32:00,0.3826342924643999,3.5790110738788714,57.735172067111044
14,2024-01-01 01:33:00,0.38643981336581174,3.5539197263694673,58.07153765745871
14,2024-01-01 01:34:00,0.3813169596179533,3.642119196614582,56.807879937839786
14,2024-01-01 01:35:00,0.4285167882678805,3.7584785128477414,58.59883267570917
14,2024-01-01 01:36:00,0.40366082719756347,3.739112810724196,57.070451643114545
14,2024-01-01 01:37:00,0.4250909201408343,3.705603618836363,57.98177663387089
14,2024-01-01 01:38:00,0.38909541485898996,3.7101428671041443,58.486112924651856
14,2024-01-01 01:39:00,0.40453037219794813,3.743660785192894,57.77795418114896
14,2024-01-01 01:40:00,0.4011306548211657,3.8089022325242,58.9178098238414
14,2024-01-01 01:41:00,0.4875795479972232,3.833627973329406,57.15223389781141
14,2024-01-01 01:42:00,0.3746210025799915,3.7576524239996765,57.969199374239395
14,2024-01-01 01:43:00,0.4531296901013244,3.6690427339536624,59.92297208213386
14,2024-01-01 01:44:00,0.4113142115801768,3.866434770837651,59.08540341483068
14,2024-01-01 01:45:00,0.4082461643483398,3.7944572594579684,60.27016085680214
14,2024-01-01 01:46:00,0.5082514525848492,3.987729410626425,59.481484283804605
14,2024-01-01 01:47:00,0.44382846180408886,3.6188436034352645,59.19411866585668
14,2024-01-01 01:48:00,0.43436797460033183,3.9223382733769996,60.89575485987616
14,2024-01-01 01:49:00,0.4793032994374969,4.106159636680772,59.14141625913513
14,2024-01-01 01:50:00,0.4640333770398987,3.7999010342117487,58.91155666317945
14,2024-01-01 01:51:00,0.446155210958725,3.930272172163763,62.17607655925892
14,2024-01-01 01:52:00,0.48916771240940193,3.86436137553581,61.72431546903022
14,2024-01-01 01:53:00,0.5247694786991218,3.843162133622899,60.4212938059989
14,2024-01-01 01:54:00,0.47269600017516544,3.885318544225167,61.23552470441162
14,2024-01-01 01:55:00,0.45882018988999446,3.805734072792273,59.04540783192007
14,2024-01-01 01:56:00,0.5181701764176968,3.9771397412826417,62.53983177490588
14,2024-01-01 01:57:00,0.501193906452197,3.967991762263805,61.107012472110696
14,2024-01-01 01:58:00,0.5011757859831725,4.024284257996879,61.9063523169378
14,2024-01-01 01:59:00,0.5374280040327593,3.896354449271917,61.72373913721464
14,2024-01-01 02:00:00,0.53309654788465,3.971310158207991,62.055774690746915
14,2024-01-01 02:01:00,0.5419949689997068,3.910746701482772,60.350381127405015
14,2024-01-01 02:02:00,0.5452704984424811,4.046455039076953,63.253519643593584
14,2024-01-01 02:03:00,0.534817112043437,3.7882434511224123,64.02650173074346
14,2024-01-01 02:04:00,0.522854803553593,3.9455044293609536,62.424465165193695
14,2024-01-01 02:05:00,0.5180521598654247,3.9490558655949517,62.92788827597782
14,2024-01-01 02:06:00,0.5274048889389964,4.072311806276346,61.54821973512099
14,2024-01-01 02:07:00,0.590159531195057,4.0902433041384665,63.25788652927356
14,2024-01-01 02:08:00,0.589501701484811,4.046371622047901,62.81445890502185
14,2024-01-01 02:09:00,0.6242751012214848,4.182702949030761,64.36880148283403
14,2024-01-01 02:10:00,0.6534019439931962,4.026051048881584,63.84898932152742
14,2024-01-01 02:11:00,0.6054775831675407,4.293314726027257,64.89705468358156
14,2024-01-01 02:12:00,0.5905796033989625,4.126574822615616,63.575259762958204
14,2024-01-01 02:13:00,0.5447609884778973,4.165473526975543,65.18772914064674
14,2024-01-01 02:14:00,0.6540859783854067,4.174665091421809,63.55298203586755
14,2024-01-01 02:15:00,0.5886365614153257,4.200998572530991,63.82914780514333
14,2024-01-01 02:16:00,0.6270788805501439,4.240984834880235,67.51098479718343
14,2024-01-01 02:17:00,0.6076621548256955,4.277777925857535,64.82455627877816
14,2024-01-01 02:18:00,0.6091213282360132,4.2382521855786655,66.1793680233769
14,2024-01-01 02:19:00,0.6220815744882549,4.081096286558148,66.11283439171696
14,2024-01-01 02:20:00,0.7336834549423883,4.177342565271159,65.9084019293574
14,2024-01-01 02:21:00,0.5929634547816839,4.080459757642505,66.30083015827803
14,2024-01-01 02:22:00,0.6864933797391978,4.229582293060868,64.97364552277493
14,2024-01-01 02:23:00,0.632305223041503,4.187811031607321,65.79740703225384
14,2024-01-01 02:24:00,0.6639982646553271,4.382714432308002,66.29044835984348
14,2024-01-01 02:25:00,0.5987052702902009,4.279618639410097,67.09907119776497
14,2024-01-01 02:26:00,0.6841604097263959,4.216581588618769,68.1560108142624
14,2024-01-01 02:27:00,0.7055965410538668,4.311483193842555,68.52394906726974
14,2024-01-01 02:28:00,0.703646138409571,4.4909552857931425,69.67088514386337
14,2024-01-01 02:29:00,0.7160430441975064,4.232357508803792,67.87367886379892
14,2024-01-01 02:30:00,0.6989929360735726,4.339709115319203,66.48552085587859
14,2024-01-01 02:31:00,0.7096065720931181,4.382080294220495,68.23459317875414
14,2024-01-01 02:32:00,0.7536558012819056,4.124108429506866,67.54045019844779
14,2024-01-01 02:33:00,0.7098449677590788,4.274242139028721,67.29394298763285
14,2024-01-01 02:34:00,0.7464871034092201,4.22395776628892,67.55100047841718
14,2024-01-01 02:35:00,0.7132212956634134,4.5884795911405964,68.10729018603686
14,2024-01-01 02:36:00,0.7329933615271536,4.441867929131794,69.76588577625955
14,2024-01-01 02:37:00,0.7527617850044115,4.425142125413815,68.75160080907645
14,2024-01-01 02:38:00,0.7752305776972753,4.5969374918971875,68.19077048040339
14,2024-01-01 02:39:00,0.8626072890642849,4.455544738101376,68.83202820219968
14,2024-01-01 02:40:00,0.7589194424172638,4.314479606572774,68.92890677875678
14,2024-01-01 02:41:00,0.8179948714710626,4.4898408043755005,69.2376986433807
14,2024-01-01 02:42:00,0.7298513895286982,4.5304734190422,69.09381601505503
15,2024-01-01 00:00:00,0.20443030452032443,2.9151305468043573,40.31688066311174
15,2024-01-01 00:01:00,0.19058750548811915,2.870451606213325,39.864177205942745
15,2024-01-01 00:02:00,0.20850602793934891,2.992809773139196,39.43400076801929
15,2024-01-01 00:03:00,0.23305004030102483,3.1513472789561536,39.440245948128975
15,2024-01-01 00:04:00,0.20917089170583897,3.0298850101257786,42.14515184819349
15,2024-01-01 00:05:00,0.16912462064798128,3.0322286369685942,41.47749578877131
15,2024-01-01 00:06:00,0.177082932909733,2.9730751334911356,40.2367816450862
15,2024-01-01 00:07:00,0.2085116292006488,2.988577156331633,41.20127015782745
15,2024-01-01 00:08:00,0.19462225690394203,3.072181093295826,41.1466069593571
15,2024-01-01 00:09:00,0.18905384542877576,2.9160246751813643,39.750074500987544
15,2024-01-01 00:10:00,0.15678635006075956,3.0586916926657697,40.33937815854763
15,2024-01-01 00:11:00,0.2619967005423771,2.941638593238687,40.175891192633536
15,2024-01-01 00:12:00,0.24445972654355574,2.9781914243357432,42.777551510729374
15,2024-01-01 00:13:00,0.19448186378355004,3.1375975167066836,41.58138480124299
15,2024-01-01 00:14:00,0.17393391487062457,3.0016035822347398,41.88035473035629
15,2024-01-01 00:15:00,0.2501859673227213,3.158761891452652,43.00108066770955
15,2024-01-01 00:16:00,0.21920782616716847,3.0557788979539042,40.62090608040427
15,2024-01-01 00:17:00,0.19184128943448547,3.1089500653827553,44.002719279603696
15,2024-01-01 00:18:00,0.187491468404273,3.1310481861231794,41.0199582561618
15,2024-01-01 00:19:00,0.22425654931718858,2.9733362310653733,42.97394668363424
15,2024-01-01 00:20:00,0.24710585857493378,3.1347119301260267,42.78145943014465
15,2024-01-01 00:21:00,0.22555681412001297,3.1664530926760537,45.02567422564286
15,2024-01-01 00:22:00,0.22222267626722786,3.070306413199921,41.53462756804593
15,2024-01-01 00:23:00,0.20572774779518652,3.1336019857641726,43.407310212743546
15,2024-01-01 00:24:00,0.18336458497148486,3.0210172045080084,44.3298380711733
15,2024-01-01 00:25:00,0.21002761605539166,2.927313805539286,44.90298433820602
15,2024-01-01 00:26:00,0.13498317079920522,2.915293520723653,44.19267864191275
15,2024-01-01 00:27:00,0.2532818015851383,3.052879087532976,44.469006981337266
15,2024-01-01 00:28:00,0.24527756479256088,3.199892084439794,44.3591837456472
15,2024-01-01 00:29:00,0.20444576975265,3.0574261094895245,44.643217169108595
15,2024-01-01 00:30:00,0.18781750323751614,3.0763538009203675,45.868553646095634
15,2024-01-01 00:31:00,0.2076173048454492,2.947961612602396,44.81974810678475
15,2024-01-01 00:32:00,0.2071051399897392,3.2297094171953606,44.73729259626044
15,2024-01-01 00:33:00,0.17251344446704014,2.9620221036088474,43.025108877456304
15,2024-01-01 00:34:00,0.2400341913951164,3.249498766210835,46.407273066762194
15,2024-01-01 00:35:00,0.24721572681819215,3.0855148552345946,46.30495861915872
15,2024-01-01 00:36:00,0.20587831160485684,3.288168564882857,45.62348503573949
15,2024-01-01 00:37:00,0.22968170704444743,2.809977939085426,46.09235344249632
15,2024-01-01 00:38:00,0.24348990495096845,3.1714596864796243,47.159989596306836
15,2024-01-01 00:39:00,0.23329489128385208,3.1987896558260007,47.20824373993412
15,2024-01-01 00:40:00,0.21433672869511078,3.2744425240373873,46.2028996855166
15,2024-01-01 00:41:00,0.23447582093820357,3.1910217500778395,47.249522887396864
15,2024-01-01 00:42:00,0.19128948240993557,3.122306473748533,45.252642789081676
15,2024-01-01 00:43:00,0.2023888255484535,3.083621641613706,46.9557677265381
15,2024-01-01 00:44:00,0.22065585466243356,3.105318209161851,47.87700870640336
15,2024-01-01 00:45:00,0.2700105259983374,3.309841306254913,48.132688575453855
15,2024-01-01 00:46:00,0.21593247661435,3.1571533477613998,45.70653820675123
15,2024-01-01 00:47:00,0.23246998088630533,3.2031752136693545,48.51323612850103
15,2024-01-01 00:48:00,0.2415700324907353,3.211366645096356,46.77292514649363
15,2024-01-01 00:49:00,0.24325943121539137,3.1624719840332927,47.09337821269675
15,2024-01-01 00:50:00,0.25447458519114285,3.2291477667903044,46.996117599254056
15,2024-01-01 00:51:00,0.2908966065228911,3.3166984827515162,46.92323321568018
15,2024-01-01 00:52:00,0.19135275925976858,3.0745070950004076,46.97904911521142
15,2024-01-01 00:53:00,0.2585191935129199,3.3869304894477263,46.611803944532554
15,2024-01-01 00:54:00,0.26105494587170736,3.2233646392950313,48.087236070207105
15,2024-01-01 00:55:00,0.26460492664854024,3.0249179964664865,47.66973169110502
15,2024-01-01 00:56:00,0.2439048392564295,3.064522381691857,48.12881905243943
15,2024-01-01 00:57:00,0.19694809903037397,3.0439422154520255,50.10701299210761
15,2024-01-01 00:58:00,0.2654439307670195,3.2588110661113108,47.089493414243755
15,2024-01-01 00:59:00,0.27910010165077836,3.293839877095582,47.28776436700405
15,2024-01-01 01:00:00,0.17422937665763666,3.1697264469334225,47.922664590513584
15,2024-01-01 01:01:00,0.30339599504994985,3.315479658794768,49.79295145895817
15,2024-01-01 01:02:00,0.2737345772782672,3.1857760763040277,47.98896236399128
15,2024-01-01 01:03:00,0.240996499026281,3.3643016297982546,49.031932563154996
15,2024-01-01 01:04:00,0.3166241515252277,3.1241576145034955,47.854189165298024
15,2024-01-01 01:05:00,0.25127450230641235,3.1573322444570677,50.09242720888958
15,2024-01-01 01:06:00,0.26059394594050606,3.28742389807651,51.68570982804479
15,2024-01-01 01:07:00,0.25070982855724916,3.2442205537291384,48.5779182517991
15,2024-01-01 01:08:00,0.2716586224106335,3.2690833865857587,50.33442190962617
15,2024-01-01 01:09:00,0.27159771596343774,3.3332606711488895,50.77273035362519
15,2024-01-01 01:10:00,0.24966262834819808,3.0485996054213502,50.434800773460935
15,2024-01-01 01:11:00,0.24797914052443773,3.2821298899804097,52.81452161443447
15,2024-01-01 01:12:00,0.24149496374200707,3.308244233098173,51.30174631969513
15,2024-01-01 01:13:00,0.29558599132721874,3.1644485291428954,51.5374465558862
15,2024-01-01 01:14:00,0.3199636511371637,3.2658000659754642,49.24612003222508
15,2024-01-01 01:15:00,0.24429041957311284,3.282724731729339,50.810727331133535
15,2024-01-01 01:16:00,0.2806490328225494,3.481551117965731,51.67637681027878
15,2024-01-01 01:17:00,0.2463865285275659,3.466578846962936,51.12230536853586
15,2024-01-01 01:18:00,0.26323489353527496,3.3548708105475664,52.64157598168276
15,2024-01-01 01:19:00,0.33836097049917985,3.3627494438455017,51.21028004047093
15,2024-01-01 01:20:00,0.29932391359620314,3.3893029376539214,50.73100942005179
15,2024-01-01 01:21:00,0.2823144180136999,3.4324747017240664,50.75117770746087
15,2024-01-01 01:22:00,0.3329610521382848,3.2985968298186426,53.40206772539853
15,2024-01-01 01:23:00,0.2993646410424834,3.57091546232399,55.30749983814972
15,2024-01-01 01:24:00,0.3002911738029302,3.5708712021649887,52.26389731490221
15,2024-01-01 01:25:00,0.2934566841264639,3.217153711356185,52.0865695986988
15,2024-01-01 01:26:00,0.24956912663346292,3.420368903695317,52.44634521793812
15,2024-01-01 01:27:00,0.3673811198520385,3.401805872950207,52.37852530006683
15,2024-01-01 01:28:00,0.330166921067066,3.3965386556522423,53.756473255212235
15,2024-01-01 01:29:00,0.3439279659829682,3.5894522776643636,54.378573066398026
15,2024-01-01 01:30:00,0.30596548313856,3.5426636544815953,54.227814191271904
15,2024-01-01 01:31:00,0.34160622265904317,3.542593775699266,54.004707636967055
15,2024-01-01 01:32:00,0.29737190121479423,3.5542915023319552,54.12731705094509
15,2024-01-01 01:33:00,0.3398207728438521,3.2566759991415806,54.580820220645485
15,2024-01-01 01:34:00,0.31926984197845754,3.589363083792972,53.95192852619403
15,2024-01-01 01:35:00,0.2855113177402842,3.58456220912637,53.57424696461769
15,2024-01-01 01:36:00,0.2886974916624943,3.4831606491342315,54.79249409233622
15,2024-01-01 01:37:00,0.30939047059446323,3.3254956317796514,55.72602141046091
15,2024-01-01 01:38:00,0.3419180075622003,3.6176983934945297,53.37299347168898
15,2024-01-01 01:39:00,0.3461507678714922,3.4522723444574273,54.14660966645626
15,2024-01-01 01:40:00,0.34959806632774376,3.4944717985320346,54.5462027246282
15,2024-01-01 01:41:00,0.3509753378110781,3.411138843870326,55.84829677345686
15,2024-01-01 01:42:00,0.33124082911768526,3.3964808761559246,55.338195578549524
15,2024-01-01 01:43:00,0.3599421801219828,3.519793195591439,56.25025534961222
15,2024-01-01 01:44:00,0.33970601610152235,3.4338953688203544,54.762555107189364
15,2024-01-01 01:45:00,0.33587735572041644,3.610243530271575,54.649596473023614
15,2024-01-01 01:46:00,0.3289480117433905,3.6564074325126024,53.79590245377225
15,2024-01-01 01:47:00,0.35147059336275455,3.52878147090889,57.14491068839963
15,2024-01-01 01:48:00,0.32277281577148254,3.8767265032969416,57.35538812493698
15,2024-01-01 01:49:00,0.3331831448939631,3.526434557415114,56.9890758036156
15,2024-01-01 01:50:00,0.40649965874846417,3.5825565732089926,55.9477857246814
15,2024-01-01 01:51:00,0.34660528672851404,3.7343154517128623,57.02583340379798
15,2024-01-01 01:52:00,0.42876938426779,3.6430546016096144,57.17005647445274
15,2024-01-01 01:53:00,0.3239510836400517,3.543594898185342,58.61245985045827
15,2024-01-01 01:54:00,0.37478332140002946,3.716684248088538,57.266318657191555
15,2024-01-01 01:55:00,0.3921070811920467,3.5961721763331855,56.33276422333397
15,2024-01-01 01:56:00,0.4266546785861901,3.533686287643349,56.35777651698486
15,2024-01-01 01:57:00,0.38592249777660514,3.8019229243927675,57.11906327666273
15,2024-01-01 01:58:00,0.36866437863618473,3.676461173992609,57.26335763843435
15,2024-01-01 01:59:00,0.4258549422466396,3.7430627889476704,58.40274999213391
15,2024-01-01 02:00:00,0.43781676092337546,3.6804902696796846,56.69092759099587
15,2024-01-01 02:01:00,0.4331986138723346,3.748240252781799,57.53811240389142
15,2024-01-01 02:02:00,0.4588728168218892,3.714491232619076,57.736473896306606
15,2024-01-01 02:03:00,0.41865937975760015,3.6708958223606145,59.06032002425164
15,2024-01-01 02:04:00,0.417068615901207,3.6861174718493688,58.874541829499364
15,2024-01-01 02:05:00,0.4624736622048349,3.714963110312782,58.441412690438455
15,2024-01-01 02:06:00,0.43316077711229367,3.7338501043495893,58.700129654180145
15,2024-01-01 02:07:00,0.44008237792090865,3.78556889209002,58.60018424140562
15,2024-01-01 02:08:00,0.38413228175016023,3.653308390769367,59.630261044822106
15,2024-01-01 02:09:00,0.42612998428992555,3.842832592342494,58.892631664729436
15,2024-01-01 02:10:00,0.45285880120467836,3.957577923194471,59.27546194933429
15,2024-01-01 02:11:00,0.40651829002997364,3.742382973185675,58.429781111181036
15,2024-01-01 02:12:00,0.411430906064261,3.7202660653163178,59.394613552139845
15,2024-01-01 02:13:00,0.5013312951352391,3.7564551178952716,59.63741876547719
15,2024-01-01 02:14:00,0.4880342607913057,3.704190039115479,58.55724139846833
15,2024-01-01 02:15:00,0.4963275024599683,3.739154722468403,59.61254476148531
15,2024-01-01 02:16:00,0.5320458927999029,3.675282105213859,60.52465467261304
15,2024-01-01 02:17:00,0.4463110108128193,3.8731672806173782,60.60379399621895
15,2024-01-01 02:18:00,0.45342756686744046,3.836995798133958,59.615565604586685
15,2024-01-01 02:19:00,0.4782416686427927,3.7438092536430814,59.65652811291749
15,2024-01-01 02:20:00,0.5015783729610985,3.9745147190138312,61.062280525571246
15,2024-01-01 02:21:00,0.5004089334442202,3.8612065857729236,61.223449479766174
15,2024-01-01 02:22:00,0.5195800085556529,3.743747333902916,60.738054505241294
15,2024-01-01 02:23:00,0.46266872947821086,3.9615037759145806,61.060416191760034
15,2024-01-01 02:24:00,0.49231522610882117,3.7458574385163006,62.186724149878415
15,2024-01-01 02:25:00,0.4972660369792408,3.999739038364579,61.04786356857784
15,2024-01-01 02:26:00,0.5269396427822054,4.0144242278018085,61.98714309456535
15,2024-01-01 02:27:00,0.47216712833609265,3.9147228034675576,61.09709973269877
15,2024-01-01 02:28:00,0.49007432059643735,4.233960792335132,62.26616841608195
15,2024-01-01 02:29:00,0.5095395690330656,3.8176764019661973,61.7377949816727
15,2024-01-01 02:30:00,0.5254815050551475,4.013285597790644,62.895127379555156
15,2024-01-01 02:31:00,0.520702349401799,4.000458773482203,61.97443081215012
15,2024-01-01 02:32:00,0.5793973492411247,4.11278302599234,64.19743883868955
15,2024-01-01 02:33:00,0.5231900601238968,4.204793007380573,63.002545529484195
15,2024-01-01 02:34:00,0.6011811090473163,4.154613754208731,63.44175223313204
15,2024-01-01 02:35:00,0.571279568734388,3.9755827149296206,62.620877821738944
15,2024-01-01 02:36:00,0.570533291983781,4.1425148668398215,64.48796973563354
15,2024-01-01 02:37:00,0.5796502791875396,4.01821662562356,64.3355633042516
15,2024-01-01 02:38:00,0.5681857009532114,4.186322247302278,62.261827058480286
15,2024-01-01 02:39:00,0.5303924788044545,4.009795614522898,63.467152778755796
15,2024-01-01 02:40:00,0.5985892228808951,3.905228775372507,64.40086133787025
15,2024-01-01 02:41:00,0.57196946883358,4.103336219055591,63.1192497815248
15,2024-01-01 02:42:00,0.6048089326931612,4.018317079028632,64.91434547305845
15,2024-01-01 02:43:00,0.5834175977067335,4.205667586136791,66.03708877238502
15,2024-01-01 02:44:00,0.609236475279576,4.014349475042742,64.17784497993165
15,2024-01-01 02:45:00,0.5936091709608695,4.011352178460733,64.54487608193799
15,2024-01-01 02:46:00,0.5524730959854085,4.162050053015582,64.58418428425665
15,2024-01-01 02:47:00,0.5858753555410342,4.301722022854575,64.40733903145592
15,2024-01-01 02:48:00,0.6462770667132202,4.176692701392516,63.53478334085688
15,2024-01-01 02:49:00,0.6248345458386705,4.140173237249574,64.84596871459648
15,2024-01-01 02:50:00,0.6491419601482332,4.101812290867928,64.91125737994656
15,2024-01-01 02:51:00,0.6571192399929379,4.162304221506664,66.45950513206435
15,2024-01-01 02:52:00,0.6316030412044786,4.208145491875913,64.67285252080698
15,2024-01-01 02:53:00,0.6155427977556209,4.363302820337037,64.55546144499439
15,2024-01-01 02:54:00,0.6354673744399106,4.2576834373417505,64.4039914585584
15,2024-01-01 02:55:00,0.7179355090552395,4.131048872107778,64.43736670858627
15,2024-01-01 02:56:00,0.6932394717216616,4.19603713696666,67.56702525325127
15,2024-01-01 02:57:00,0.6717097928263676,4.212032657937001,66.87479922309998
15,2024-01-01 02:58:00,0.6861198890423915,4.29510300689279,65.64447464491711
15,2024-01-01 02:59:00,0.6414272123960206,4.330855504266358,67.06795981255055
15,2024-01-01 03:00:00,0.656595462104641,4.335874875470417,66.38464737730085
15,2024-01-01 03:01:00,0.6751378973413419,4.300623554525165,64.77972008299872
15,2024-01-01 03:02:00,0.6919183448096607,4.086864351544167,66.37197103817934
15,2024-01-01 03:03:00,0.6590888051417457,4.3263290038150775,66.45599015238257
15,2024-01-01 03:04:00,0.6955574577595559,3.967362395520647,65.82011548431315
15,2024-01-01 03:05:00,0.6966004779973101,4.202151607241423,66.36366925811299
15,2024-01-01 03:06:00,0.6556179077249353,4.287188957811912,68.8108966568065
15,2024-01-01 03:07:00,0.7687117596389498,4.415701447395753,68.44394352450625
15,2024-01-01 03:08:00,0.69130953351074,4.354035919914511,67.38566213935843
15,2024-01-01 03:09:00,0.6441097534828853,4.429304325884452,69.30477871723978
15,2024-01-01 03:10:00,0.7577227315688174,4.388019771586739,67.81452139121147
15,2024-01-01 03:11:00,0.7495056514153106,4.489795741799008,68.13737163303685
15,2024-01-01 03:12:00,0.7308679391148,4.317734021279639,69.15946602640587
15,2024-01-01 03:13:00,0.7316303064874567,4.327054328707947,68.34629359151143
15,2024-01-01 03:14:00,0.7399216156274915,4.334269759278607,69.30759037992537
15,2024-01-01 03:15:00,0.8047142974776222,4.290442038641149,69.01712728515488
15,2024-01-01 03:16:00,0.7524093271690949,4.487882841204173,69.3436524940359
15,2024-01-01 03:17:00,0.7193151221136064,4.70855528381816,70.72943872358562
15,2024-01-01 03:18:00,0.7561844680207968,4.528537752071608,68.93045403424627
15,2024-01-01 03:19:00,0.7922250928146399,4.333692964939723,68.8655001324582
15,2024-01-01 03:20:00,0.7848743169621356,4.382961861822858,67.92368856230479
15,2024-01-01 03:21:00,0.8133236373018393,4.520413649591287,70.52920505264727
15,2024-01-01 03:22:00,0.7548273647694885,4.457933853044259,69.72491577679489
15,2024-01-01 03:23:00,0.7915807279021372,4.572879194870386,70.49080168236642
