timestamp,vibration_mps2,temperature_c,current_ampere,health_status
2026-01-01 00:00:00,1.1,30.0,4.16,normal
2026-01-01 00:01:00,1.31,30.0,4.0,normal
2026-01-01 00:02:00,1.32,31.9,4.0,normal
2026-01-01 00:03:00,1.11,30.0,4.0,normal
2026-01-01 00:04:00,1.05,30.0,4.0,normal
2026-01-01 00:05:00,1.0,30.0,4.08,normal
2026-01-01 00:06:00,1.0,30.0,4.37,normal
2026-01-01 00:07:00,1.0,30.2,4.0,normal
2026-01-01 00:08:00,1.0,30.3,4.0,normal
2026-01-01 00:09:00,1.08,30.0,4.0,normal
2026-01-01 00:10:00,1.0,34.7,4.0,normal
2026-01-01 00:11:00,1.0,32.1,4.0,normal
2026-01-01 00:12:00,1.05,30.0,4.0,normal
2026-01-01 00:13:00,1.05,31.9,4.05,normal
2026-01-01 00:14:00,1.0,30.0,4.0,normal
2026-01-01 00:15:00,1.0,30.0,4.27,normal
2026-01-01 00:16:00,1.08,30.0,4.09,normal
2026-01-01 00:17:00,1.0,30.0,4.16,normal
2026-01-01 00:18:00,1.22,32.4,4.0,normal
2026-01-01 00:19:00,1.0,31.0,4.25,normal
2026-01-01 00:20:00,1.0,30.0,4.0,normal
2026-01-01 00:21:00,1.0,32.2,4.35,normal
2026-01-01 00:22:00,1.0,32.7,4.1,normal
2026-01-01 00:23:00,1.0,31.1,4.4,normal
2026-01-01 00:24:00,1.0,34.1,4.0,normal
2026-01-01 00:25:00,1.18,30.4,4.0,normal
2026-01-01 00:26:00,1.03,30.0,4.0,normal
2026-01-01 00:27:00,1.08,33.9,4.0,normal
2026-01-01 00:28:00,1.0,30.0,4.24,normal
2026-01-01 00:29:00,1.08,30.0,4.14,normal
2026-01-01 00:30:00,1.03,32.6,4.0,normal
2026-01-01 00:31:00,1.0,30.0,4.0,normal
2026-01-01 00:32:00,1.08,30.9,4.02,normal
2026-01-01 00:33:00,1.0,30.0,4.0,normal
2026-01-01 00:34:00,1.0,30.0,4.0,normal
2026-01-01 00:35:00,1.1,34.9,4.06,normal
2026-01-01 00:36:00,1.07,30.0,4.0,normal
2026-01-01 00:37:00,1.01,30.4,4.63,normal
2026-01-01 00:38:00,1.0,31.0,4.01,normal
2026-01-01 00:39:00,1.0,33.1,4.21,normal
2026-01-01 00:40:00,1.18,30.0,4.37,normal
2026-01-01 00:41:00,1.0,31.7,4.57,normal
2026-01-01 00:42:00,1.0,30.0,4.05,normal
2026-01-01 00:43:00,1.0,30.0,4.04,normal
2026-01-01 00:44:00,1.0,31.5,4.0,normal
2026-01-01 00:45:00,1.33,30.0,4.0,normal
2026-01-01 00:46:00,1.19,30.0,4.08,normal
2026-01-01 00:47:00,1.28,30.0,4.07,normal
2026-01-01 00:48:00,1.08,32.3,4.0,normal
2026-01-01 00:49:00,1.0,31.6,4.1,normal
2026-01-01 00:50:00,1.08,31.2,4.0,normal
2026-01-01 00:51:00,1.07,31.1,4.0,normal
2026-01-01 00:52:00,1.4,31.5,4.0,normal
2026-01-01 00:53:00,1.16,30.0,4.22,normal
2026-01-01 00:54:00,1.26,30.0,4.27,normal
2026-01-01 00:55:00,1.11,32.4,4.5,normal
2026-01-01 00:56:00,1.0,30.0,4.0,normal
2026-01-01 00:57:00,1.0,30.2,4.11,normal
2026-01-01 00:58:00,1.08,32.4,4.03,normal
2026-01-01 00:59:00,1.32,30.0,4.71,normal
2026-01-01 01:00:00,1.16,30.0,4.0,normal
2026-01-01 01:01:00,1.13,30.0,4.21,normal
2026-01-01 01:02:00,1.13,30.2,4.0,normal
2026-01-01 01:03:00,1.0,30.0,4.25,normal
2026-01-01 01:04:00,1.07,30.0,4.08,normal
2026-01-01 01:05:00,1.11,30.0,4.07,normal
2026-01-01 01:06:00,1.04,30.0,4.12,normal
2026-01-01 01:07:00,1.15,33.1,4.3,normal
2026-01-01 01:08:00,1.0,30.0,4.16,normal
2026-01-01 01:09:00,1.14,31.7,5.0,normal
2026-01-01 01:10:00,1.15,33.3,4.27,normal
2026-01-01 01:11:00,1.17,30.0,4.23,normal
2026-01-01 01:12:00,1.0,30.0,4.0,normal
2026-01-01 01:13:00,1.05,36.3,4.0,normal
2026-01-01 01:14:00,1.17,30.0,4.0,normal
2026-01-01 01:15:00,1.26,30.6,4.0,normal
2026-01-01 01:16:00,1.0,32.2,4.0,normal
2026-01-01 01:17:00,1.08,30.6,4.0,normal
2026-01-01 01:18:00,1.47,32.1,4.0,normal
2026-01-01 01:19:00,1.08,30.0,4.25,normal
2026-01-01 01:20:00,1.0,30.2,4.17,normal
2026-01-01 01:21:00,1.21,30.0,4.0,normal
2026-01-01 01:22:00,1.0,30.0,4.48,normal
2026-01-01 01:23:00,1.12,30.0,4.27,normal
2026-01-01 01:24:00,1.47,33.1,4.0,normal
2026-01-01 01:25:00,1.0,33.7,4.0,normal
2026-01-01 01:26:00,1.13,32.5,4.0,normal
2026-01-01 01:27:00,1.03,30.0,4.0,normal
2026-01-01 01:28:00,1.0,30.0,4.45,normal
2026-01-01 01:29:00,1.0,30.0,4.08,normal
2026-01-01 01:30:00,1.33,30.0,4.34,normal
2026-01-01 01:31:00,1.05,30.0,4.16,normal
2026-01-01 01:32:00,1.09,30.0,4.06,normal
2026-01-01 01:33:00,1.0,30.9,4.21,normal
2026-01-01 01:34:00,1.36,30.0,4.58,normal
2026-01-01 01:35:00,1.0,30.2,4.19,normal
2026-01-01 01:36:00,1.1,30.0,4.0,normal
2026-01-01 01:37:00,1.0,30.0,4.26,normal
2026-01-01 01:38:00,1.12,30.0,4.27,normal
2026-01-01 01:39:00,1.11,32.7,4.21,normal
2026-01-01 01:40:00,1.0,30.0,4.24,normal
2026-01-01 01:41:00,1.17,30.6,4.08,normal
2026-01-01 01:42:00,1.31,30.0,4.19,normal
2026-01-01 01:43:00,1.01,30.1,4.33,normal
2026-01-01 01:44:00,1.22,32.7,4.38,normal
2026-01-01 01:45:00,1.06,32.4,4.0,normal
2026-01-01 01:46:00,1.12,30.4,4.08,normal
2026-01-01 01:47:00,1.17,30.0,4.58,normal
2026-01-01 01:48:00,1.0,30.0,4.34,normal
2026-01-01 01:49:00,1.21,32.3,4.21,normal
2026-01-01 01:50:00,1.05,30.0,4.07,normal
2026-01-01 01:51:00,1.0,33.2,4.02,normal
2026-01-01 01:52:00,1.0,30.0,4.16,normal
2026-01-01 01:53:00,1.0,30.0,4.12,normal
2026-01-01 01:54:00,1.11,30.0,4.0,normal
2026-01-01 01:55:00,1.1,30.0,4.0,normal
2026-01-01 01:56:00,1.0,30.2,4.14,normal
2026-01-01 01:57:00,1.35,32.9,4.02,normal
2026-01-01 01:58:00,1.06,30.0,4.05,normal
2026-01-01 01:59:00,1.0,31.6,4.0,normal
2026-01-01 02:00:00,1.16,34.6,4.03,normal
2026-01-01 02:01:00,1.14,32.5,4.0,normal
2026-01-01 02:02:00,1.11,30.8,4.09,normal
2026-01-01 02:03:00,1.0,30.9,4.19,normal
2026-01-01 02:04:00,1.35,33.2,4.6,normal
2026-01-01 02:05:00,1.0,33.0,4.11,normal
2026-01-01 02:06:00,1.5,30.0,4.0,normal
2026-01-01 02:07:00,1.0,30.0,4.0,normal
2026-01-01 02:08:00,1.0,31.2,4.15,normal
2026-01-01 02:09:00,1.44,33.2,4.0,normal
2026-01-01 02:10:00,1.0,32.1,4.0,normal
2026-01-01 02:11:00,1.43,33.8,4.0,normal
2026-01-01 02:12:00,1.0,34.2,4.04,normal
2026-01-01 02:13:00,1.31,30.0,4.0,normal
2026-01-01 02:14:00,1.07,31.0,4.0,normal
2026-01-01 02:15:00,1.19,30.0,4.03,normal
2026-01-01 02:16:00,1.09,32.2,4.25,normal
2026-01-01 02:17:00,1.0,30.0,4.39,normal
2026-01-01 02:18:00,1.14,30.0,4.46,normal
2026-01-01 02:19:00,1.09,33.9,4.09,normal
2026-01-01 02:20:00,1.48,35.3,4.01,normal
2026-01-01 02:21:00,1.26,32.5,4.41,normal
2026-01-01 02:22:00,1.0,32.6,4.34,normal
2026-01-01 02:23:00,1.0,30.0,4.0,normal
2026-01-01 02:24:00,1.02,32.7,4.45,normal
2026-01-01 02:25:00,1.09,35.0,4.0,normal
2026-01-01 02:26:00,1.0,30.8,4.17,normal
2026-01-01 02:27:00,1.07,30.0,4.05,normal
2026-01-01 02:28:00,1.0,32.6,4.17,normal
2026-01-01 02:29:00,1.0,30.0,4.0,normal
2026-01-01 02:30:00,1.06,33.4,4.0,normal
2026-01-01 02:31:00,1.18,30.0,4.0,normal
2026-01-01 02:32:00,1.05,30.0,4.0,normal
2026-01-01 02:33:00,1.0,35.9,4.09,normal
2026-01-01 02:34:00,1.0,31.5,4.05,normal
2026-01-01 02:35:00,1.03,32.5,4.27,normal
2026-01-01 02:36:00,1.0,30.0,4.01,normal
2026-01-01 02:37:00,1.0,30.0,4.42,normal
2026-01-01 02:38:00,1.41,30.4,4.22,normal
2026-01-01 02:39:00,1.14,38.7,4.36,normal
2026-01-01 02:40:00,1.05,30.0,4.0,normal
2026-01-01 02:41:00,1.12,30.0,4.0,normal
2026-01-01 02:42:00,1.0,30.0,4.5,normal
2026-01-01 02:43:00,1.26,31.0,4.45,normal
2026-01-01 02:44:00,1.1,30.0,4.46,normal
2026-01-01 02:45:00,1.19,30.0,4.03,normal
2026-01-01 02:46:00,1.0,30.0,4.31,normal
2026-01-01 02:47:00,1.47,30.0,4.22,normal
2026-01-01 02:48:00,1.0,30.0,4.0,normal
2026-01-01 02:49:00,1.0,31.2,4.0,normal
2026-01-01 02:50:00,1.14,31.0,4.03,normal
2026-01-01 02:51:00,1.0,30.0,4.27,normal
2026-01-01 02:52:00,1.19,30.0,4.11,normal
2026-01-01 02:53:00,1.24,30.0,4.22,normal
2026-01-01 02:54:00,1.0,32.6,4.0,normal
2026-01-01 02:55:00,1.0,30.0,4.1,normal
2026-01-01 02:56:00,1.14,30.0,4.25,normal
2026-01-01 02:57:00,1.0,31.0,4.0,normal
2026-01-01 02:58:00,1.0,31.3,4.0,normal
2026-01-01 02:59:00,1.01,33.7,4.0,normal
2026-01-01 03:00:00,1.26,30.0,4.22,normal
2026-01-01 03:01:00,1.38,30.0,4.0,normal
2026-01-01 03:02:00,1.21,30.7,4.18,normal
2026-01-01 03:03:00,1.0,31.4,4.05,normal
2026-01-01 03:04:00,1.33,31.8,4.18,normal
2026-01-01 03:05:00,1.01,30.0,4.0,normal
2026-01-01 03:06:00,1.17,30.2,4.17,normal
2026-01-01 03:07:00,1.51,33.4,4.01,normal
2026-01-01 03:08:00,1.33,30.2,4.0,normal
2026-01-01 03:09:00,1.0,30.0,4.01,normal
2026-01-01 03:10:00,1.1,35.4,4.18,normal
2026-01-01 03:11:00,1.05,33.3,4.0,normal
2026-01-01 03:12:00,1.14,33.2,4.0,normal
2026-01-01 03:13:00,1.33,32.1,4.0,normal
2026-01-01 03:14:00,1.22,36.9,4.14,normal
2026-01-01 03:15:00,1.15,30.1,4.0,normal
2026-01-01 03:16:00,1.26,30.0,4.12,normal
2026-01-01 03:17:00,1.0,32.5,4.18,normal
2026-01-01 03:18:00,1.31,30.0,4.03,normal
2026-01-01 03:19:00,1.0,30.2,4.19,normal
2026-01-01 03:20:00,1.25,30.0,4.32,normal
2026-01-01 03:21:00,1.37,32.3,4.57,normal
2026-01-01 03:22:00,1.0,30.0,4.0,normal
2026-01-01 03:23:00,1.4,33.0,4.09,normal
2026-01-01 03:24:00,1.16,30.0,4.71,normal
2026-01-01 03:25:00,1.13,31.6,4.28,normal
2026-01-01 03:26:00,1.2,31.9,4.0,normal
2026-01-01 03:27:00,1.2,36.1,4.44,normal
2026-01-01 03:28:00,1.42,30.1,4.0,normal
2026-01-01 03:29:00,1.08,31.5,4.38,normal
2026-01-01 03:30:00,1.0,35.2,4.07,normal
2026-01-01 03:31:00,1.02,30.0,4.0,normal
2026-01-01 03:32:00,1.27,31.6,4.0,normal
2026-01-01 03:33:00,1.0,30.5,4.52,normal
2026-01-01 03:34:00,1.06,30.0,4.05,normal
2026-01-01 03:35:00,1.05,30.0,4.09,normal
2026-01-01 03:36:00,1.06,33.1,4.57,normal
2026-01-01 03:37:00,1.33,30.7,4.0,normal
2026-01-01 03:38:00,1.62,31.6,4.11,normal
2026-01-01 03:39:00,1.1,31.9,4.07,normal
2026-01-01 03:40:00,1.0,30.1,4.1,normal
2026-01-01 03:41:00,1.0,30.0,4.14,normal
2026-01-01 03:42:00,1.06,35.2,4.0,normal
2026-01-01 03:43:00,1.33,34.6,4.0,normal
2026-01-01 03:44:00,1.04,30.5,4.0,normal
2026-01-01 03:45:00,1.0,30.0,4.55,normal
2026-01-01 03:46:00,1.3,34.6,4.29,normal
2026-01-01 03:47:00,1.0,30.2,4.24,normal
2026-01-01 03:48:00,1.0,33.3,4.05,normal
2026-01-01 03:49:00,1.04,33.3,4.23,normal
2026-01-01 03:50:00,1.04,34.4,4.0,normal
2026-01-01 03:51:00,1.24,33.0,4.04,normal
2026-01-01 03:52:00,1.18,30.0,4.35,normal
2026-01-01 03:53:00,1.08,30.2,4.38,normal
2026-01-01 03:54:00,1.0,30.0,4.0,normal
2026-01-01 03:55:00,1.24,30.0,4.56,normal
2026-01-01 03:56:00,1.0,35.8,4.17,normal
2026-01-01 03:57:00,1.1,30.2,4.22,normal
2026-01-01 03:58:00,1.11,34.3,4.15,normal
2026-01-01 03:59:00,1.15,30.6,4.11,normal
2026-01-01 04:00:00,1.18,30.0,4.0,normal
2026-01-01 04:01:00,1.27,32.0,4.07,normal
2026-01-01 04:02:00,1.12,32.4,4.0,normal
2026-01-01 04:03:00,1.0,32.1,4.0,normal
2026-01-01 04:04:00,1.2,30.0,4.38,normal
2026-01-01 04:05:00,1.22,32.2,4.37,normal
2026-01-01 04:06:00,1.46,34.1,4.0,normal
2026-01-01 04:07:00,1.0,30.0,4.13,normal
2026-01-01 04:08:00,1.23,30.0,4.17,normal
2026-01-01 04:09:00,1.0,30.1,4.0,normal
2026-01-01 04:10:00,1.0,30.0,4.0,normal
2026-01-01 04:11:00,1.34,30.0,4.78,normal
2026-01-01 04:12:00,1.22,32.1,4.0,normal
2026-01-01 04:13:00,1.27,30.2,4.16,normal
2026-01-01 04:14:00,1.64,31.4,4.41,normal
2026-01-01 04:15:00,1.0,31.6,4.57,normal
2026-01-01 04:16:00,1.0,36.2,4.3,normal
2026-01-01 04:17:00,1.02,33.3,4.37,normal
2026-01-01 04:18:00,1.25,30.0,4.0,normal
2026-01-01 04:19:00,1.08,31.5,4.28,normal
2026-01-01 04:20:00,1.17,30.0,4.23,normal
2026-01-01 04:21:00,1.25,33.1,4.4,normal
2026-01-01 04:22:00,1.3,32.9,4.11,normal
2026-01-01 04:23:00,1.0,32.8,4.18,normal
2026-01-01 04:24:00,1.19,30.0,4.0,normal
2026-01-01 04:25:00,1.34,31.6,4.3,normal
2026-01-01 04:26:00,1.14,31.8,4.37,normal
2026-01-01 04:27:00,1.03,32.0,4.02,normal
2026-01-01 04:28:00,1.05,31.0,4.19,normal
2026-01-01 04:29:00,1.04,34.9,4.0,normal
2026-01-01 04:30:00,1.1,30.7,4.5,normal
2026-01-01 04:31:00,1.17,34.3,4.0,normal
2026-01-01 04:32:00,1.19,34.0,4.16,normal
2026-01-01 04:33:00,1.35,30.5,4.49,normal
2026-01-01 04:34:00,1.6,30.9,4.03,normal
2026-01-01 04:35:00,1.43,35.7,4.01,normal
2026-01-01 04:36:00,1.05,31.1,4.0,normal
2026-01-01 04:37:00,1.0,30.0,4.0,normal
2026-01-01 04:38:00,1.13,32.4,4.53,normal
2026-01-01 04:39:00,1.0,34.3,4.09,normal
2026-01-01 04:40:00,1.13,33.5,4.0,normal
2026-01-01 04:41:00,1.22,32.2,4.26,normal
2026-01-01 04:42:00,1.2,38.0,4.0,normal
2026-01-01 04:43:00,1.04,30.3,4.0,normal
2026-01-01 04:44:00,1.01,34.8,4.5,normal
2026-01-01 04:45:00,1.03,30.0,4.26,normal
2026-01-01 04:46:00,1.03,33.4,4.19,normal
2026-01-01 04:47:00,1.0,35.7,4.59,normal
2026-01-01 04:48:00,1.02,30.9,4.22,normal
2026-01-01 04:49:00,1.21,33.5,4.65,normal
2026-01-01 04:50:00,1.11,30.0,4.0,normal
2026-01-01 04:51:00,1.0,31.8,4.59,normal
2026-01-01 04:52:00,1.04,32.5,4.14,normal
2026-01-01 04:53:00,1.38,38.2,4.01,normal
2026-01-01 04:54:00,1.05,34.5,4.32,normal
2026-01-01 04:55:00,1.52,33.4,4.06,normal
2026-01-01 04:56:00,1.27,34.7,4.35,normal
2026-01-01 04:57:00,1.25,34.6,4.44,normal
2026-01-01 04:58:00,1.43,33.6,4.11,normal
2026-01-01 04:59:00,1.18,35.0,4.0,normal
2026-01-01 05:00:00,1.22,31.0,4.16,normal
2026-01-01 05:01:00,1.41,32.4,4.16,normal
2026-01-01 05:02:00,1.0,33.8,4.31,normal
2026-01-01 05:03:00,1.58,31.2,4.21,normal
2026-01-01 05:04:00,1.2,35.9,4.13,normal
2026-01-01 05:05:00,1.21,33.5,4.2,normal
2026-01-01 05:06:00,1.06,32.5,4.42,normal
2026-01-01 05:07:00,1.0,32.3,4.0,normal
2026-01-01 05:08:00,1.39,30.0,4.01,normal
2026-01-01 05:09:00,1.23,35.9,4.14,normal
2026-01-01 05:10:00,1.04,36.7,4.0,normal
2026-01-01 05:11:00,1.0,33.1,4.03,normal
2026-01-01 05:12:00,1.0,33.8,4.22,normal
2026-01-01 05:13:00,1.04,30.0,4.37,normal
2026-01-01 05:14:00,1.29,31.8,4.62,normal
2026-01-01 05:15:00,1.0,30.0,4.0,normal
2026-01-01 05:16:00,1.15,32.7,4.1,normal
2026-01-01 05:17:00,1.23,30.0,4.52,normal
2026-01-01 05:18:00,1.14,34.9,4.24,normal
2026-01-01 05:19:00,1.25,33.5,4.27,normal
2026-01-01 05:20:00,1.29,35.4,4.21,normal
2026-01-01 05:21:00,1.3,31.9,4.52,normal
2026-01-01 05:22:00,1.03,36.6,4.15,normal
2026-01-01 05:23:00,1.0,32.4,4.0,normal
2026-01-01 05:24:00,1.33,30.5,4.05,normal
2026-01-01 05:25:00,1.0,31.0,4.0,normal
2026-01-01 05:26:00,1.0,34.0,4.36,normal
2026-01-01 05:27:00,1.25,30.0,4.15,normal
2026-01-01 05:28:00,1.16,30.0,4.54,normal
2026-01-01 05:29:00,1.34,31.6,4.17,normal
2026-01-01 05:30:00,1.21,30.0,4.1,normal
2026-01-01 05:31:00,1.03,30.0,4.1,normal
2026-01-01 05:32:00,1.53,33.8,4.02,normal
2026-01-01 05:33:00,1.28,35.7,4.4,normal
2026-01-01 05:34:00,1.18,30.6,4.34,normal
2026-01-01 05:35:00,1.25,34.4,4.33,normal
2026-01-01 05:36:00,1.38,30.8,4.5,normal
2026-01-01 05:37:00,1.21,37.4,4.0,normal
2026-01-01 05:38:00,1.52,32.7,4.01,normal
2026-01-01 05:39:00,1.07,31.4,4.28,normal
2026-01-01 05:40:00,1.27,30.8,4.16,normal
2026-01-01 05:41:00,1.6,36.5,4.28,normal
2026-01-01 05:42:00,1.18,32.5,4.32,normal
2026-01-01 05:43:00,1.0,31.6,4.0,normal
2026-01-01 05:44:00,1.25,33.9,4.05,normal
2026-01-01 05:45:00,1.49,30.0,4.0,normal
2026-01-01 05:46:00,1.22,34.9,4.59,normal
2026-01-01 05:47:00,1.08,35.0,4.16,normal
2026-01-01 05:48:00,1.14,34.5,4.34,normal
2026-01-01 05:49:00,1.0,36.0,4.52,normal
2026-01-01 05:50:00,1.05,33.3,4.3,normal
2026-01-01 05:51:00,1.23,30.9,4.01,normal
2026-01-01 05:52:00,1.17,35.2,4.31,normal
2026-01-01 05:53:00,1.1,34.2,4.0,normal
2026-01-01 05:54:00,1.41,30.0,4.09,normal
2026-01-01 05:55:00,1.0,30.0,4.47,normal
2026-01-01 05:56:00,1.08,33.2,4.17,normal
2026-01-01 05:57:00,1.27,32.5,4.0,normal
2026-01-01 05:58:00,1.38,31.1,4.0,normal
2026-01-01 05:59:00,1.09,36.1,4.39,normal
2026-01-01 06:00:00,1.11,31.5,4.1,normal
2026-01-01 06:01:00,1.6,33.3,4.29,normal
2026-01-01 06:02:00,1.39,33.0,4.12,normal
2026-01-01 06:03:00,1.14,32.2,4.17,normal
2026-01-01 06:04:00,1.33,32.5,4.37,normal
2026-01-01 06:05:00,1.17,32.6,4.0,normal
2026-01-01 06:06:00,1.37,33.2,4.43,normal
2026-01-01 06:07:00,1.0,37.6,4.15,normal
2026-01-01 06:08:00,1.41,30.0,4.34,normal
2026-01-01 06:09:00,1.0,30.8,4.66,normal
2026-01-01 06:10:00,1.15,32.9,4.4,normal
2026-01-01 06:11:00,1.28,32.8,4.28,normal
2026-01-01 06:12:00,1.67,32.3,4.24,normal
2026-01-01 06:13:00,1.4,35.2,4.48,normal
2026-01-01 06:14:00,1.31,30.0,4.6,normal
2026-01-01 06:15:00,1.0,33.2,4.0,normal
2026-01-01 06:16:00,1.18,33.3,4.27,normal
2026-01-01 06:17:00,1.27,36.5,4.3,normal
2026-01-01 06:18:00,1.14,34.9,4.49,normal
2026-01-01 06:19:00,1.0,34.0,4.36,normal
2026-01-01 06:20:00,1.13,35.9,4.15,normal
2026-01-01 06:21:00,1.22,32.0,4.19,normal
2026-01-01 06:22:00,1.0,30.0,4.59,normal
2026-01-01 06:23:00,1.02,30.0,4.0,normal
2026-01-01 06:24:00,1.06,30.0,4.6,normal
2026-01-01 06:25:00,1.39,30.8,4.76,normal
2026-01-01 06:26:00,1.39,31.7,4.0,normal
2026-01-01 06:27:00,1.65,30.0,4.0,normal
2026-01-01 06:28:00,1.4,38.6,4.54,normal
2026-01-01 06:29:00,1.31,34.0,4.41,normal
2026-01-01 06:30:00,1.35,33.2,4.22,normal
2026-01-01 06:31:00,1.18,30.7,4.13,normal
2026-01-01 06:32:00,1.0,32.3,4.0,normal
2026-01-01 06:33:00,1.0,33.0,4.54,normal
2026-01-01 06:34:00,1.38,30.0,4.0,normal
2026-01-01 06:35:00,1.39,30.1,4.14,normal
2026-01-01 06:36:00,1.31,30.2,4.22,normal
2026-01-01 06:37:00,1.0,31.1,4.28,normal
2026-01-01 06:38:00,1.0,33.7,4.19,normal
2026-01-01 06:39:00,1.31,33.2,4.54,normal
2026-01-01 06:40:00,1.23,31.5,4.23,normal
2026-01-01 06:41:00,1.31,32.7,4.21,normal
2026-01-01 06:42:00,1.06,31.0,4.0,normal
2026-01-01 06:43:00,1.55,30.0,4.03,normal
2026-01-01 06:44:00,1.06,34.9,4.13,normal
2026-01-01 06:45:00,1.45,30.9,4.27,normal
2026-01-01 06:46:00,1.04,38.0,4.0,normal
2026-01-01 06:47:00,1.27,34.2,4.31,normal
2026-01-01 06:48:00,1.17,32.3,4.21,normal
2026-01-01 06:49:00,1.18,35.1,4.76,normal
2026-01-01 06:50:00,1.09,30.0,4.18,normal
2026-01-01 06:51:00,1.72,30.7,4.62,normal
2026-01-01 06:52:00,1.54,31.3,4.35,normal
2026-01-01 06:53:00,1.53,31.7,4.16,normal
2026-01-01 06:54:00,1.09,30.2,4.04,normal
2026-01-01 06:55:00,1.0,32.8,4.02,normal
2026-01-01 06:56:00,1.25,30.0,4.29,normal
2026-01-01 06:57:00,1.38,30.0,4.3,normal
2026-01-01 06:58:00,1.45,30.0,4.63,normal
2026-01-01 06:59:00,1.29,31.0,4.2,normal
2026-01-01 07:00:00,1.32,32.9,4.34,normal
2026-01-01 07:01:00,1.03,33.2,4.0,normal
2026-01-01 07:02:00,1.19,30.5,4.03,normal
2026-01-01 07:03:00,1.46,35.5,4.36,normal
2026-01-01 07:04:00,1.0,32.0,4.52,normal
2026-01-01 07:05:00,1.24,38.6,4.31,normal
2026-01-01 07:06:00,1.25,32.0,4.25,normal
2026-01-01 07:07:00,1.18,34.5,4.45,normal
2026-01-01 07:08:00,1.06,30.0,4.0,normal
2026-01-01 07:09:00,1.32,30.0,4.0,normal
2026-01-01 07:10:00,1.29,39.0,4.21,normal
2026-01-01 07:11:00,1.38,33.0,4.19,normal
2026-01-01 07:12:00,1.4,32.1,4.28,normal
2026-01-01 07:13:00,1.28,31.1,4.46,normal
2026-01-01 07:14:00,1.18,30.9,4.35,normal
2026-01-01 07:15:00,1.04,32.9,4.22,normal
2026-01-01 07:16:00,1.44,34.0,4.21,normal
2026-01-01 07:17:00,1.38,36.3,4.36,normal
2026-01-01 07:18:00,1.22,30.0,4.0,normal
2026-01-01 07:19:00,1.16,31.3,4.17,normal
2026-01-01 07:20:00,1.23,34.2,4.2,normal
2026-01-01 07:21:00,1.32,33.0,4.0,normal
2026-01-01 07:22:00,1.03,32.5,4.0,normal
2026-01-01 07:23:00,1.34,36.7,4.53,normal
2026-01-01 07:24:00,1.18,36.6,4.26,normal
2026-01-01 07:25:00,1.16,31.4,4.15,normal
2026-01-01 07:26:00,1.15,33.3,4.26,normal
2026-01-01 07:27:00,1.22,34.0,4.52,normal
2026-01-01 07:28:00,1.41,30.0,4.0,normal
2026-01-01 07:29:00,1.41,30.0,4.17,normal
2026-01-01 07:30:00,1.0,30.0,4.36,normal
2026-01-01 07:31:00,1.38,31.5,4.0,normal
2026-01-01 07:32:00,1.12,33.9,4.0,normal
2026-01-01 07:33:00,1.26,32.9,4.37,normal
2026-01-01 07:34:00,1.25,30.5,4.53,normal
2026-01-01 07:35:00,1.2,32.9,4.0,normal
2026-01-01 07:36:00,1.14,30.8,4.18,normal
2026-01-01 07:37:00,1.57,30.0,4.0,normal
2026-01-01 07:38:00,1.52,32.5,4.06,normal
2026-01-01 07:39:00,1.44,31.5,4.69,normal
2026-01-01 07:40:00,1.37,31.8,4.77,normal
2026-01-01 07:41:00,1.11,34.9,4.31,normal
2026-01-01 07:42:00,1.49,36.9,4.24,normal
2026-01-01 07:43:00,1.08,34.2,4.06,normal
2026-01-01 07:44:00,1.63,33.4,4.14,normal
2026-01-01 07:45:00,1.27,30.0,4.0,normal
2026-01-01 07:46:00,1.47,31.4,4.0,normal
2026-01-01 07:47:00,1.34,36.0,4.41,normal
2026-01-01 07:48:00,1.43,31.2,4.0,normal
2026-01-01 07:49:00,1.53,32.2,4.17,normal
2026-01-01 07:50:00,1.5,34.4,4.35,normal
2026-01-01 07:51:00,1.67,31.5,4.47,normal
2026-01-01 07:52:00,1.25,33.7,4.62,normal
2026-01-01 07:53:00,1.34,34.4,4.5,normal
2026-01-01 07:54:00,1.16,31.0,4.0,normal
2026-01-01 07:55:00,1.0,38.2,4.0,normal
2026-01-01 07:56:00,1.19,32.4,4.31,normal
2026-01-01 07:57:00,1.4,35.3,4.09,normal
2026-01-01 07:58:00,1.21,33.8,4.18,normal
2026-01-01 07:59:00,1.56,34.3,4.42,normal
2026-01-01 08:00:00,1.37,36.1,4.29,normal
2026-01-01 08:01:00,1.0,34.1,4.08,normal
2026-01-01 08:02:00,1.14,34.6,4.55,normal
2026-01-01 08:03:00,1.25,33.9,4.67,normal
2026-01-01 08:04:00,1.29,39.7,4.38,normal
2026-01-01 08:05:00,1.0,35.0,4.34,normal
2026-01-01 08:06:00,1.5,34.8,4.21,normal
2026-01-01 08:07:00,1.0,32.6,4.03,normal
2026-01-01 08:08:00,1.13,34.6,4.66,normal
2026-01-01 08:09:00,1.32,30.2,4.36,normal
2026-01-01 08:10:00,1.48,31.7,4.21,normal
2026-01-01 08:11:00,1.25,31.2,4.41,normal
2026-01-01 08:12:00,1.22,34.2,4.02,normal
2026-01-01 08:13:00,1.16,35.0,4.15,normal
2026-01-01 08:14:00,1.59,32.2,4.3,normal
2026-01-01 08:15:00,1.43,30.0,4.0,normal
2026-01-01 08:16:00,1.0,36.4,4.11,normal
2026-01-01 08:17:00,1.76,31.8,4.29,normal
2026-01-01 08:18:00,1.56,38.3,4.76,normal
2026-01-01 08:19:00,1.49,35.8,4.4,normal
2026-01-01 08:20:00,1.41,31.9,4.05,normal
2026-01-01 08:21:00,1.25,32.8,4.14,normal
2026-01-01 08:22:00,1.39,35.7,4.27,normal
2026-01-01 08:23:00,1.55,30.4,4.2,normal
2026-01-01 08:24:00,1.11,30.0,4.23,normal
2026-01-01 08:25:00,1.23,37.1,4.41,normal
2026-01-01 08:26:00,1.05,37.9,4.56,normal
2026-01-01 08:27:00,1.37,32.7,4.01,normal
2026-01-01 08:28:00,1.18,36.0,4.73,normal
2026-01-01 08:29:00,1.56,32.1,4.0,normal
2026-01-01 08:30:00,1.28,30.0,4.34,normal
2026-01-01 08:31:00,1.23,32.2,4.0,normal
2026-01-01 08:32:00,1.36,32.0,4.0,normal
2026-01-01 08:33:00,1.0,33.3,4.7,normal
2026-01-01 08:34:00,1.59,32.2,4.11,normal
2026-01-01 08:35:00,1.35,30.9,4.33,normal
2026-01-01 08:36:00,1.41,36.4,4.23,normal
2026-01-01 08:37:00,1.22,31.2,4.05,normal
2026-01-01 08:38:00,1.21,34.3,4.49,normal
2026-01-01 08:39:00,1.1,37.1,4.19,normal
2026-01-01 08:40:00,1.26,31.5,4.0,normal
2026-01-01 08:41:00,1.44,35.2,4.19,normal
2026-01-01 08:42:00,1.27,34.7,4.0,normal
2026-01-01 08:43:00,1.16,35.4,4.0,normal
2026-01-01 08:44:00,1.32,30.0,4.38,normal
2026-01-01 08:45:00,1.26,30.0,4.55,normal
2026-01-01 08:46:00,1.12,31.4,4.31,normal
2026-01-01 08:47:00,1.49,30.9,4.28,normal
2026-01-01 08:48:00,1.35,35.2,4.31,normal
2026-01-01 08:49:00,1.19,31.4,4.29,normal
2026-01-01 08:50:00,1.05,30.0,4.37,normal
2026-01-01 08:51:00,1.45,30.0,4.01,normal
2026-01-01 08:52:00,1.39,38.6,4.27,normal
2026-01-01 08:53:00,1.12,33.0,4.61,normal
2026-01-01 08:54:00,1.14,31.5,4.15,normal
2026-01-01 08:55:00,1.08,33.8,4.67,normal
2026-01-01 08:56:00,1.33,32.9,4.2,normal
2026-01-01 08:57:00,1.0,35.7,4.25,normal
2026-01-01 08:58:00,1.23,41.5,4.34,normal
2026-01-01 08:59:00,1.12,32.4,4.56,normal
2026-01-01 09:00:00,1.29,30.0,4.5,normal
2026-01-01 09:01:00,1.14,38.2,4.54,normal
2026-01-01 09:02:00,1.18,36.7,4.29,normal
2026-01-01 09:03:00,1.44,34.7,4.06,normal
2026-01-01 09:04:00,1.14,36.1,4.19,normal
2026-01-01 09:05:00,1.19,31.2,4.38,normal
2026-01-01 09:06:00,1.69,30.9,4.28,normal
2026-01-01 09:07:00,1.56,33.4,4.39,normal
2026-01-01 09:08:00,1.06,34.6,4.23,normal
2026-01-01 09:09:00,1.47,36.5,4.92,normal
2026-01-01 09:10:00,1.39,34.4,4.32,normal
2026-01-01 09:11:00,1.2,34.4,4.2,normal
2026-01-01 09:12:00,1.31,36.9,4.02,normal
2026-01-01 09:13:00,1.5,36.9,4.25,normal
2026-01-01 09:14:00,1.0,32.1,4.6,normal
2026-01-01 09:15:00,1.27,31.1,4.15,normal
2026-01-01 09:16:00,1.45,35.0,4.22,normal
2026-01-01 09:17:00,1.21,32.6,4.05,normal
2026-01-01 09:18:00,1.6,32.8,4.58,normal
2026-01-01 09:19:00,1.58,36.1,4.17,normal
2026-01-01 09:20:00,1.36,33.6,4.05,normal
2026-01-01 09:21:00,1.35,30.7,4.58,normal
2026-01-01 09:22:00,1.19,34.2,4.35,normal
2026-01-01 09:23:00,1.23,35.1,4.16,normal
2026-01-01 09:24:00,1.46,30.3,4.31,normal
2026-01-01 09:25:00,1.67,31.2,4.11,normal
2026-01-01 09:26:00,1.39,34.1,4.37,normal
2026-01-01 09:27:00,1.38,35.3,4.56,normal
2026-01-01 09:28:00,1.37,33.1,4.45,normal
2026-01-01 09:29:00,1.66,33.4,4.04,normal
2026-01-01 09:30:00,1.51,33.4,4.0,normal
2026-01-01 09:31:00,1.46,32.4,4.26,normal
2026-01-01 09:32:00,1.35,34.2,4.46,normal
2026-01-01 09:33:00,1.2,35.0,4.22,normal
2026-01-01 09:34:00,1.43,35.3,4.05,normal
2026-01-01 09:35:00,1.5,32.4,4.49,normal
2026-01-01 09:36:00,1.36,38.3,4.23,normal
2026-01-01 09:37:00,1.22,33.7,4.21,normal
2026-01-01 09:38:00,1.45,30.0,4.03,normal
2026-01-01 09:39:00,1.08,36.1,4.72,normal
2026-01-01 09:40:00,1.27,33.3,4.31,normal
2026-01-01 09:41:00,1.52,31.5,4.35,normal
2026-01-01 09:42:00,1.49,35.0,4.34,normal
2026-01-01 09:43:00,1.49,30.0,4.46,normal
2026-01-01 09:44:00,1.16,30.0,4.42,normal
2026-01-01 09:45:00,1.57,33.5,4.53,normal
2026-01-01 09:46:00,1.62,37.1,4.7,normal
2026-01-01 09:47:00,1.44,34.0,4.0,normal
2026-01-01 09:48:00,1.24,31.7,4.84,normal
2026-01-01 09:49:00,1.26,34.1,4.43,normal
2026-01-01 09:50:00,1.3,38.1,4.14,normal
2026-01-01 09:51:00,1.33,32.0,4.0,normal
2026-01-01 09:52:00,1.17,33.8,4.19,normal
2026-01-01 09:53:00,1.16,30.3,4.28,normal
2026-01-01 09:54:00,1.0,35.8,4.32,normal
2026-01-01 09:55:00,1.01,33.1,4.11,normal
2026-01-01 09:56:00,1.36,37.2,4.0,normal
2026-01-01 09:57:00,1.32,33.5,4.47,normal
2026-01-01 09:58:00,1.34,32.0,4.22,normal
2026-01-01 09:59:00,1.14,36.6,4.3,normal
2026-01-01 10:00:00,1.68,33.7,4.12,normal
2026-01-01 10:01:00,1.0,30.0,4.0,normal
2026-01-01 10:02:00,1.35,35.2,4.0,normal
2026-01-01 10:03:00,1.48,32.7,4.34,normal
2026-01-01 10:04:00,1.62,36.2,4.23,normal
2026-01-01 10:05:00,1.12,30.0,4.12,normal
2026-01-01 10:06:00,1.26,31.5,4.27,normal
2026-01-01 10:07:00,1.32,33.4,4.14,normal
2026-01-01 10:08:00,1.34,35.1,4.03,normal
2026-01-01 10:09:00,1.59,33.7,4.31,normal
2026-01-01 10:10:00,1.45,34.5,4.54,normal
2026-01-01 10:11:00,1.36,32.4,4.4,normal
2026-01-01 10:12:00,1.08,34.2,4.3,normal
2026-01-01 10:13:00,1.26,33.7,4.0,normal
2026-01-01 10:14:00,1.2,34.2,4.35,normal
2026-01-01 10:15:00,1.1,37.2,4.09,normal
2026-01-01 10:16:00,1.5,35.1,4.15,normal
2026-01-01 10:17:00,1.66,31.0,4.54,normal
2026-01-01 10:18:00,1.51,32.3,4.66,normal
2026-01-01 10:19:00,1.26,34.7,4.37,normal
2026-01-01 10:20:00,1.28,36.1,4.51,normal
2026-01-01 10:21:00,1.0,37.3,4.0,normal
2026-01-01 10:22:00,1.52,36.9,4.04,normal
2026-01-01 10:23:00,1.23,31.3,4.26,normal
2026-01-01 10:24:00,1.25,36.0,4.64,normal
2026-01-01 10:25:00,1.59,32.7,4.26,normal
2026-01-01 10:26:00,1.0,32.1,4.55,normal
2026-01-01 10:27:00,1.64,31.0,4.17,normal
2026-01-01 10:28:00,1.31,34.8,4.11,normal
2026-01-01 10:29:00,1.4,32.9,4.31,normal
2026-01-01 10:30:00,1.42,34.1,4.21,normal
2026-01-01 10:31:00,1.29,33.9,4.22,normal
2026-01-01 10:32:00,1.26,38.1,4.46,normal
2026-01-01 10:33:00,1.26,35.9,4.23,normal
2026-01-01 10:34:00,1.55,35.0,4.29,normal
2026-01-01 10:35:00,1.41,30.2,4.04,normal
2026-01-01 10:36:00,1.08,34.5,4.75,normal
2026-01-01 10:37:00,1.76,35.7,4.44,normal
2026-01-01 10:38:00,1.0,32.8,4.12,normal
2026-01-01 10:39:00,1.2,33.7,4.2,normal
2026-01-01 10:40:00,1.0,36.0,4.05,normal
2026-01-01 10:41:00,1.37,39.4,4.09,normal
2026-01-01 10:42:00,1.0,33.5,4.6,normal
2026-01-01 10:43:00,1.71,31.1,4.45,normal
2026-01-01 10:44:00,1.23,33.9,4.98,normal
2026-01-01 10:45:00,1.02,34.8,4.44,normal
2026-01-01 10:46:00,1.54,34.4,4.4,normal
2026-01-01 10:47:00,1.25,34.9,4.24,normal
2026-01-01 10:48:00,1.45,33.3,4.42,normal
2026-01-01 10:49:00,1.32,37.0,4.31,normal
2026-01-01 10:50:00,1.0,37.4,4.1,normal
2026-01-01 10:51:00,1.19,32.7,4.67,normal
2026-01-01 10:52:00,1.0,42.1,4.59,normal
2026-01-01 10:53:00,1.37,34.1,4.4,normal
2026-01-01 10:54:00,1.43,35.9,4.47,normal
2026-01-01 10:55:00,1.35,33.8,4.29,normal
2026-01-01 10:56:00,1.29,37.1,4.48,normal
2026-01-01 10:57:00,1.0,35.9,4.38,normal
2026-01-01 10:58:00,1.33,33.3,4.61,normal
2026-01-01 10:59:00,1.52,32.4,4.43,normal
2026-01-01 11:00:00,1.14,30.8,4.17,normal
2026-01-01 11:01:00,1.5,36.7,4.46,normal
2026-01-01 11:02:00,1.48,35.6,4.17,normal
2026-01-01 11:03:00,1.42,36.3,4.52,normal
2026-01-01 11:04:00,1.57,36.1,4.42,normal
2026-01-01 11:05:00,1.55,34.3,4.11,normal
2026-01-01 11:06:00,1.3,32.5,4.16,normal
2026-01-01 11:07:00,1.3,32.4,4.26,normal
2026-01-01 11:08:00,1.0,34.9,4.33,normal
2026-01-01 11:09:00,1.17,36.0,4.57,normal
2026-01-01 11:10:00,1.01,32.4,4.14,normal
2026-01-01 11:11:00,1.15,36.4,4.29,normal
2026-01-01 11:12:00,1.28,30.0,4.49,normal
2026-01-01 11:13:00,1.09,34.5,4.41,normal
2026-01-01 11:14:00,1.61,31.1,4.0,normal
2026-01-01 11:15:00,1.37,38.9,4.65,normal
2026-01-01 11:16:00,1.38,33.2,4.54,normal
2026-01-01 11:17:00,1.14,35.6,4.46,normal
2026-01-01 11:18:00,1.55,41.3,4.44,normal
2026-01-01 11:19:00,1.24,34.4,4.0,normal
2026-01-01 11:20:00,1.2,33.4,4.21,normal
2026-01-01 11:21:00,1.37,32.4,4.62,normal
2026-01-01 11:22:00,1.34,34.4,4.26,normal
2026-01-01 11:23:00,1.37,36.5,4.12,normal
2026-01-01 11:24:00,1.21,33.7,4.01,normal
2026-01-01 11:25:00,1.18,33.3,4.56,normal
2026-01-01 11:26:00,1.4,34.9,4.56,normal
2026-01-01 11:27:00,1.32,35.4,4.32,normal
2026-01-01 11:28:00,1.4,33.0,4.0,normal
2026-01-01 11:29:00,1.32,38.0,4.58,normal
2026-01-01 11:30:00,1.54,37.6,4.37,normal
2026-01-01 11:31:00,1.38,32.9,4.27,normal
2026-01-01 11:32:00,1.47,37.5,4.31,normal
2026-01-01 11:33:00,1.26,34.5,4.5,normal
2026-01-01 11:34:00,1.06,30.0,4.21,normal
2026-01-01 11:35:00,1.1,33.2,4.31,normal
2026-01-01 11:36:00,1.26,38.2,4.43,normal
2026-01-01 11:37:00,1.41,36.1,4.06,normal
2026-01-01 11:38:00,1.56,34.3,4.52,normal
2026-01-01 11:39:00,1.14,30.7,4.55,normal
2026-01-01 11:40:00,1.43,32.3,4.13,normal
2026-01-01 11:41:00,1.58,31.6,4.76,normal
2026-01-01 11:42:00,1.17,36.2,4.27,normal
2026-01-01 11:43:00,1.47,33.2,4.31,normal
2026-01-01 11:44:00,1.36,32.1,4.54,normal
2026-01-01 11:45:00,1.25,34.0,4.1,normal
2026-01-01 11:46:00,1.0,34.1,4.96,normal
2026-01-01 11:47:00,1.51,34.5,4.29,normal
2026-01-01 11:48:00,1.36,36.0,4.06,normal
2026-01-01 11:49:00,1.58,36.4,4.53,normal
2026-01-01 11:50:00,1.44,34.7,4.52,normal
2026-01-01 11:51:00,1.47,33.7,4.21,normal
2026-01-01 11:52:00,1.38,38.5,4.05,normal
2026-01-01 11:53:00,1.06,35.0,4.37,normal
2026-01-01 11:54:00,1.39,35.3,4.3,normal
2026-01-01 11:55:00,1.66,30.6,4.15,normal
2026-01-01 11:56:00,1.34,30.5,4.31,normal
2026-01-01 11:57:00,1.69,34.7,4.42,normal
2026-01-01 11:58:00,1.11,33.1,4.27,normal
2026-01-01 11:59:00,1.3,37.9,4.5,normal
2026-01-01 12:00:00,1.14,35.3,4.48,normal
2026-01-01 12:01:00,1.59,38.6,4.11,normal
2026-01-01 12:02:00,1.2,31.5,4.3,normal
2026-01-01 12:03:00,1.45,37.2,4.34,normal
2026-01-01 12:04:00,1.3,35.1,4.15,normal
2026-01-01 12:05:00,1.78,30.7,4.41,normal
2026-01-01 12:06:00,1.77,34.7,4.32,normal
2026-01-01 12:07:00,1.29,34.3,4.71,normal
2026-01-01 12:08:00,1.0,38.6,4.01,normal
2026-01-01 12:09:00,1.31,33.7,4.51,normal
2026-01-01 12:10:00,1.05,35.9,4.87,normal
2026-01-01 12:11:00,1.09,35.2,4.2,normal
2026-01-01 12:12:00,1.45,34.8,4.21,normal
2026-01-01 12:13:00,1.46,39.3,4.32,normal
2026-01-01 12:14:00,1.51,31.5,4.13,normal
2026-01-01 12:15:00,1.46,38.5,4.46,normal
2026-01-01 12:16:00,1.31,34.8,4.06,normal
2026-01-01 12:17:00,1.49,37.0,4.26,normal
2026-01-01 12:18:00,1.28,35.5,4.26,normal
2026-01-01 12:19:00,1.36,40.1,4.31,normal
2026-01-01 12:20:00,1.3,33.2,4.56,normal
2026-01-01 12:21:00,1.33,33.2,4.7,normal
2026-01-01 12:22:00,1.65,33.3,4.0,normal
2026-01-01 12:23:00,1.57,33.1,4.57,normal
2026-01-01 12:24:00,1.0,37.1,4.07,normal
2026-01-01 12:25:00,1.52,34.9,4.13,normal
2026-01-01 12:26:00,1.29,36.6,4.4,normal
2026-01-01 12:27:00,1.49,39.8,4.0,normal
2026-01-01 12:28:00,1.7,35.1,4.15,normal
2026-01-01 12:29:00,1.11,34.4,4.6,normal
2026-01-01 12:30:00,1.35,38.7,4.01,normal
2026-01-01 12:31:00,1.37,31.8,4.47,normal
2026-01-01 12:32:00,1.55,33.8,4.0,normal
2026-01-01 12:33:00,1.42,36.0,4.48,normal
2026-01-01 12:34:00,1.62,32.2,4.55,normal
2026-01-01 12:35:00,1.62,30.5,4.46,normal
2026-01-01 12:36:00,1.28,34.7,4.46,normal
2026-01-01 12:37:00,1.28,33.2,4.39,normal
2026-01-01 12:38:00,1.16,32.2,4.55,normal
2026-01-01 12:39:00,1.15,36.6,4.5,normal
2026-01-01 12:40:00,1.03,33.2,4.68,normal
2026-01-01 12:41:00,1.18,33.8,4.5,normal
2026-01-01 12:42:00,1.54,34.3,4.23,normal
2026-01-01 12:43:00,1.67,39.3,4.63,normal
2026-01-01 12:44:00,1.4,32.9,4.17,normal
2026-01-01 12:45:00,1.49,36.0,4.73,normal
2026-01-01 12:46:00,1.51,31.2,4.65,normal
2026-01-01 12:47:00,1.18,34.0,4.45,normal
2026-01-01 12:48:00,1.78,42.8,4.54,normal
2026-01-01 12:49:00,1.35,36.3,4.61,normal
2026-01-01 12:50:00,1.32,39.5,4.44,normal
2026-01-01 12:51:00,1.49,36.7,4.49,normal
2026-01-01 12:52:00,1.55,33.5,4.25,normal
2026-01-01 12:53:00,1.17,36.1,4.58,normal
2026-01-01 12:54:00,1.48,39.2,4.39,normal
2026-01-01 12:55:00,1.52,32.3,4.29,normal
2026-01-01 12:56:00,1.53,37.2,4.31,normal
2026-01-01 12:57:00,1.37,31.3,4.3,normal
2026-01-01 12:58:00,1.57,36.5,4.51,normal
2026-01-01 12:59:00,1.4,35.1,4.22,normal
2026-01-01 13:00:00,1.53,36.1,4.51,normal
2026-01-01 13:01:00,1.29,30.0,4.66,normal
2026-01-01 13:02:00,1.3,32.9,4.56,normal
2026-01-01 13:03:00,1.31,37.7,4.55,normal
2026-01-01 13:04:00,1.53,31.7,4.7,normal
2026-01-01 13:05:00,1.44,34.2,4.43,normal
2026-01-01 13:06:00,1.04,36.1,4.14,normal
2026-01-01 13:07:00,1.12,31.3,4.67,normal
2026-01-01 13:08:00,1.27,39.0,4.26,normal
2026-01-01 13:09:00,1.05,32.3,4.7,normal
2026-01-01 13:10:00,1.36,33.8,4.44,normal
2026-01-01 13:11:00,1.5,37.9,4.76,normal
2026-01-01 13:12:00,1.32,31.8,4.29,normal
2026-01-01 13:13:00,1.45,32.7,4.16,normal
2026-01-01 13:14:00,1.47,35.0,4.41,normal
2026-01-01 13:15:00,1.25,34.6,4.17,normal
2026-01-01 13:16:00,1.58,37.8,4.0,normal
2026-01-01 13:17:00,1.21,31.4,4.24,normal
2026-01-01 13:18:00,1.38,31.6,4.17,normal
2026-01-01 13:19:00,1.2,35.7,4.42,normal
2026-01-01 13:20:00,1.26,35.6,4.26,normal
2026-01-01 13:21:00,1.35,39.4,4.74,normal
2026-01-01 13:22:00,1.14,37.3,4.6,normal
2026-01-01 13:23:00,1.17,37.3,4.79,normal
2026-01-01 13:24:00,1.18,32.9,4.66,normal
2026-01-01 13:25:00,1.46,36.6,4.49,normal
2026-01-01 13:26:00,1.48,31.9,4.66,normal
2026-01-01 13:27:00,1.64,34.7,4.39,normal
2026-01-01 13:28:00,1.1,36.5,4.55,normal
2026-01-01 13:29:00,1.39,38.1,4.32,normal
2026-01-01 13:30:00,1.52,32.7,4.4,normal
2026-01-01 13:31:00,1.37,35.8,4.31,normal
2026-01-01 13:32:00,1.38,37.3,4.3,normal
2026-01-01 13:33:00,1.09,39.7,4.75,normal
2026-01-01 13:34:00,1.15,37.0,4.28,normal
2026-01-01 13:35:00,1.46,36.0,4.35,normal
2026-01-01 13:36:00,1.25,33.6,4.18,normal
2026-01-01 13:37:00,1.24,35.1,4.23,normal
2026-01-01 13:38:00,1.55,39.0,4.26,normal
2026-01-01 13:39:00,1.46,36.6,4.53,normal
2026-01-01 13:40:00,1.43,37.2,4.53,normal
2026-01-01 13:41:00,1.16,37.5,4.63,normal
2026-01-01 13:42:00,1.26,35.4,4.58,normal
2026-01-01 13:43:00,1.37,38.0,5.0,normal
2026-01-01 13:44:00,1.25,31.9,4.49,normal
2026-01-01 13:45:00,1.56,34.8,4.78,normal
2026-01-01 13:46:00,1.15,37.1,4.26,normal
2026-01-01 13:47:00,1.76,40.4,4.22,normal
2026-01-01 13:48:00,1.3,37.5,4.32,normal
2026-01-01 13:49:00,1.41,35.5,4.0,normal
2026-01-01 13:50:00,1.41,33.7,4.29,normal
2026-01-01 13:51:00,1.7,32.3,4.62,normal
2026-01-01 13:52:00,1.36,34.7,4.61,normal
2026-01-01 13:53:00,1.48,36.8,4.66,normal
2026-01-01 13:54:00,1.35,33.9,4.15,normal
2026-01-01 13:55:00,1.25,42.8,4.73,normal
2026-01-01 13:56:00,1.15,32.1,4.54,normal
2026-01-01 13:57:00,1.53,36.8,4.35,normal
2026-01-01 13:58:00,1.39,36.3,4.44,normal
2026-01-01 13:59:00,1.0,34.9,4.21,normal
2026-01-01 14:00:00,1.46,42.9,4.51,normal
2026-01-01 14:01:00,1.36,37.8,4.54,normal
2026-01-01 14:02:00,1.51,37.0,4.94,normal
2026-01-01 14:03:00,1.2,36.7,4.19,normal
2026-01-01 14:04:00,1.53,33.2,4.32,normal
2026-01-01 14:05:00,1.36,37.9,4.65,normal
2026-01-01 14:06:00,1.17,35.6,4.25,normal
2026-01-01 14:07:00,1.17,35.0,4.35,normal
2026-01-01 14:08:00,1.91,36.6,4.08,normal
2026-01-01 14:09:00,1.31,38.1,4.95,normal
2026-01-01 14:10:00,1.11,30.8,4.89,normal
2026-01-01 14:11:00,1.5,33.4,4.56,normal
2026-01-01 14:12:00,1.0,35.5,4.51,normal
2026-01-01 14:13:00,1.61,33.0,4.45,normal
2026-01-01 14:14:00,1.24,36.2,4.2,normal
2026-01-01 14:15:00,1.35,33.1,4.59,normal
2026-01-01 14:16:00,1.6,35.0,4.44,normal
2026-01-01 14:17:00,1.14,34.8,4.42,normal
2026-01-01 14:18:00,1.95,32.8,4.8,normal
2026-01-01 14:19:00,1.63,36.3,4.87,normal
2026-01-01 14:20:00,1.5,36.6,4.42,normal
2026-01-01 14:21:00,1.68,38.3,4.27,normal
2026-01-01 14:22:00,1.17,35.1,4.23,normal
2026-01-01 14:23:00,1.42,38.7,4.32,normal
2026-01-01 14:24:00,1.42,35.8,4.64,normal
2026-01-01 14:25:00,1.0,34.1,4.49,normal
2026-01-01 14:26:00,1.67,34.4,4.0,normal
2026-01-01 14:27:00,1.56,34.0,4.14,normal
2026-01-01 14:28:00,1.31,35.2,4.28,normal
2026-01-01 14:29:00,1.0,37.9,4.75,normal
2026-01-01 14:30:00,1.57,32.8,4.38,normal
2026-01-01 14:31:00,1.43,37.2,4.6,normal
2026-01-01 14:32:00,1.29,35.9,4.55,normal
2026-01-01 14:33:00,1.73,37.4,4.63,normal
2026-01-01 14:34:00,1.45,39.2,4.54,normal
2026-01-01 14:35:00,1.27,39.2,4.61,normal
2026-01-01 14:36:00,1.35,34.5,4.51,normal
2026-01-01 14:37:00,1.53,36.2,4.52,normal
2026-01-01 14:38:00,1.78,38.4,4.49,normal
2026-01-01 14:39:00,1.63,33.1,4.54,normal
2026-01-01 14:40:00,1.8,35.2,4.23,normal
2026-01-01 14:41:00,1.31,33.0,4.24,normal
2026-01-01 14:42:00,1.37,32.2,4.44,normal
2026-01-01 14:43:00,1.62,33.5,4.82,normal
2026-01-01 14:44:00,1.54,38.3,4.28,normal
2026-01-01 14:45:00,1.61,33.0,4.67,normal
2026-01-01 14:46:00,1.48,37.1,4.15,normal
2026-01-01 14:47:00,1.26,37.3,4.21,normal
2026-01-01 14:48:00,1.54,32.4,4.66,normal
2026-01-01 14:49:00,1.2,37.2,4.6,normal
2026-01-01 14:50:00,1.31,37.2,4.51,normal
2026-01-01 14:51:00,1.34,33.3,4.0,normal
2026-01-01 14:52:00,1.52,31.9,4.47,normal
2026-01-01 14:53:00,1.39,37.5,4.37,normal
2026-01-01 14:54:00,1.38,37.6,4.53,normal
2026-01-01 14:55:00,1.51,37.0,4.06,normal
2026-01-01 14:56:00,1.6,37.4,4.19,normal
2026-01-01 14:57:00,1.4,35.7,4.41,normal
2026-01-01 14:58:00,1.52,39.4,4.72,normal
2026-01-01 14:59:00,1.19,37.4,4.78,normal
2026-01-01 15:00:00,1.53,38.6,4.95,normal
2026-01-01 15:01:00,1.66,36.5,4.71,normal
2026-01-01 15:02:00,1.48,35.9,4.36,normal
2026-01-01 15:03:00,1.76,33.8,4.83,normal
2026-01-01 15:04:00,1.55,32.4,4.54,normal
2026-01-01 15:05:00,1.03,37.4,4.67,normal
2026-01-01 15:06:00,1.33,36.2,4.94,normal
2026-01-01 15:07:00,1.35,33.2,4.82,normal
2026-01-01 15:08:00,1.85,35.9,4.71,normal
2026-01-01 15:09:00,1.72,34.1,4.33,normal
2026-01-01 15:10:00,1.7,40.1,4.6,normal
2026-01-01 15:11:00,1.28,40.9,4.32,normal
2026-01-01 15:12:00,1.39,36.8,4.84,normal
2026-01-01 15:13:00,1.63,37.0,4.57,normal
2026-01-01 15:14:00,1.47,37.3,4.0,normal
2026-01-01 15:15:00,1.4,36.6,4.17,normal
2026-01-01 15:16:00,1.54,35.4,4.9,normal
2026-01-01 15:17:00,1.77,34.8,4.42,normal
2026-01-01 15:18:00,1.44,34.8,4.51,normal
2026-01-01 15:19:00,1.31,33.1,4.62,normal
2026-01-01 15:20:00,1.59,34.0,4.68,normal
2026-01-01 15:21:00,1.33,36.6,4.67,normal
2026-01-01 15:22:00,1.45,37.1,4.33,normal
2026-01-01 15:23:00,1.42,35.5,4.27,normal
2026-01-01 15:24:00,1.43,32.1,4.34,normal
2026-01-01 15:25:00,1.41,35.4,4.4,normal
2026-01-01 15:26:00,1.45,37.2,4.68,normal
2026-01-01 15:27:00,1.33,33.0,4.2,normal
2026-01-01 15:28:00,1.37,35.2,4.27,normal
2026-01-01 15:29:00,1.21,34.9,4.51,normal
2026-01-01 15:30:00,1.58,34.7,4.36,normal
2026-01-01 15:31:00,1.28,36.0,4.25,normal
2026-01-01 15:32:00,1.58,31.6,4.38,normal
2026-01-01 15:33:00,1.53,36.5,5.14,normal
2026-01-01 15:34:00,1.54,33.6,4.44,normal
2026-01-01 15:35:00,1.11,35.9,4.26,normal
2026-01-01 15:36:00,1.65,34.7,4.44,normal
2026-01-01 15:37:00,1.34,40.4,4.39,normal
2026-01-01 15:38:00,1.84,38.1,4.59,normal
2026-01-01 15:39:00,1.54,37.1,4.0,normal
2026-01-01 15:40:00,1.41,38.2,4.46,normal
2026-01-01 15:41:00,1.19,36.0,4.9,normal
2026-01-01 15:42:00,1.72,36.0,4.71,normal
2026-01-01 15:43:00,1.4,31.9,4.24,normal
2026-01-01 15:44:00,1.78,35.5,4.41,normal
2026-01-01 15:45:00,1.41,40.9,4.88,normal
2026-01-01 15:46:00,1.92,35.8,4.55,normal
2026-01-01 15:47:00,1.17,39.8,4.18,normal
2026-01-01 15:48:00,1.52,33.4,4.33,normal
2026-01-01 15:49:00,1.31,34.6,4.34,normal
2026-01-01 15:50:00,1.37,38.3,4.2,normal
2026-01-01 15:51:00,1.52,39.2,4.35,normal
2026-01-01 15:52:00,1.33,35.6,4.77,normal
2026-01-01 15:53:00,1.52,34.9,4.6,normal
2026-01-01 15:54:00,1.26,37.9,4.58,normal
2026-01-01 15:55:00,1.42,34.1,4.26,normal
2026-01-01 15:56:00,1.59,39.3,4.32,normal
2026-01-01 15:57:00,1.57,31.0,4.33,normal
2026-01-01 15:58:00,1.47,34.0,4.24,normal
2026-01-01 15:59:00,1.35,37.0,4.43,normal
2026-01-01 16:00:00,1.03,30.9,4.33,normal
2026-01-01 16:01:00,1.57,30.0,4.36,normal
2026-01-01 16:02:00,1.38,39.7,4.38,normal
2026-01-01 16:03:00,1.56,36.6,4.0,normal
2026-01-01 16:04:00,1.64,36.8,4.61,normal
2026-01-01 16:05:00,2.27,31.1,4.91,normal
2026-01-01 16:06:00,1.43,37.0,4.47,normal
2026-01-01 16:07:00,1.4,34.9,4.57,normal
2026-01-01 16:08:00,1.18,38.2,4.38,normal
2026-01-01 16:09:00,1.26,35.2,4.8,normal
2026-01-01 16:10:00,1.38,37.2,4.3,normal
2026-01-01 16:11:00,1.64,38.0,4.95,normal
2026-01-01 16:12:00,1.45,38.0,4.51,normal
2026-01-01 16:13:00,1.75,34.5,4.67,normal
2026-01-01 16:14:00,1.45,36.2,4.51,normal
2026-01-01 16:15:00,1.54,36.0,4.54,normal
2026-01-01 16:16:00,1.8,38.8,4.71,normal
2026-01-01 16:17:00,1.4,34.1,4.73,normal
2026-01-01 16:18:00,1.66,40.0,4.34,normal
2026-01-01 16:19:00,1.44,32.3,4.39,normal
2026-01-01 16:20:00,1.69,35.2,4.65,normal
2026-01-01 16:21:00,1.45,37.2,4.2,normal
2026-01-01 16:22:00,1.51,30.0,4.44,normal
2026-01-01 16:23:00,1.17,39.4,4.69,normal
2026-01-01 16:24:00,1.59,40.2,4.25,normal
2026-01-01 16:25:00,1.84,38.7,4.43,normal
2026-01-01 16:26:00,1.72,33.6,4.29,normal
2026-01-01 16:27:00,1.37,35.1,4.23,normal
2026-01-01 16:28:00,1.74,35.8,4.58,normal
2026-01-01 16:29:00,1.38,31.9,4.56,normal
2026-01-01 16:30:00,1.11,36.3,4.15,normal
2026-01-01 16:31:00,1.89,38.7,4.52,normal
2026-01-01 16:32:00,1.75,34.3,4.63,normal
2026-01-01 16:33:00,1.54,37.1,4.81,normal
2026-01-01 16:34:00,1.64,37.2,4.08,normal
2026-01-01 16:35:00,1.31,36.2,4.52,normal
2026-01-01 16:36:00,1.27,42.5,4.88,normal
2026-01-01 16:37:00,1.62,36.7,4.45,normal
2026-01-01 16:38:00,1.31,36.7,4.56,normal
2026-01-01 16:39:00,1.25,37.3,4.46,normal
2026-01-01 16:40:00,1.12,34.3,4.4,normal
2026-01-01 16:41:00,1.88,37.9,4.17,normal
2026-01-01 16:42:00,1.6,32.6,4.77,normal
2026-01-01 16:43:00,1.41,36.3,4.83,normal
2026-01-01 16:44:00,1.24,33.0,4.36,normal
2026-01-01 16:45:00,1.71,32.7,4.0,normal
2026-01-01 16:46:00,1.41,37.9,4.8,normal
2026-01-01 16:47:00,1.41,35.5,4.79,normal
2026-01-01 16:48:00,1.13,35.6,4.55,normal
2026-01-01 16:49:00,1.59,35.3,4.51,normal
2026-01-01 16:50:00,1.01,34.9,4.62,normal
2026-01-01 16:51:00,1.31,36.7,4.62,normal
2026-01-01 16:52:00,1.44,37.0,4.27,normal
2026-01-01 16:53:00,1.47,38.1,4.55,normal
2026-01-01 16:54:00,1.39,37.2,4.69,normal
2026-01-01 16:55:00,1.1,39.5,4.42,normal
2026-01-01 16:56:00,1.59,39.6,4.17,normal
2026-01-01 16:57:00,1.37,35.9,4.31,normal
2026-01-01 16:58:00,1.86,34.5,4.37,normal
2026-01-01 16:59:00,1.55,33.6,4.41,normal
2026-01-01 17:00:00,1.57,35.8,4.49,normal
2026-01-01 17:01:00,1.4,32.9,4.59,normal
2026-01-01 17:02:00,1.86,36.7,4.57,normal
2026-01-01 17:03:00,1.65,33.5,4.94,normal
2026-01-01 17:04:00,1.55,40.7,4.33,normal
2026-01-01 17:05:00,1.88,38.6,4.65,normal
2026-01-01 17:06:00,1.56,36.0,4.81,normal
2026-01-01 17:07:00,1.54,31.8,4.23,normal
2026-01-01 17:08:00,1.48,37.5,4.5,normal
2026-01-01 17:09:00,1.76,31.8,4.55,normal
2026-01-01 17:10:00,1.15,38.6,4.49,normal
2026-01-01 17:11:00,1.6,34.5,4.84,normal
2026-01-01 17:12:00,1.72,38.2,4.48,normal
2026-01-01 17:13:00,1.63,34.9,4.73,normal
2026-01-01 17:14:00,1.85,39.4,4.33,normal
2026-01-01 17:15:00,1.59,33.5,4.66,normal
2026-01-01 17:16:00,1.61,32.1,4.23,normal
2026-01-01 17:17:00,1.46,36.0,4.22,normal
2026-01-01 17:18:00,1.6,37.4,4.47,normal
2026-01-01 17:19:00,1.37,39.4,4.93,normal
2026-01-01 17:20:00,1.42,35.2,4.64,normal
2026-01-01 17:21:00,1.45,36.4,4.71,normal
2026-01-01 17:22:00,1.14,40.1,4.54,normal
2026-01-01 17:23:00,1.44,36.6,4.51,normal
2026-01-01 17:24:00,1.18,40.5,4.53,normal
2026-01-01 17:25:00,1.61,39.2,4.27,normal
2026-01-01 17:26:00,1.62,36.1,4.73,normal
2026-01-01 17:27:00,1.1,36.6,4.37,normal
2026-01-01 17:28:00,1.61,38.0,4.35,normal
2026-01-01 17:29:00,1.38,36.5,4.3,normal
2026-01-01 17:30:00,1.69,35.9,4.0,normal
2026-01-01 17:31:00,1.45,34.2,4.12,normal
2026-01-01 17:32:00,1.28,37.1,4.86,normal
2026-01-01 17:33:00,1.59,35.3,4.64,normal
2026-01-01 17:34:00,1.44,35.1,4.24,normal
2026-01-01 17:35:00,1.18,35.9,4.57,normal
2026-01-01 17:36:00,1.51,35.8,4.29,normal
2026-01-01 17:37:00,1.65,33.6,4.72,normal
2026-01-01 17:38:00,1.33,35.0,4.16,normal
2026-01-01 17:39:00,1.43,39.3,4.66,normal
2026-01-01 17:40:00,1.73,38.2,4.25,normal
2026-01-01 17:41:00,1.46,34.9,4.86,normal
2026-01-01 17:42:00,1.29,39.1,4.75,normal
2026-01-01 17:43:00,1.9,35.9,4.71,normal
2026-01-01 17:44:00,1.99,35.4,4.15,normal
2026-01-01 17:45:00,1.16,38.7,4.06,normal
2026-01-01 17:46:00,1.46,38.0,4.58,normal
2026-01-01 17:47:00,1.62,37.5,4.85,normal
2026-01-01 17:48:00,1.34,35.3,4.34,normal
2026-01-01 17:49:00,1.7,39.2,4.65,normal
2026-01-01 17:50:00,1.77,34.0,4.95,normal
2026-01-01 17:51:00,1.84,38.8,4.98,normal
2026-01-01 17:52:00,1.2,35.7,4.35,normal
2026-01-01 17:53:00,1.68,34.3,4.73,normal
2026-01-01 17:54:00,1.81,38.7,4.61,normal
2026-01-01 17:55:00,1.34,34.9,4.85,normal
2026-01-01 17:56:00,1.69,36.9,4.43,normal
2026-01-01 17:57:00,1.13,34.3,5.02,normal
2026-01-01 17:58:00,1.28,37.5,4.79,normal
2026-01-01 17:59:00,1.29,37.5,4.77,normal
2026-01-01 18:00:00,1.54,44.2,4.12,normal
2026-01-01 18:01:00,1.75,36.6,4.73,normal
2026-01-01 18:02:00,1.63,35.2,4.6,normal
2026-01-01 18:03:00,1.17,38.5,4.62,normal
2026-01-01 18:04:00,1.67,39.7,4.63,normal
2026-01-01 18:05:00,1.57,34.9,4.36,normal
2026-01-01 18:06:00,1.78,40.7,4.48,normal
2026-01-01 18:07:00,1.55,34.8,4.84,normal
2026-01-01 18:08:00,1.68,41.9,4.32,normal
2026-01-01 18:09:00,1.47,37.7,4.71,normal
2026-01-01 18:10:00,1.5,34.9,4.77,normal
2026-01-01 18:11:00,1.69,34.8,4.88,normal
2026-01-01 18:12:00,1.78,37.4,4.57,normal
2026-01-01 18:13:00,1.66,35.0,4.55,normal
2026-01-01 18:14:00,1.12,39.3,4.16,normal
2026-01-01 18:15:00,1.85,36.3,4.49,normal
2026-01-01 18:16:00,1.42,36.4,4.9,normal
2026-01-01 18:17:00,1.05,40.3,4.63,normal
2026-01-01 18:18:00,1.31,34.4,4.97,normal
2026-01-01 18:19:00,1.36,34.3,4.83,normal
2026-01-01 18:20:00,1.62,34.8,4.6,normal
2026-01-01 18:21:00,1.35,39.9,4.82,normal
2026-01-01 18:22:00,1.66,38.1,4.99,normal
2026-01-01 18:23:00,1.55,34.2,4.66,normal
2026-01-01 18:24:00,1.97,34.6,4.46,normal
2026-01-01 18:25:00,1.64,37.0,4.31,normal
2026-01-01 18:26:00,1.78,43.0,4.6,normal
2026-01-01 18:27:00,1.37,33.3,4.62,normal
2026-01-01 18:28:00,1.77,38.4,4.55,normal
2026-01-01 18:29:00,1.44,34.5,4.76,normal
2026-01-01 18:30:00,1.74,33.4,4.95,normal
2026-01-01 18:31:00,1.67,40.7,4.22,normal
2026-01-01 18:32:00,1.28,36.9,4.68,normal
2026-01-01 18:33:00,1.92,39.0,4.5,normal
2026-01-01 18:34:00,1.35,40.3,4.32,normal
2026-01-01 18:35:00,1.88,36.5,4.96,normal
2026-01-01 18:36:00,1.69,36.9,4.43,normal
2026-01-01 18:37:00,1.49,38.3,4.58,normal
2026-01-01 18:38:00,1.44,36.9,4.58,normal
2026-01-01 18:39:00,1.13,38.4,4.31,normal
2026-01-01 18:40:00,1.33,33.1,4.11,normal
2026-01-01 18:41:00,1.29,35.5,5.05,normal
2026-01-01 18:42:00,1.46,37.7,4.66,normal
2026-01-01 18:43:00,1.59,37.1,4.26,normal
2026-01-01 18:44:00,1.85,41.8,4.14,normal
2026-01-01 18:45:00,1.36,36.6,4.32,normal
2026-01-01 18:46:00,1.66,35.5,5.1,normal
2026-01-01 18:47:00,1.8,37.9,4.82,normal
2026-01-01 18:48:00,1.79,35.9,4.36,normal
2026-01-01 18:49:00,1.58,39.5,4.6,normal
2026-01-01 18:50:00,1.25,35.3,4.55,normal
2026-01-01 18:51:00,1.55,42.3,4.22,normal
2026-01-01 18:52:00,1.67,41.1,5.13,normal
2026-01-01 18:53:00,1.49,38.6,4.71,normal
2026-01-01 18:54:00,1.61,37.1,4.68,normal
2026-01-01 18:55:00,1.06,39.1,4.6,normal
2026-01-01 18:56:00,1.52,42.5,4.4,normal
2026-01-01 18:57:00,1.49,42.4,4.36,normal
2026-01-01 18:58:00,1.46,37.0,4.78,normal
2026-01-01 18:59:00,1.61,34.2,4.44,normal
2026-01-01 19:00:00,1.45,37.2,4.68,normal
2026-01-01 19:01:00,1.65,33.0,4.84,normal
2026-01-01 19:02:00,1.62,40.9,4.68,normal
2026-01-01 19:03:00,1.79,38.6,4.91,normal
2026-01-01 19:04:00,1.68,37.2,5.14,normal
2026-01-01 19:05:00,1.75,38.9,4.25,normal
2026-01-01 19:06:00,1.32,38.2,4.61,normal
2026-01-01 19:07:00,1.45,37.8,4.97,normal
2026-01-01 19:08:00,1.71,34.6,4.55,normal
2026-01-01 19:09:00,1.41,36.5,4.47,normal
2026-01-01 19:10:00,1.48,34.3,4.54,normal
2026-01-01 19:11:00,1.46,30.2,5.09,normal
2026-01-01 19:12:00,1.79,36.5,4.58,normal
2026-01-01 19:13:00,1.34,41.7,5.05,normal
2026-01-01 19:14:00,1.61,40.1,4.62,normal
2026-01-01 19:15:00,1.31,36.5,4.61,normal
2026-01-01 19:16:00,1.49,37.0,4.56,normal
2026-01-01 19:17:00,1.56,37.7,4.31,normal
2026-01-01 19:18:00,1.44,34.3,4.82,normal
2026-01-01 19:19:00,1.16,40.4,4.93,normal
2026-01-01 19:20:00,1.52,31.0,4.49,normal
2026-01-01 19:21:00,1.57,35.0,4.45,normal
2026-01-01 19:22:00,1.89,39.2,4.35,normal
2026-01-01 19:23:00,1.26,36.7,4.53,normal
2026-01-01 19:24:00,1.68,36.2,4.71,normal
2026-01-01 19:25:00,1.97,39.6,4.57,normal
2026-01-01 19:26:00,1.55,36.7,4.88,normal
2026-01-01 19:27:00,1.46,37.7,4.6,normal
2026-01-01 19:28:00,1.48,34.2,4.66,normal
2026-01-01 19:29:00,1.57,38.8,4.45,normal
2026-01-01 19:30:00,1.83,35.4,5.01,normal
2026-01-01 19:31:00,1.24,38.7,4.7,normal
2026-01-01 19:32:00,1.43,38.7,4.91,normal
2026-01-01 19:33:00,1.14,38.9,4.0,normal
2026-01-01 19:34:00,1.39,41.7,4.44,normal
2026-01-01 19:35:00,1.35,37.1,5.1,normal
2026-01-01 19:36:00,1.22,35.0,4.96,normal
2026-01-01 19:37:00,1.96,37.4,4.28,normal
2026-01-01 19:38:00,2.01,41.6,4.76,normal
2026-01-01 19:39:00,1.43,37.5,4.55,normal
2026-01-01 19:40:00,1.66,41.3,4.81,normal
2026-01-01 19:41:00,1.38,41.1,4.67,normal
2026-01-01 19:42:00,1.73,41.4,4.31,normal
2026-01-01 19:43:00,1.58,36.4,4.2,normal
2026-01-01 19:44:00,1.66,44.0,4.13,normal
2026-01-01 19:45:00,1.59,39.3,4.62,normal
2026-01-01 19:46:00,1.57,34.5,4.65,normal
2026-01-01 19:47:00,1.44,32.2,4.89,normal
2026-01-01 19:48:00,1.79,37.9,4.65,normal
2026-01-01 19:49:00,1.81,38.3,4.82,normal
2026-01-01 19:50:00,1.54,41.0,4.68,normal
2026-01-01 19:51:00,1.63,34.6,4.67,normal
2026-01-01 19:52:00,1.43,36.2,4.39,normal
2026-01-01 19:53:00,1.38,43.1,4.93,normal
2026-01-01 19:54:00,1.98,34.7,4.61,normal
2026-01-01 19:55:00,1.34,36.0,4.37,normal
2026-01-01 19:56:00,1.85,36.8,4.87,normal
2026-01-01 19:57:00,1.72,43.5,4.23,normal
2026-01-01 19:58:00,1.85,40.7,4.36,normal
2026-01-01 19:59:00,1.8,38.6,4.54,normal
2026-01-01 20:00:00,1.44,36.0,5.11,normal
2026-01-01 20:01:00,1.6,39.8,4.4,normal
2026-01-01 20:02:00,1.45,40.5,4.26,normal
2026-01-01 20:03:00,1.52,37.9,4.63,normal
2026-01-01 20:04:00,1.57,38.8,4.78,normal
2026-01-01 20:05:00,1.75,35.4,4.53,normal
2026-01-01 20:06:00,1.84,40.1,4.26,normal
2026-01-01 20:07:00,1.67,32.9,4.62,normal
2026-01-01 20:08:00,1.98,35.5,4.4,normal
2026-01-01 20:09:00,1.76,34.0,4.45,normal
2026-01-01 20:10:00,1.72,36.3,4.55,normal
2026-01-01 20:11:00,1.75,38.9,4.67,normal
2026-01-01 20:12:00,1.54,38.8,4.58,normal
2026-01-01 20:13:00,1.7,36.6,4.56,normal
2026-01-01 20:14:00,1.41,37.8,4.4,normal
2026-01-01 20:15:00,1.38,38.5,4.66,normal
2026-01-01 20:16:00,1.76,36.8,4.71,normal
2026-01-01 20:17:00,1.72,39.0,4.4,normal
2026-01-01 20:18:00,1.64,38.8,4.61,normal
2026-01-01 20:19:00,1.19,38.3,5.16,normal
2026-01-01 20:20:00,1.54,36.1,4.7,normal
2026-01-01 20:21:00,1.67,40.9,4.3,normal
2026-01-01 20:22:00,1.76,39.4,4.58,normal
2026-01-01 20:23:00,1.68,40.5,4.83,normal
2026-01-01 20:24:00,1.38,40.0,4.6,normal
2026-01-01 20:25:00,1.63,38.1,4.58,normal
2026-01-01 20:26:00,1.85,37.8,4.33,normal
2026-01-01 20:27:00,1.53,38.4,4.92,normal
2026-01-01 20:28:00,1.73,35.9,5.24,normal
2026-01-01 20:29:00,1.67,41.2,4.58,normal
2026-01-01 20:30:00,1.72,40.1,4.92,normal
2026-01-01 20:31:00,1.83,40.2,4.54,normal
2026-01-01 20:32:00,1.5,38.8,4.85,normal
2026-01-01 20:33:00,1.57,40.7,4.98,normal
2026-01-01 20:34:00,1.43,35.9,4.58,normal
2026-01-01 20:35:00,1.68,36.7,4.96,normal
2026-01-01 20:36:00,1.7,38.1,4.26,normal
2026-01-01 20:37:00,1.36,38.7,4.09,normal
2026-01-01 20:38:00,1.82,37.7,5.43,normal
2026-01-01 20:39:00,2.08,37.6,4.59,normal
2026-01-01 20:40:00,1.82,42.3,4.21,normal
2026-01-01 20:41:00,1.26,36.5,4.77,normal
2026-01-01 20:42:00,1.72,40.7,4.32,normal
2026-01-01 20:43:00,1.16,40.2,4.41,normal
2026-01-01 20:44:00,1.22,38.4,4.82,normal
2026-01-01 20:45:00,1.6,36.9,4.58,normal
2026-01-01 20:46:00,1.55,34.7,4.44,normal
2026-01-01 20:47:00,1.73,38.9,4.67,normal
2026-01-01 20:48:00,1.43,37.7,4.08,normal
2026-01-01 20:49:00,1.66,41.7,4.26,normal
2026-01-01 20:50:00,1.51,38.9,4.94,normal
2026-01-01 20:51:00,1.54,36.4,4.13,normal
2026-01-01 20:52:00,1.65,43.2,4.7,normal
2026-01-01 20:53:00,1.62,39.0,4.62,normal
2026-01-01 20:54:00,1.46,40.2,4.68,normal
2026-01-01 20:55:00,1.63,35.7,4.95,normal
2026-01-01 20:56:00,1.76,36.8,4.88,normal
2026-01-01 20:57:00,1.53,36.2,4.44,normal
2026-01-01 20:58:00,1.27,39.4,4.17,normal
2026-01-01 20:59:00,1.38,33.0,4.61,normal
2026-01-01 21:00:00,1.6,37.4,4.37,normal
2026-01-01 21:01:00,1.4,39.4,4.49,normal
2026-01-01 21:02:00,1.69,36.0,4.68,normal
2026-01-01 21:03:00,1.89,39.7,4.53,normal
2026-01-01 21:04:00,1.68,37.6,4.63,normal
2026-01-01 21:05:00,1.57,37.8,4.69,normal
2026-01-01 21:06:00,1.43,35.7,4.29,normal
2026-01-01 21:07:00,1.31,35.2,4.67,normal
2026-01-01 21:08:00,1.46,39.5,4.64,normal
2026-01-01 21:09:00,1.24,39.9,4.84,normal
2026-01-01 21:10:00,1.44,39.3,4.42,normal
2026-01-01 21:11:00,1.66,35.1,4.19,normal
2026-01-01 21:12:00,1.56,38.0,4.54,normal
2026-01-01 21:13:00,1.4,37.3,4.7,normal
2026-01-01 21:14:00,1.63,38.7,4.47,normal
2026-01-01 21:15:00,1.87,35.3,4.76,normal
2026-01-01 21:16:00,1.87,39.5,4.59,normal
2026-01-01 21:17:00,1.53,40.9,4.28,normal
2026-01-01 21:18:00,1.45,37.3,4.95,normal
2026-01-01 21:19:00,1.72,35.9,4.56,normal
2026-01-01 21:20:00,1.52,36.5,4.88,normal
2026-01-01 21:21:00,1.37,42.3,4.85,normal
2026-01-01 21:22:00,1.86,37.2,4.6,normal
2026-01-01 21:23:00,1.35,37.0,4.76,normal
2026-01-01 21:24:00,1.9,35.6,4.55,normal
2026-01-01 21:25:00,1.61,34.9,4.79,normal
2026-01-01 21:26:00,1.5,37.9,4.53,normal
2026-01-01 21:27:00,1.49,38.3,4.59,normal
2026-01-01 21:28:00,1.57,36.6,4.72,normal
2026-01-01 21:29:00,1.98,38.7,4.89,normal
2026-01-01 21:30:00,1.37,38.8,4.37,normal
2026-01-01 21:31:00,1.35,36.5,4.94,normal
2026-01-01 21:32:00,1.84,39.0,4.26,normal
2026-01-01 21:33:00,1.61,39.2,4.69,normal
2026-01-01 21:34:00,1.28,36.2,4.63,normal
2026-01-01 21:35:00,1.75,32.9,4.61,normal
2026-01-01 21:36:00,1.68,40.5,4.82,normal
2026-01-01 21:37:00,1.77,36.4,4.17,normal
2026-01-01 21:38:00,1.57,40.9,5.0,normal
2026-01-01 21:39:00,1.79,39.5,4.74,normal
2026-01-01 21:40:00,1.54,38.1,5.07,normal
2026-01-01 21:41:00,1.46,42.5,4.57,normal
2026-01-01 21:42:00,1.92,34.9,4.8,normal
2026-01-01 21:43:00,1.5,34.9,4.71,normal
2026-01-01 21:44:00,1.85,36.4,4.28,normal
2026-01-01 21:45:00,1.63,38.3,4.79,normal
2026-01-01 21:46:00,1.84,38.3,5.12,normal
2026-01-01 21:47:00,1.7,37.6,4.25,normal
2026-01-01 21:48:00,1.6,37.7,4.89,normal
2026-01-01 21:49:00,1.75,35.6,4.7,normal
2026-01-01 21:50:00,1.79,42.3,4.88,normal
2026-01-01 21:51:00,1.81,38.7,4.75,normal
2026-01-01 21:52:00,1.91,35.2,4.57,normal
2026-01-01 21:53:00,1.5,39.5,4.96,normal
2026-01-01 21:54:00,1.54,32.6,4.55,normal
2026-01-01 21:55:00,1.84,39.9,4.76,normal
2026-01-01 21:56:00,1.6,35.4,4.79,normal
2026-01-01 21:57:00,1.49,44.0,4.8,normal
2026-01-01 21:58:00,1.54,37.0,4.64,normal
2026-01-01 21:59:00,1.61,41.4,4.71,normal
2026-01-01 22:00:00,1.51,43.3,4.67,normal
2026-01-01 22:01:00,1.81,37.1,4.75,normal
2026-01-01 22:02:00,1.72,33.9,5.16,normal
2026-01-01 22:03:00,1.92,37.6,4.39,normal
2026-01-01 22:04:00,1.73,38.8,4.75,normal
2026-01-01 22:05:00,1.7,39.9,5.02,normal
2026-01-01 22:06:00,1.78,36.0,5.0,normal
2026-01-01 22:07:00,1.99,46.5,4.38,normal
2026-01-01 22:08:00,1.71,33.4,4.8,normal
2026-01-01 22:09:00,1.55,43.4,4.47,normal
2026-01-01 22:10:00,1.33,37.5,4.17,normal
2026-01-01 22:11:00,1.82,33.5,4.67,normal
2026-01-01 22:12:00,1.25,37.9,5.08,normal
2026-01-01 22:13:00,1.74,36.5,4.66,normal
2026-01-01 22:14:00,1.67,39.9,4.33,normal
2026-01-01 22:15:00,1.79,31.9,4.51,normal
2026-01-01 22:16:00,1.57,40.3,4.67,normal
2026-01-01 22:17:00,1.39,36.2,4.72,normal
2026-01-01 22:18:00,1.65,37.3,4.55,normal
2026-01-01 22:19:00,1.81,37.4,4.65,normal
2026-01-01 22:20:00,2.1,35.2,4.21,normal
2026-01-01 22:21:00,1.83,37.0,4.59,normal
2026-01-01 22:22:00,1.51,38.1,5.07,normal
2026-01-01 22:23:00,1.83,40.9,4.32,normal
2026-01-01 22:24:00,1.44,31.6,4.47,normal
2026-01-01 22:25:00,1.86,40.0,4.62,normal
2026-01-01 22:26:00,1.67,37.0,4.72,normal
2026-01-01 22:27:00,1.83,34.7,4.75,normal
2026-01-01 22:28:00,1.86,37.7,4.85,normal
2026-01-01 22:29:00,2.24,38.5,4.77,normal
2026-01-01 22:30:00,1.53,39.2,4.79,normal
2026-01-01 22:31:00,1.71,36.2,4.73,normal
2026-01-01 22:32:00,1.97,39.9,4.92,normal
2026-01-01 22:33:00,1.63,40.7,4.75,normal
2026-01-01 22:34:00,1.49,39.6,4.43,normal
2026-01-01 22:35:00,1.55,39.3,4.75,normal
2026-01-01 22:36:00,1.44,41.4,4.82,normal
2026-01-01 22:37:00,1.54,35.0,4.64,normal
2026-01-01 22:38:00,1.59,39.1,4.59,normal
2026-01-01 22:39:00,1.28,37.9,4.6,normal
2026-01-01 22:40:00,1.81,37.1,5.1,normal
2026-01-01 22:41:00,1.3,42.1,4.62,normal
2026-01-01 22:42:00,1.85,39.1,4.97,normal
2026-01-01 22:43:00,1.6,36.1,5.04,normal
2026-01-01 22:44:00,1.66,39.4,4.99,normal
2026-01-01 22:45:00,1.48,40.4,4.54,normal
2026-01-01 22:46:00,1.66,39.1,4.31,normal
2026-01-01 22:47:00,1.53,42.3,4.91,normal
2026-01-01 22:48:00,1.67,39.5,4.61,normal
2026-01-01 22:49:00,1.96,38.4,4.74,normal
2026-01-01 22:50:00,1.91,37.0,5.07,normal
2026-01-01 22:51:00,1.38,43.0,4.59,normal
2026-01-01 22:52:00,1.64,34.2,4.57,normal
2026-01-01 22:53:00,1.48,37.4,4.65,normal
2026-01-01 22:54:00,1.88,39.5,4.76,normal
2026-01-01 22:55:00,1.47,36.7,5.14,normal
2026-01-01 22:56:00,1.54,43.1,4.63,normal
2026-01-01 22:57:00,1.69,41.6,5.01,normal
2026-01-01 22:58:00,1.67,38.0,4.68,normal
2026-01-01 22:59:00,1.76,41.2,4.69,normal
2026-01-01 23:00:00,1.81,43.1,4.79,normal
2026-01-01 23:01:00,1.75,35.2,4.03,normal
2026-01-01 23:02:00,1.77,38.7,4.56,normal
2026-01-01 23:03:00,1.74,38.8,4.97,normal
2026-01-01 23:04:00,1.71,37.1,4.94,normal
2026-01-01 23:05:00,1.65,40.3,4.57,normal
2026-01-01 23:06:00,1.56,39.2,4.7,normal
2026-01-01 23:07:00,1.79,38.3,4.23,normal
2026-01-01 23:08:00,1.61,41.0,4.62,normal
2026-01-01 23:09:00,1.65,41.5,4.52,normal
2026-01-01 23:10:00,1.39,38.6,4.57,normal
2026-01-01 23:11:00,1.5,38.6,4.82,normal
2026-01-01 23:12:00,1.69,39.8,5.15,normal
2026-01-01 23:13:00,1.63,39.8,4.57,normal
2026-01-01 23:14:00,1.53,37.6,4.58,normal
2026-01-01 23:15:00,1.77,44.9,4.52,normal
2026-01-01 23:16:00,1.61,38.9,4.8,normal
2026-01-01 23:17:00,1.75,42.3,4.09,normal
2026-01-01 23:18:00,1.22,37.8,4.97,normal
2026-01-01 23:19:00,1.39,31.6,4.84,normal
2026-01-01 23:20:00,1.75,36.4,4.45,normal
2026-01-01 23:21:00,1.51,39.4,4.54,normal
2026-01-01 23:22:00,1.8,32.0,4.49,normal
2026-01-01 23:23:00,1.48,38.5,4.57,normal
2026-01-01 23:24:00,1.86,34.5,4.71,normal
2026-01-01 23:25:00,1.81,43.8,4.58,normal
2026-01-01 23:26:00,1.77,34.6,4.11,normal
2026-01-01 23:27:00,1.87,39.1,5.0,normal
2026-01-01 23:28:00,1.43,40.5,5.17,normal
2026-01-01 23:29:00,1.79,39.9,4.71,normal
2026-01-01 23:30:00,1.39,42.6,4.55,normal
2026-01-01 23:31:00,1.81,35.3,4.41,normal
2026-01-01 23:32:00,1.99,38.3,5.07,normal
2026-01-01 23:33:00,1.69,34.6,4.93,normal
2026-01-01 23:34:00,1.59,40.9,4.71,normal
2026-01-01 23:35:00,1.4,39.6,5.26,normal
2026-01-01 23:36:00,1.81,39.1,4.98,normal
2026-01-01 23:37:00,1.75,39.7,4.44,normal
2026-01-01 23:38:00,1.76,41.8,4.5,normal
2026-01-01 23:39:00,1.99,39.0,4.49,normal
2026-01-01 23:40:00,1.91,38.5,4.9,normal
2026-01-01 23:41:00,1.65,39.1,4.83,normal
2026-01-01 23:42:00,1.77,34.3,4.43,normal
2026-01-01 23:43:00,1.9,38.9,4.58,normal
2026-01-01 23:44:00,1.44,36.6,4.21,normal
2026-01-01 23:45:00,1.69,37.8,4.47,normal
2026-01-01 23:46:00,1.7,40.2,5.24,normal
2026-01-01 23:47:00,1.41,42.2,4.96,normal
2026-01-01 23:48:00,1.56,39.8,4.6,normal
2026-01-01 23:49:00,1.75,43.1,4.87,normal
2026-01-01 23:50:00,1.82,38.2,4.34,normal
2026-01-01 23:51:00,1.67,42.3,4.33,normal
2026-01-01 23:52:00,1.51,39.6,4.47,normal
2026-01-01 23:53:00,1.56,38.3,4.38,normal
2026-01-01 23:54:00,1.52,41.1,4.39,normal
2026-01-01 23:55:00,1.4,37.8,4.9,normal
2026-01-01 23:56:00,1.68,38.2,4.73,normal
2026-01-01 23:57:00,1.37,40.6,4.81,normal
2026-01-01 23:58:00,1.64,41.9,4.44,normal
2026-01-01 23:59:00,1.95,39.7,4.64,normal
2026-01-02 00:00:00,1.72,39.1,5.03,normal
2026-01-02 00:01:00,1.51,37.5,4.98,normal
2026-01-02 00:02:00,1.6,41.6,5.15,normal
2026-01-02 00:03:00,1.64,41.1,4.43,normal
2026-01-02 00:04:00,1.87,39.9,4.84,normal
2026-01-02 00:05:00,1.59,35.2,4.85,normal
2026-01-02 00:06:00,1.31,38.6,4.96,normal
2026-01-02 00:07:00,1.76,44.3,4.98,normal
2026-01-02 00:08:00,1.59,39.5,4.71,normal
2026-01-02 00:09:00,1.41,37.1,4.58,normal
2026-01-02 00:10:00,1.32,39.5,4.66,normal
2026-01-02 00:11:00,1.39,40.4,4.9,normal
2026-01-02 00:12:00,1.77,38.6,4.87,normal
2026-01-02 00:13:00,1.86,40.2,4.52,normal
2026-01-02 00:14:00,1.78,42.4,4.58,normal
2026-01-02 00:15:00,2.15,38.1,4.74,normal
2026-01-02 00:16:00,1.59,40.0,4.29,normal
2026-01-02 00:17:00,1.62,36.7,4.76,normal
2026-01-02 00:18:00,1.93,41.1,4.14,normal
2026-01-02 00:19:00,2.14,40.2,4.54,normal
2026-01-02 00:20:00,1.76,39.9,4.56,normal
2026-01-02 00:21:00,1.77,38.0,4.63,normal
2026-01-02 00:22:00,1.59,35.9,4.77,normal
2026-01-02 00:23:00,1.85,40.8,4.94,normal
2026-01-02 00:24:00,1.8,38.2,4.94,normal
2026-01-02 00:25:00,1.46,37.3,4.49,normal
2026-01-02 00:26:00,1.95,41.9,4.85,normal
2026-01-02 00:27:00,1.95,37.3,4.82,normal
2026-01-02 00:28:00,1.71,41.7,4.71,normal
2026-01-02 00:29:00,1.66,40.9,4.95,normal
2026-01-02 00:30:00,1.6,39.4,4.47,normal
2026-01-02 00:31:00,1.24,40.1,4.89,normal
2026-01-02 00:32:00,1.79,34.7,4.65,normal
2026-01-02 00:33:00,1.29,43.0,4.47,normal
2026-01-02 00:34:00,1.99,41.9,4.51,normal
2026-01-02 00:35:00,1.51,40.5,4.53,normal
2026-01-02 00:36:00,1.76,38.4,4.29,normal
2026-01-02 00:37:00,1.29,40.2,4.6,normal
2026-01-02 00:38:00,1.63,41.3,5.03,normal
2026-01-02 00:39:00,1.69,38.8,4.86,normal
2026-01-02 00:40:00,1.47,40.2,4.88,normal
2026-01-02 00:41:00,1.88,34.8,4.55,normal
2026-01-02 00:42:00,1.57,39.9,4.86,normal
2026-01-02 00:43:00,2.04,38.4,4.62,normal
2026-01-02 00:44:00,1.97,40.4,5.06,normal
2026-01-02 00:45:00,1.8,36.8,4.41,normal
2026-01-02 00:46:00,1.43,41.3,5.04,normal
2026-01-02 00:47:00,2.11,41.8,5.03,normal
2026-01-02 00:48:00,1.63,36.8,4.96,normal
2026-01-02 00:49:00,1.83,39.9,4.84,normal
2026-01-02 00:50:00,1.81,42.9,5.07,normal
2026-01-02 00:51:00,1.85,41.8,4.87,normal
2026-01-02 00:52:00,1.65,41.6,4.4,normal
2026-01-02 00:53:00,1.96,36.7,4.82,normal
2026-01-02 00:54:00,1.58,41.1,4.74,normal
2026-01-02 00:55:00,1.43,40.8,4.6,normal
2026-01-02 00:56:00,1.92,39.7,4.85,normal
2026-01-02 00:57:00,1.56,38.3,4.63,normal
2026-01-02 00:58:00,1.92,43.9,4.55,normal
2026-01-02 00:59:00,1.96,34.3,4.45,normal
2026-01-02 01:00:00,1.56,36.4,4.35,normal
2026-01-02 01:01:00,1.83,39.2,4.85,normal
2026-01-02 01:02:00,1.89,40.4,4.92,normal
2026-01-02 01:03:00,1.74,36.8,5.02,normal
2026-01-02 01:04:00,1.63,37.4,4.71,normal
2026-01-02 01:05:00,1.57,38.7,4.84,normal
2026-01-02 01:06:00,1.82,37.5,4.63,normal
2026-01-02 01:07:00,1.97,41.0,5.27,normal
2026-01-02 01:08:00,1.99,42.7,4.41,normal
2026-01-02 01:09:00,1.91,39.7,4.62,normal
2026-01-02 01:10:00,1.79,42.2,4.88,normal
2026-01-02 01:11:00,1.58,41.7,4.6,normal
2026-01-02 01:12:00,1.8,39.1,4.7,normal
2026-01-02 01:13:00,1.91,37.2,5.24,normal
2026-01-02 01:14:00,1.39,38.3,4.85,normal
2026-01-02 01:15:00,1.87,39.6,4.74,normal
2026-01-02 01:16:00,1.84,39.3,5.11,normal
2026-01-02 01:17:00,1.93,42.0,4.52,normal
2026-01-02 01:18:00,1.74,39.1,4.51,normal
2026-01-02 01:19:00,1.83,38.5,4.92,normal
2026-01-02 01:20:00,1.55,44.2,4.54,normal
2026-01-02 01:21:00,1.8,41.9,4.62,normal
2026-01-02 01:22:00,1.93,36.8,5.12,normal
2026-01-02 01:23:00,1.76,38.4,4.69,normal
2026-01-02 01:24:00,1.92,38.4,4.57,normal
2026-01-02 01:25:00,1.72,37.0,5.22,normal
2026-01-02 01:26:00,1.65,42.0,4.82,normal
2026-01-02 01:27:00,1.57,39.9,4.96,normal
2026-01-02 01:28:00,1.73,42.9,5.02,normal
2026-01-02 01:29:00,1.95,38.8,4.49,normal
2026-01-02 01:30:00,1.64,40.4,4.9,normal
2026-01-02 01:31:00,1.33,39.9,4.81,normal
2026-01-02 01:32:00,1.71,43.2,4.87,normal
2026-01-02 01:33:00,2.03,39.4,5.0,normal
2026-01-02 01:34:00,2.09,43.3,4.49,normal
2026-01-02 01:35:00,1.72,39.1,4.89,normal
2026-01-02 01:36:00,1.91,37.9,4.79,normal
2026-01-02 01:37:00,1.36,43.6,4.64,normal
2026-01-02 01:38:00,1.78,39.2,5.06,normal
2026-01-02 01:39:00,1.2,40.0,4.74,normal
2026-01-02 01:40:00,1.68,44.3,4.55,normal
2026-01-02 01:41:00,1.92,40.9,5.09,normal
2026-01-02 01:42:00,1.64,38.2,5.05,normal
2026-01-02 01:43:00,1.86,36.2,4.64,normal
2026-01-02 01:44:00,1.85,42.1,4.6,normal
2026-01-02 01:45:00,1.19,41.4,4.47,normal
2026-01-02 01:46:00,1.37,33.0,4.98,normal
2026-01-02 01:47:00,1.8,39.5,5.12,normal
2026-01-02 01:48:00,1.9,44.1,4.43,normal
2026-01-02 01:49:00,1.77,36.0,4.72,normal
2026-01-02 01:50:00,1.73,41.6,4.79,normal
2026-01-02 01:51:00,1.9,41.8,5.31,normal
2026-01-02 01:52:00,1.71,37.7,4.84,normal
2026-01-02 01:53:00,1.62,43.8,4.71,normal
2026-01-02 01:54:00,1.66,38.9,4.96,normal
2026-01-02 01:55:00,1.75,38.5,5.19,normal
2026-01-02 01:56:00,1.61,40.2,4.94,normal
2026-01-02 01:57:00,1.45,41.3,4.51,normal
2026-01-02 01:58:00,1.94,37.7,4.95,normal
2026-01-02 01:59:00,2.0,42.3,4.84,normal
2026-01-02 02:00:00,1.73,38.7,5.15,normal
2026-01-02 02:01:00,1.64,37.6,4.95,normal
2026-01-02 02:02:00,1.62,37.8,4.42,normal
2026-01-02 02:03:00,1.68,40.0,4.84,normal
2026-01-02 02:04:00,1.97,41.5,4.73,normal
2026-01-02 02:05:00,1.74,41.4,5.1,normal
2026-01-02 02:06:00,1.81,39.0,4.53,normal
2026-01-02 02:07:00,1.49,41.9,4.93,normal
2026-01-02 02:08:00,1.9,39.9,5.14,normal
2026-01-02 02:09:00,1.69,42.6,4.77,normal
2026-01-02 02:10:00,1.66,41.7,4.89,normal
2026-01-02 02:11:00,1.86,40.4,4.78,normal
2026-01-02 02:12:00,2.26,43.2,4.97,normal
2026-01-02 02:13:00,1.81,42.7,4.92,normal
2026-01-02 02:14:00,1.79,39.5,4.77,normal
2026-01-02 02:15:00,1.15,40.8,4.67,normal
2026-01-02 02:16:00,2.11,40.3,4.49,normal
2026-01-02 02:17:00,1.78,37.6,4.91,normal
2026-01-02 02:18:00,1.85,42.7,4.59,normal
2026-01-02 02:19:00,1.8,36.9,4.96,normal
2026-01-02 02:20:00,1.89,41.5,4.79,normal
2026-01-02 02:21:00,1.87,44.3,4.72,normal
2026-01-02 02:22:00,1.82,37.6,4.57,normal
2026-01-02 02:23:00,1.81,43.1,4.73,normal
2026-01-02 02:24:00,1.74,39.3,4.66,normal
2026-01-02 02:25:00,1.85,36.6,5.11,normal
2026-01-02 02:26:00,1.66,42.1,4.48,normal
2026-01-02 02:27:00,1.93,42.0,4.89,normal
2026-01-02 02:28:00,1.6,40.9,4.5,normal
2026-01-02 02:29:00,1.74,42.9,4.99,normal
2026-01-02 02:30:00,1.8,37.9,4.96,normal
2026-01-02 02:31:00,1.8,34.5,4.99,normal
2026-01-02 02:32:00,1.79,43.4,4.52,normal
2026-01-02 02:33:00,1.16,41.1,4.87,normal
2026-01-02 02:34:00,1.46,37.9,5.49,normal
2026-01-02 02:35:00,1.74,42.2,4.63,normal
2026-01-02 02:36:00,1.38,39.9,4.73,normal
2026-01-02 02:37:00,1.72,40.1,4.86,normal
2026-01-02 02:38:00,1.77,37.2,4.92,normal
2026-01-02 02:39:00,1.41,35.3,4.98,normal
2026-01-02 02:40:00,1.9,40.3,4.45,normal
2026-01-02 02:41:00,1.66,39.8,4.4,normal
2026-01-02 02:42:00,1.65,42.0,5.16,normal
2026-01-02 02:43:00,1.72,42.3,4.32,normal
2026-01-02 02:44:00,1.93,38.4,4.88,normal
2026-01-02 02:45:00,1.75,43.7,4.58,normal
2026-01-02 02:46:00,1.93,39.7,4.76,normal
2026-01-02 02:47:00,1.77,38.3,4.8,normal
2026-01-02 02:48:00,1.79,41.1,4.83,normal
2026-01-02 02:49:00,1.96,42.8,4.54,normal
2026-01-02 02:50:00,1.98,37.5,4.95,normal
2026-01-02 02:51:00,1.93,35.7,4.83,normal
2026-01-02 02:52:00,1.71,38.6,5.14,normal
2026-01-02 02:53:00,1.68,38.5,4.83,normal
2026-01-02 02:54:00,1.94,40.1,5.1,normal
2026-01-02 02:55:00,1.91,35.1,4.68,normal
2026-01-02 02:56:00,1.7,41.7,4.15,normal
2026-01-02 02:57:00,2.32,41.8,4.85,normal
2026-01-02 02:58:00,2.05,46.4,5.03,normal
2026-01-02 02:59:00,2.0,40.9,4.77,normal
2026-01-02 03:00:00,1.71,38.5,4.64,normal
2026-01-02 03:01:00,1.54,40.3,4.39,normal
2026-01-02 03:02:00,1.85,40.5,4.85,normal
2026-01-02 03:03:00,1.71,48.2,5.15,normal
2026-01-02 03:04:00,1.56,41.1,4.66,normal
2026-01-02 03:05:00,1.61,37.2,4.92,normal
2026-01-02 03:06:00,1.68,43.0,5.06,normal
2026-01-02 03:07:00,2.09,38.4,4.93,normal
2026-01-02 03:08:00,1.94,39.4,4.62,normal
2026-01-02 03:09:00,2.14,41.2,4.97,normal
2026-01-02 03:10:00,1.65,37.5,4.67,normal
2026-01-02 03:11:00,1.79,37.9,4.81,normal
2026-01-02 03:12:00,1.48,37.8,4.98,normal
2026-01-02 03:13:00,1.94,39.6,4.56,normal
2026-01-02 03:14:00,1.61,39.7,4.98,normal
2026-01-02 03:15:00,2.0,39.4,4.53,normal
2026-01-02 03:16:00,1.87,38.6,4.69,normal
2026-01-02 03:17:00,2.08,42.7,4.86,normal
2026-01-02 03:18:00,1.56,41.2,5.08,normal
2026-01-02 03:19:00,1.74,44.0,5.14,normal
2026-01-02 03:20:00,2.15,41.4,4.97,normal
2026-01-02 03:21:00,2.1,41.8,4.7,normal
2026-01-02 03:22:00,1.73,41.3,4.5,normal
2026-01-02 03:23:00,1.79,43.4,4.27,normal
2026-01-02 03:24:00,2.13,43.5,4.71,normal
2026-01-02 03:25:00,1.93,40.7,5.13,normal
2026-01-02 03:26:00,2.02,37.2,4.97,normal
2026-01-02 03:27:00,1.78,40.9,4.64,normal
2026-01-02 03:28:00,2.17,43.3,4.64,normal
2026-01-02 03:29:00,1.56,39.8,4.93,normal
2026-01-02 03:30:00,1.87,43.9,5.02,normal
2026-01-02 03:31:00,2.02,41.5,4.48,normal
2026-01-02 03:32:00,1.79,43.4,4.81,normal
2026-01-02 03:33:00,1.93,39.9,4.57,normal
2026-01-02 03:34:00,1.8,41.5,4.66,normal
2026-01-02 03:35:00,1.78,38.4,5.11,normal
2026-01-02 03:36:00,1.77,44.4,5.21,normal
2026-01-02 03:37:00,1.81,38.3,4.31,normal
2026-01-02 03:38:00,1.53,37.3,5.17,normal
2026-01-02 03:39:00,1.85,41.8,4.27,normal
2026-01-02 03:40:00,1.59,43.0,4.9,normal
2026-01-02 03:41:00,1.8,42.2,5.24,normal
2026-01-02 03:42:00,1.79,41.0,4.88,normal
2026-01-02 03:43:00,2.31,35.6,5.0,normal
2026-01-02 03:44:00,1.81,42.2,4.67,normal
2026-01-02 03:45:00,1.82,42.6,5.61,normal
2026-01-02 03:46:00,1.99,38.7,4.73,normal
2026-01-02 03:47:00,1.74,36.3,4.75,normal
2026-01-02 03:48:00,1.98,37.7,5.1,normal
2026-01-02 03:49:00,1.93,39.0,4.8,normal
2026-01-02 03:50:00,2.15,42.7,4.84,normal
2026-01-02 03:51:00,1.79,41.1,4.71,normal
2026-01-02 03:52:00,1.42,46.0,4.87,normal
2026-01-02 03:53:00,1.92,40.7,4.65,normal
2026-01-02 03:54:00,1.8,36.9,5.41,normal
2026-01-02 03:55:00,1.59,38.3,4.73,normal
2026-01-02 03:56:00,2.1,40.9,4.53,normal
2026-01-02 03:57:00,2.09,42.7,4.97,normal
2026-01-02 03:58:00,1.98,46.9,5.39,normal
2026-01-02 03:59:00,1.7,45.0,4.94,normal
2026-01-02 04:00:00,1.94,36.7,4.8,normal
2026-01-02 04:01:00,1.68,43.0,5.11,normal
2026-01-02 04:02:00,1.43,40.9,5.12,normal
2026-01-02 04:03:00,1.8,42.8,4.93,normal
2026-01-02 04:04:00,1.91,40.3,4.54,normal
2026-01-02 04:05:00,1.62,42.7,4.85,normal
2026-01-02 04:06:00,1.82,39.9,4.77,normal
2026-01-02 04:07:00,2.05,40.1,4.51,normal
2026-01-02 04:08:00,1.99,40.5,4.85,normal
2026-01-02 04:09:00,2.17,40.9,4.92,normal
2026-01-02 04:10:00,1.61,40.4,5.0,normal
2026-01-02 04:11:00,1.53,41.5,4.87,normal
2026-01-02 04:12:00,1.85,43.6,4.93,normal
2026-01-02 04:13:00,2.14,38.5,4.88,normal
2026-01-02 04:14:00,1.86,38.3,5.09,normal
2026-01-02 04:15:00,2.31,41.0,4.97,normal
2026-01-02 04:16:00,1.86,39.2,4.39,normal
2026-01-02 04:17:00,1.71,37.6,5.27,normal
2026-01-02 04:18:00,1.83,40.2,5.07,normal
2026-01-02 04:19:00,1.63,39.1,4.87,normal
2026-01-02 04:20:00,2.06,42.3,4.91,normal
2026-01-02 04:21:00,1.87,42.1,4.9,normal
2026-01-02 04:22:00,1.65,41.2,4.58,normal
2026-01-02 04:23:00,1.87,39.9,5.49,normal
2026-01-02 04:24:00,1.84,37.6,4.82,normal
2026-01-02 04:25:00,1.96,45.3,4.71,normal
2026-01-02 04:26:00,1.54,43.1,4.51,normal
2026-01-02 04:27:00,1.77,40.5,4.84,normal
2026-01-02 04:28:00,1.99,39.4,4.79,normal
2026-01-02 04:29:00,1.85,41.5,4.88,normal
2026-01-02 04:30:00,1.94,43.2,4.95,normal
2026-01-02 04:31:00,1.95,37.2,4.87,normal
2026-01-02 04:32:00,1.95,43.0,4.68,normal
2026-01-02 04:33:00,1.72,39.7,4.99,normal
2026-01-02 04:34:00,2.06,40.1,5.08,normal
2026-01-02 04:35:00,1.88,40.8,4.8,normal
2026-01-02 04:36:00,2.01,42.0,5.43,normal
2026-01-02 04:37:00,1.69,42.5,4.73,normal
2026-01-02 04:38:00,1.69,41.1,4.89,normal
2026-01-02 04:39:00,2.44,40.7,4.58,normal
2026-01-02 04:40:00,1.91,36.0,4.84,normal
2026-01-02 04:41:00,1.86,43.2,5.1,normal
2026-01-02 04:42:00,1.76,40.8,4.67,normal
2026-01-02 04:43:00,1.64,42.0,4.54,normal
2026-01-02 04:44:00,1.78,38.7,5.0,normal
2026-01-02 04:45:00,2.22,38.0,4.4,normal
2026-01-02 04:46:00,1.84,41.3,4.92,normal
2026-01-02 04:47:00,1.77,40.7,4.96,normal
2026-01-02 04:48:00,2.07,36.3,4.77,normal
2026-01-02 04:49:00,1.91,38.9,5.3,normal
2026-01-02 04:50:00,1.74,41.1,5.0,normal
2026-01-02 04:51:00,1.75,36.6,4.76,normal
2026-01-02 04:52:00,2.07,40.4,4.65,normal
2026-01-02 04:53:00,2.05,40.4,4.74,normal
2026-01-02 04:54:00,1.9,43.2,5.46,normal
2026-01-02 04:55:00,2.03,44.2,4.74,normal
2026-01-02 04:56:00,1.66,41.4,4.89,normal
2026-01-02 04:57:00,1.65,40.9,4.97,normal
2026-01-02 04:58:00,1.94,42.6,4.94,normal
2026-01-02 04:59:00,1.77,40.0,4.57,normal
2026-01-02 05:00:00,2.23,41.3,4.81,normal
2026-01-02 05:01:00,1.68,48.7,4.6,normal
2026-01-02 05:02:00,1.79,42.4,5.02,normal
2026-01-02 05:03:00,2.06,45.8,5.0,normal
2026-01-02 05:04:00,1.66,40.7,4.95,normal
2026-01-02 05:05:00,2.29,37.8,5.17,normal
2026-01-02 05:06:00,1.91,43.4,4.85,normal
2026-01-02 05:07:00,1.71,43.2,5.04,normal
2026-01-02 05:08:00,2.07,41.3,4.72,normal
2026-01-02 05:09:00,1.56,43.4,4.98,normal
2026-01-02 05:10:00,1.68,40.0,4.76,normal
2026-01-02 05:11:00,1.58,39.3,4.59,normal
2026-01-02 05:12:00,1.79,39.5,4.47,normal
2026-01-02 05:13:00,2.28,44.5,4.68,normal
2026-01-02 05:14:00,1.93,42.4,5.17,normal
2026-01-02 05:15:00,1.71,44.1,4.74,normal
2026-01-02 05:16:00,1.61,43.2,5.2,normal
2026-01-02 05:17:00,2.4,38.4,5.05,normal
2026-01-02 05:18:00,1.8,43.4,4.51,normal
2026-01-02 05:19:00,1.63,39.5,4.9,normal
2026-01-02 05:20:00,1.75,43.1,5.14,normal
2026-01-02 05:21:00,2.0,45.5,4.98,normal
2026-01-02 05:22:00,1.64,44.9,4.73,normal
2026-01-02 05:23:00,2.06,45.4,5.0,normal
2026-01-02 05:24:00,1.58,39.2,5.21,normal
2026-01-02 05:25:00,1.85,41.7,5.07,normal
2026-01-02 05:26:00,2.02,42.2,4.83,normal
2026-01-02 05:27:00,1.82,43.6,5.02,normal
2026-01-02 05:28:00,1.83,44.2,4.85,normal
2026-01-02 05:29:00,1.71,39.6,4.64,normal
2026-01-02 05:30:00,1.83,44.6,4.68,normal
2026-01-02 05:31:00,1.92,39.9,4.82,normal
2026-01-02 05:32:00,1.58,41.0,4.84,normal
2026-01-02 05:33:00,1.99,42.1,4.59,normal
2026-01-02 05:34:00,2.1,42.1,4.94,normal
2026-01-02 05:35:00,1.89,40.2,4.94,normal
2026-01-02 05:36:00,1.98,37.2,4.75,normal
2026-01-02 05:37:00,1.84,42.2,5.19,normal
2026-01-02 05:38:00,1.73,40.3,4.76,normal
2026-01-02 05:39:00,1.73,40.7,5.08,normal
2026-01-02 05:40:00,1.68,42.6,4.46,normal
2026-01-02 05:41:00,1.78,40.8,5.31,normal
2026-01-02 05:42:00,1.84,36.1,4.39,normal
2026-01-02 05:43:00,1.9,43.1,4.99,normal
2026-01-02 05:44:00,1.93,44.5,4.76,normal
2026-01-02 05:45:00,2.07,37.5,4.67,normal
2026-01-02 05:46:00,1.53,40.9,4.88,normal
2026-01-02 05:47:00,1.92,41.8,4.66,normal
2026-01-02 05:48:00,1.86,37.9,5.23,normal
2026-01-02 05:49:00,1.83,40.4,5.29,normal
2026-01-02 05:50:00,1.65,38.8,4.62,normal
2026-01-02 05:51:00,1.88,42.7,5.08,normal
2026-01-02 05:52:00,2.41,36.0,5.05,normal
2026-01-02 05:53:00,1.79,40.2,4.74,normal
2026-01-02 05:54:00,1.72,45.9,5.11,normal
2026-01-02 05:55:00,1.9,45.0,4.52,normal
2026-01-02 05:56:00,1.63,36.2,4.72,normal
2026-01-02 05:57:00,1.93,41.9,4.94,normal
2026-01-02 05:58:00,1.62,43.7,4.96,normal
2026-01-02 05:59:00,2.05,37.0,4.98,normal
2026-01-02 06:00:00,1.66,40.7,5.03,normal
2026-01-02 06:01:00,1.92,39.6,4.9,normal
2026-01-02 06:02:00,1.59,44.6,4.85,normal
2026-01-02 06:03:00,2.13,40.4,4.77,normal
2026-01-02 06:04:00,1.75,43.9,4.72,normal
2026-01-02 06:05:00,2.03,40.8,4.41,normal
2026-01-02 06:06:00,1.79,38.8,4.91,normal
2026-01-02 06:07:00,1.67,44.1,4.88,normal
2026-01-02 06:08:00,1.87,43.4,5.15,normal
2026-01-02 06:09:00,1.9,39.8,4.46,normal
2026-01-02 06:10:00,1.77,40.2,4.93,normal
2026-01-02 06:11:00,1.84,43.5,4.75,normal
2026-01-02 06:12:00,1.89,44.7,4.99,normal
2026-01-02 06:13:00,1.89,40.3,4.75,normal
2026-01-02 06:14:00,1.74,40.4,5.1,normal
2026-01-02 06:15:00,1.86,38.4,5.35,normal
2026-01-02 06:16:00,1.97,38.3,4.8,normal
2026-01-02 06:17:00,1.93,46.1,4.63,normal
2026-01-02 06:18:00,2.1,45.3,4.75,normal
2026-01-02 06:19:00,1.85,39.2,4.86,normal
2026-01-02 06:20:00,1.9,43.5,5.18,normal
2026-01-02 06:21:00,1.76,36.9,4.91,normal
2026-01-02 06:22:00,1.97,42.5,4.83,normal
2026-01-02 06:23:00,1.94,45.6,5.01,normal
2026-01-02 06:24:00,1.84,40.6,4.87,normal
2026-01-02 06:25:00,2.24,41.4,4.91,normal
2026-01-02 06:26:00,1.82,44.6,5.4,normal
2026-01-02 06:27:00,2.0,42.1,4.92,normal
2026-01-02 06:28:00,1.44,43.7,4.95,normal
2026-01-02 06:29:00,2.0,40.1,4.82,normal
2026-01-02 06:30:00,1.83,44.5,4.82,normal
2026-01-02 06:31:00,2.33,43.0,4.6,normal
2026-01-02 06:32:00,1.89,40.3,4.37,normal
2026-01-02 06:33:00,2.24,43.7,5.05,normal
2026-01-02 06:34:00,1.95,38.5,4.8,normal
2026-01-02 06:35:00,2.09,39.3,4.28,normal
2026-01-02 06:36:00,1.87,41.6,4.95,normal
2026-01-02 06:37:00,2.06,43.5,4.98,normal
2026-01-02 06:38:00,2.16,38.2,5.05,normal
2026-01-02 06:39:00,2.04,38.9,4.54,normal
2026-01-02 06:40:00,1.77,40.3,5.11,normal
2026-01-02 06:41:00,1.8,39.8,4.77,normal
2026-01-02 06:42:00,2.14,42.0,4.88,normal
2026-01-02 06:43:00,1.9,45.2,4.73,normal
2026-01-02 06:44:00,2.19,42.5,4.88,normal
2026-01-02 06:45:00,2.42,39.4,4.83,normal
2026-01-02 06:46:00,1.68,44.4,5.35,normal
2026-01-02 06:47:00,2.26,45.1,4.87,normal
2026-01-02 06:48:00,1.85,37.8,5.43,normal
2026-01-02 06:49:00,2.02,40.8,5.26,normal
2026-01-02 06:50:00,1.73,43.0,4.88,normal
2026-01-02 06:51:00,2.05,41.9,4.56,normal
2026-01-02 06:52:00,1.94,44.7,4.92,normal
2026-01-02 06:53:00,2.08,39.4,4.92,normal
2026-01-02 06:54:00,1.8,43.9,4.93,normal
2026-01-02 06:55:00,2.07,44.8,5.1,normal
2026-01-02 06:56:00,1.98,39.6,4.93,normal
2026-01-02 06:57:00,1.82,41.2,4.83,normal
2026-01-02 06:58:00,1.73,37.2,4.76,normal
2026-01-02 06:59:00,1.97,38.7,4.93,normal
2026-01-02 07:00:00,2.31,44.6,5.34,normal
2026-01-02 07:01:00,2.01,45.0,4.75,normal
2026-01-02 07:02:00,1.8,35.3,5.23,normal
2026-01-02 07:03:00,2.24,40.7,4.87,normal
2026-01-02 07:04:00,1.78,43.1,5.21,normal
2026-01-02 07:05:00,1.58,43.1,4.86,normal
2026-01-02 07:06:00,1.96,43.3,4.89,normal
2026-01-02 07:07:00,1.91,41.6,5.18,normal
2026-01-02 07:08:00,2.02,42.7,4.62,normal
2026-01-02 07:09:00,1.86,44.4,4.94,normal
2026-01-02 07:10:00,2.07,46.6,5.19,normal
2026-01-02 07:11:00,1.95,40.9,4.3,normal
2026-01-02 07:12:00,1.9,41.4,5.03,normal
2026-01-02 07:13:00,1.91,41.4,4.49,normal
2026-01-02 07:14:00,1.75,43.4,5.37,normal
2026-01-02 07:15:00,1.92,43.0,5.18,normal
2026-01-02 07:16:00,1.78,43.1,4.75,normal
2026-01-02 07:17:00,2.11,42.6,5.01,normal
2026-01-02 07:18:00,1.78,44.0,5.46,normal
2026-01-02 07:19:00,1.74,41.4,5.0,normal
2026-01-02 07:20:00,2.1,40.8,4.23,normal
2026-01-02 07:21:00,2.21,44.1,4.5,normal
2026-01-02 07:22:00,1.82,46.2,5.3,normal
2026-01-02 07:23:00,2.13,41.8,4.96,normal
2026-01-02 07:24:00,1.92,45.1,4.72,normal
2026-01-02 07:25:00,1.78,44.8,4.93,normal
2026-01-02 07:26:00,2.22,40.6,4.93,normal
2026-01-02 07:27:00,1.76,42.3,4.57,normal
2026-01-02 07:28:00,1.85,38.7,5.12,normal
2026-01-02 07:29:00,2.09,38.0,5.28,normal
2026-01-02 07:30:00,2.44,42.4,4.78,normal
2026-01-02 07:31:00,2.51,39.0,4.95,normal
2026-01-02 07:32:00,1.98,45.7,5.04,normal
2026-01-02 07:33:00,1.85,39.9,4.86,normal
2026-01-02 07:34:00,1.75,42.4,4.81,normal
2026-01-02 07:35:00,1.65,45.5,4.82,normal
2026-01-02 07:36:00,1.69,41.9,4.97,normal
2026-01-02 07:37:00,1.6,43.2,4.69,normal
2026-01-02 07:38:00,2.29,43.6,4.85,normal
2026-01-02 07:39:00,1.8,42.1,5.1,normal
2026-01-02 07:40:00,1.94,41.8,4.96,normal
2026-01-02 07:41:00,1.83,41.5,4.43,normal
2026-01-02 07:42:00,2.15,43.1,4.76,normal
2026-01-02 07:43:00,2.33,42.6,4.69,normal
2026-01-02 07:44:00,2.12,43.4,5.05,normal
2026-01-02 07:45:00,1.87,43.5,4.89,normal
2026-01-02 07:46:00,2.06,37.6,4.84,normal
2026-01-02 07:47:00,2.3,40.5,4.8,normal
2026-01-02 07:48:00,1.86,39.4,4.4,normal
2026-01-02 07:49:00,1.91,42.7,4.94,normal
2026-01-02 07:50:00,1.93,42.5,5.21,normal
2026-01-02 07:51:00,1.92,41.0,4.89,normal
2026-01-02 07:52:00,2.07,46.0,4.8,normal
2026-01-02 07:53:00,1.98,43.3,4.71,normal
2026-01-02 07:54:00,1.96,38.8,4.51,normal
2026-01-02 07:55:00,2.03,41.5,5.01,normal
2026-01-02 07:56:00,1.95,40.0,4.95,normal
2026-01-02 07:57:00,1.71,45.9,4.62,normal
2026-01-02 07:58:00,1.92,39.9,5.1,normal
2026-01-02 07:59:00,1.89,41.2,5.17,normal
2026-01-02 08:00:00,1.97,43.8,4.71,normal
2026-01-02 08:01:00,1.68,42.8,4.88,normal
2026-01-02 08:02:00,2.09,42.3,5.01,normal
2026-01-02 08:03:00,1.64,47.2,4.92,normal
2026-01-02 08:04:00,2.1,40.4,5.04,normal
2026-01-02 08:05:00,1.7,43.6,4.87,normal
2026-01-02 08:06:00,1.97,44.3,4.65,normal
2026-01-02 08:07:00,1.83,43.7,5.49,normal
2026-01-02 08:08:00,1.94,44.0,4.94,normal
2026-01-02 08:09:00,2.35,38.2,4.99,normal
2026-01-02 08:10:00,1.64,36.3,5.04,normal
2026-01-02 08:11:00,1.99,41.8,4.94,normal
2026-01-02 08:12:00,2.59,41.9,5.09,normal
2026-01-02 08:13:00,1.84,43.3,4.91,normal
2026-01-02 08:14:00,1.88,47.1,5.26,normal
2026-01-02 08:15:00,1.99,36.8,4.88,normal
2026-01-02 08:16:00,2.51,42.0,5.24,normal
2026-01-02 08:17:00,2.26,43.1,4.76,normal
2026-01-02 08:18:00,1.48,44.3,4.77,normal
2026-01-02 08:19:00,2.0,39.5,4.9,normal
2026-01-02 08:20:00,1.98,43.3,4.69,normal
2026-01-02 08:21:00,2.21,41.1,4.55,normal
2026-01-02 08:22:00,1.95,42.7,5.01,normal
2026-01-02 08:23:00,2.24,42.0,4.94,normal
2026-01-02 08:24:00,1.75,44.7,5.02,normal
2026-01-02 08:25:00,1.89,37.9,5.33,normal
2026-01-02 08:26:00,1.73,41.2,5.06,normal
2026-01-02 08:27:00,1.73,38.9,4.44,normal
2026-01-02 08:28:00,2.12,41.3,5.71,normal
2026-01-02 08:29:00,1.78,40.4,4.83,normal
2026-01-02 08:30:00,2.02,41.5,5.13,normal
2026-01-02 08:31:00,1.78,39.2,4.53,normal
2026-01-02 08:32:00,1.53,41.4,4.9,normal
2026-01-02 08:33:00,1.85,45.8,5.28,normal
2026-01-02 08:34:00,1.91,38.2,4.84,normal
2026-01-02 08:35:00,1.86,41.1,4.8,normal
2026-01-02 08:36:00,1.85,41.7,4.82,normal
2026-01-02 08:37:00,2.02,43.6,4.75,normal
2026-01-02 08:38:00,2.23,40.3,4.57,normal
2026-01-02 08:39:00,2.06,40.7,5.06,normal
2026-01-02 08:40:00,1.5,46.2,5.15,normal
2026-01-02 08:41:00,1.68,39.1,5.4,normal
2026-01-02 08:42:00,1.83,40.7,4.41,normal
2026-01-02 08:43:00,1.91,42.2,5.16,normal
2026-01-02 08:44:00,1.7,39.0,5.09,normal
2026-01-02 08:45:00,2.18,38.8,5.25,normal
2026-01-02 08:46:00,1.99,45.5,4.97,normal
2026-01-02 08:47:00,1.48,42.4,5.25,normal
2026-01-02 08:48:00,1.81,41.8,4.94,normal
2026-01-02 08:49:00,1.4,47.0,4.76,normal
2026-01-02 08:50:00,2.09,42.6,5.3,normal
2026-01-02 08:51:00,2.07,42.2,4.76,normal
2026-01-02 08:52:00,2.15,38.1,5.15,normal
2026-01-02 08:53:00,1.77,46.0,5.03,normal
2026-01-02 08:54:00,2.12,43.0,4.55,normal
2026-01-02 08:55:00,1.82,44.5,5.03,normal
2026-01-02 08:56:00,2.22,43.9,4.75,normal
2026-01-02 08:57:00,1.83,43.1,4.41,normal
2026-01-02 08:58:00,2.32,44.0,5.3,normal
2026-01-02 08:59:00,1.67,46.0,5.55,normal
2026-01-02 09:00:00,1.73,44.8,4.99,normal
2026-01-02 09:01:00,1.68,44.1,5.2,normal
2026-01-02 09:02:00,1.87,45.8,4.57,normal
2026-01-02 09:03:00,1.69,43.2,5.0,normal
2026-01-02 09:04:00,1.85,44.9,5.12,normal
2026-01-02 09:05:00,2.16,42.6,5.14,normal
2026-01-02 09:06:00,1.9,48.0,4.79,normal
2026-01-02 09:07:00,2.41,43.0,4.65,normal
2026-01-02 09:08:00,2.27,43.2,5.21,normal
2026-01-02 09:09:00,2.24,43.8,4.85,normal
2026-01-02 09:10:00,2.19,42.9,5.17,normal
2026-01-02 09:11:00,1.56,44.1,4.84,normal
2026-01-02 09:12:00,2.33,44.5,5.06,normal
2026-01-02 09:13:00,2.09,40.5,5.4,normal
2026-01-02 09:14:00,2.4,43.9,5.39,normal
2026-01-02 09:15:00,1.88,41.0,5.01,normal
2026-01-02 09:16:00,2.09,42.0,5.13,normal
2026-01-02 09:17:00,2.06,40.5,5.13,normal
2026-01-02 09:18:00,2.17,43.4,5.29,normal
2026-01-02 09:19:00,1.76,44.2,4.71,normal
2026-01-02 09:20:00,1.78,41.4,4.76,normal
2026-01-02 09:21:00,1.89,42.5,5.21,normal
2026-01-02 09:22:00,1.94,39.1,5.29,normal
2026-01-02 09:23:00,1.83,42.9,5.11,normal
2026-01-02 09:24:00,2.04,45.8,5.12,normal
2026-01-02 09:25:00,1.83,48.5,5.05,normal
2026-01-02 09:26:00,1.97,45.5,5.07,normal
2026-01-02 09:27:00,2.08,49.3,4.93,normal
2026-01-02 09:28:00,1.94,43.3,5.27,normal
2026-01-02 09:29:00,1.7,38.1,4.86,normal
2026-01-02 09:30:00,1.68,42.0,5.13,normal
2026-01-02 09:31:00,1.83,39.5,5.02,normal
2026-01-02 09:32:00,2.18,38.8,5.21,normal
2026-01-02 09:33:00,2.17,45.5,5.31,normal
2026-01-02 09:34:00,2.45,42.2,5.03,normal
2026-01-02 09:35:00,1.92,43.1,5.39,normal
2026-01-02 09:36:00,1.74,41.0,5.35,normal
2026-01-02 09:37:00,2.21,42.2,5.22,normal
2026-01-02 09:38:00,2.08,46.9,5.03,normal
2026-01-02 09:39:00,2.21,49.7,5.16,normal
2026-01-02 09:40:00,2.02,44.9,4.92,normal
2026-01-02 09:41:00,2.49,43.6,4.94,normal
2026-01-02 09:42:00,1.84,45.9,5.23,normal
2026-01-02 09:43:00,1.91,44.6,4.63,normal
2026-01-02 09:44:00,2.05,44.3,5.44,normal
2026-01-02 09:45:00,1.86,40.0,4.79,normal
2026-01-02 09:46:00,1.75,46.5,5.4,normal
2026-01-02 09:47:00,2.08,46.2,5.05,normal
2026-01-02 09:48:00,2.0,42.4,4.94,normal
2026-01-02 09:49:00,1.71,43.9,5.0,normal
2026-01-02 09:50:00,2.16,43.4,4.97,normal
2026-01-02 09:51:00,1.84,43.4,5.2,normal
2026-01-02 09:52:00,1.79,43.4,5.07,normal
2026-01-02 09:53:00,1.87,41.7,5.07,normal
2026-01-02 09:54:00,1.79,44.1,4.79,normal
2026-01-02 09:55:00,2.23,49.1,4.8,normal
2026-01-02 09:56:00,2.12,41.4,5.28,normal
2026-01-02 09:57:00,1.77,44.4,4.8,normal
2026-01-02 09:58:00,1.98,40.7,5.22,normal
2026-01-02 09:59:00,1.85,44.6,4.93,normal
2026-01-02 10:00:00,2.0,43.6,4.83,normal
2026-01-02 10:01:00,2.06,47.1,4.83,normal
2026-01-02 10:02:00,2.26,47.0,4.82,normal
2026-01-02 10:03:00,1.73,44.0,4.88,normal
2026-01-02 10:04:00,2.4,43.4,4.82,normal
2026-01-02 10:05:00,1.79,46.0,4.88,normal
2026-01-02 10:06:00,2.03,45.7,4.9,normal
2026-01-02 10:07:00,2.01,43.3,5.19,normal
2026-01-02 10:08:00,2.14,42.8,5.04,normal
2026-01-02 10:09:00,1.95,39.6,5.09,normal
2026-01-02 10:10:00,2.4,41.1,4.83,normal
2026-01-02 10:11:00,1.85,45.1,5.14,normal
2026-01-02 10:12:00,1.99,41.0,5.05,normal
2026-01-02 10:13:00,1.71,43.7,5.24,normal
2026-01-02 10:14:00,1.78,39.5,5.42,normal
2026-01-02 10:15:00,1.91,46.2,4.99,normal
2026-01-02 10:16:00,2.0,44.5,4.81,normal
2026-01-02 10:17:00,2.06,42.4,4.7,normal
2026-01-02 10:18:00,2.1,42.7,4.99,normal
2026-01-02 10:19:00,1.79,47.4,5.25,normal
2026-01-02 10:20:00,2.22,42.6,4.6,normal
2026-01-02 10:21:00,2.42,43.2,4.84,normal
2026-01-02 10:22:00,2.11,46.3,5.03,normal
2026-01-02 10:23:00,2.29,46.1,4.76,normal
2026-01-02 10:24:00,1.9,45.8,4.35,normal
2026-01-02 10:25:00,2.0,39.8,4.91,normal
2026-01-02 10:26:00,1.97,42.5,4.9,normal
2026-01-02 10:27:00,1.81,49.2,5.5,normal
2026-01-02 10:28:00,1.8,47.4,4.93,normal
2026-01-02 10:29:00,2.06,43.3,4.87,normal
2026-01-02 10:30:00,2.23,43.8,4.92,normal
2026-01-02 10:31:00,1.77,41.2,4.63,normal
2026-01-02 10:32:00,2.04,40.5,4.97,normal
2026-01-02 10:33:00,2.31,46.5,5.03,normal
2026-01-02 10:34:00,2.02,48.2,5.17,normal
2026-01-02 10:35:00,1.97,39.9,5.14,normal
2026-01-02 10:36:00,2.2,41.9,5.11,normal
2026-01-02 10:37:00,1.97,43.0,4.42,normal
2026-01-02 10:38:00,1.99,45.9,4.88,normal
2026-01-02 10:39:00,2.05,41.6,5.13,normal
2026-01-02 10:40:00,2.0,41.2,5.37,normal
2026-01-02 10:41:00,2.23,42.0,5.17,normal
2026-01-02 10:42:00,2.15,45.1,4.62,normal
2026-01-02 10:43:00,2.24,42.1,4.95,normal
2026-01-02 10:44:00,2.57,44.3,4.95,normal
2026-01-02 10:45:00,1.6,47.0,4.71,normal
2026-01-02 10:46:00,1.84,42.7,5.4,normal
2026-01-02 10:47:00,2.2,43.2,5.12,normal
2026-01-02 10:48:00,1.92,43.9,5.06,normal
2026-01-02 10:49:00,2.24,46.0,5.17,normal
2026-01-02 10:50:00,1.97,45.4,5.02,normal
2026-01-02 10:51:00,1.83,42.6,5.07,normal
2026-01-02 10:52:00,2.23,43.1,4.74,normal
2026-01-02 10:53:00,2.06,43.9,5.09,normal
2026-01-02 10:54:00,2.23,46.2,4.9,normal
2026-01-02 10:55:00,1.92,41.0,5.22,normal
2026-01-02 10:56:00,2.34,42.8,4.99,normal
2026-01-02 10:57:00,2.34,44.9,5.16,normal
2026-01-02 10:58:00,1.81,45.3,4.82,normal
2026-01-02 10:59:00,1.82,42.8,4.9,normal
2026-01-02 11:00:00,2.01,40.0,5.29,normal
2026-01-02 11:01:00,2.28,38.8,5.3,normal
2026-01-02 11:02:00,1.89,45.8,5.03,normal
2026-01-02 11:03:00,2.06,43.2,5.35,normal
2026-01-02 11:04:00,1.8,45.2,5.33,normal
2026-01-02 11:05:00,2.2,49.5,4.92,normal
2026-01-02 11:06:00,2.24,43.4,5.36,normal
2026-01-02 11:07:00,2.05,42.7,5.38,normal
2026-01-02 11:08:00,1.96,40.2,4.92,normal
2026-01-02 11:09:00,2.18,47.2,5.08,normal
2026-01-02 11:10:00,2.32,40.3,4.94,normal
2026-01-02 11:11:00,2.0,43.4,5.08,normal
2026-01-02 11:12:00,2.19,42.6,5.09,normal
2026-01-02 11:13:00,2.05,41.4,5.03,normal
2026-01-02 11:14:00,2.03,43.3,5.07,normal
2026-01-02 11:15:00,2.07,42.7,5.38,normal
2026-01-02 11:16:00,1.82,42.0,5.75,normal
2026-01-02 11:17:00,1.85,40.4,5.24,normal
2026-01-02 11:18:00,1.64,43.2,5.6,normal
2026-01-02 11:19:00,1.75,38.8,4.68,normal
2026-01-02 11:20:00,2.24,46.6,4.93,normal
2026-01-02 11:21:00,2.2,47.3,5.51,normal
2026-01-02 11:22:00,2.01,38.0,4.86,normal
2026-01-02 11:23:00,1.98,43.2,5.01,normal
2026-01-02 11:24:00,2.29,47.0,5.02,normal
2026-01-02 11:25:00,2.28,44.7,5.08,normal
2026-01-02 11:26:00,2.24,44.0,5.58,normal
2026-01-02 11:27:00,1.78,42.5,5.03,normal
2026-01-02 11:28:00,2.15,47.0,5.06,normal
2026-01-02 11:29:00,1.78,45.9,5.25,normal
2026-01-02 11:30:00,1.68,43.8,4.67,normal
2026-01-02 11:31:00,1.93,41.6,5.27,normal
2026-01-02 11:32:00,2.09,40.6,5.29,normal
2026-01-02 11:33:00,1.78,44.7,4.86,normal
2026-01-02 11:34:00,1.99,45.1,5.2,normal
2026-01-02 11:35:00,2.34,43.7,5.14,normal
2026-01-02 11:36:00,1.98,44.3,5.18,normal
2026-01-02 11:37:00,2.05,39.4,5.15,normal
2026-01-02 11:38:00,2.14,42.2,4.75,normal
2026-01-02 11:39:00,2.36,45.1,5.01,normal
2026-01-02 11:40:00,1.84,41.9,5.4,normal
2026-01-02 11:41:00,2.1,42.5,5.2,normal
2026-01-02 11:42:00,1.91,47.7,5.41,normal
2026-01-02 11:43:00,1.98,42.4,4.42,normal
2026-01-02 11:44:00,1.78,40.6,5.11,normal
2026-01-02 11:45:00,2.01,40.6,5.0,normal
2026-01-02 11:46:00,2.17,45.3,4.6,normal
2026-01-02 11:47:00,2.05,40.5,5.3,normal
2026-01-02 11:48:00,2.23,41.7,4.88,normal
2026-01-02 11:49:00,1.98,38.3,5.16,normal
2026-01-02 11:50:00,2.02,46.4,4.8,normal
2026-01-02 11:51:00,1.95,40.2,4.82,normal
2026-01-02 11:52:00,1.84,46.5,4.9,normal
2026-01-02 11:53:00,2.1,43.0,4.76,normal
2026-01-02 11:54:00,2.04,45.5,4.78,normal
2026-01-02 11:55:00,2.24,41.9,4.96,normal
2026-01-02 11:56:00,2.18,42.4,5.09,normal
2026-01-02 11:57:00,2.02,44.3,4.48,normal
2026-01-02 11:58:00,1.71,45.6,5.34,normal
2026-01-02 11:59:00,1.9,43.4,5.15,normal
2026-01-02 12:00:00,2.22,39.0,4.86,normal
2026-01-02 12:01:00,2.01,45.8,5.71,normal
2026-01-02 12:02:00,2.04,40.5,5.18,normal
2026-01-02 12:03:00,2.35,44.3,4.85,normal
2026-01-02 12:04:00,2.27,45.7,4.83,normal
2026-01-02 12:05:00,2.16,46.6,5.38,normal
2026-01-02 12:06:00,2.07,43.2,5.39,normal
2026-01-02 12:07:00,1.84,45.2,4.74,normal
2026-01-02 12:08:00,2.3,43.4,5.4,normal
2026-01-02 12:09:00,2.18,41.0,5.44,normal
2026-01-02 12:10:00,2.4,46.3,4.89,normal
2026-01-02 12:11:00,2.02,44.5,4.91,normal
2026-01-02 12:12:00,2.42,44.5,4.41,normal
2026-01-02 12:13:00,2.15,43.3,5.07,normal
2026-01-02 12:14:00,2.01,46.2,5.37,normal
2026-01-02 12:15:00,2.14,43.3,5.08,normal
2026-01-02 12:16:00,2.09,42.1,5.23,normal
2026-01-02 12:17:00,2.18,48.0,5.4,normal
2026-01-02 12:18:00,1.95,46.2,4.85,normal
2026-01-02 12:19:00,2.23,42.9,4.83,normal
2026-01-02 12:20:00,2.15,37.5,4.65,normal
2026-01-02 12:21:00,2.06,44.4,5.0,normal
2026-01-02 12:22:00,1.78,42.1,5.19,normal
2026-01-02 12:23:00,2.21,44.2,5.38,normal
2026-01-02 12:24:00,2.17,42.3,5.02,normal
2026-01-02 12:25:00,1.81,43.9,5.37,normal
2026-01-02 12:26:00,2.23,47.7,5.02,normal
2026-01-02 12:27:00,2.36,43.7,5.46,normal
2026-01-02 12:28:00,2.09,46.0,5.46,normal
2026-01-02 12:29:00,2.06,44.8,5.42,normal
2026-01-02 12:30:00,2.07,40.9,5.63,normal
2026-01-02 12:31:00,2.0,44.6,5.38,normal
2026-01-02 12:32:00,1.97,41.7,5.16,normal
2026-01-02 12:33:00,1.74,43.5,5.16,normal
2026-01-02 12:34:00,2.04,40.4,5.5,normal
2026-01-02 12:35:00,2.12,47.8,5.03,normal
2026-01-02 12:36:00,1.92,44.9,5.04,normal
2026-01-02 12:37:00,1.86,48.0,4.94,normal
2026-01-02 12:38:00,1.73,47.6,4.97,normal
2026-01-02 12:39:00,1.98,39.9,5.53,normal
2026-01-02 12:40:00,1.84,44.4,5.33,normal
2026-01-02 12:41:00,2.18,44.2,4.68,normal
2026-01-02 12:42:00,1.94,44.8,4.9,normal
2026-01-02 12:43:00,2.14,46.0,5.34,normal
2026-01-02 12:44:00,1.86,49.8,5.29,normal
2026-01-02 12:45:00,2.1,47.1,5.69,normal
2026-01-02 12:46:00,1.82,43.8,4.51,normal
2026-01-02 12:47:00,2.14,45.3,5.09,normal
2026-01-02 12:48:00,1.97,39.2,5.2,normal
2026-01-02 12:49:00,2.4,42.9,5.21,normal
2026-01-02 12:50:00,1.79,45.5,5.01,normal
2026-01-02 12:51:00,1.95,42.5,5.01,normal
2026-01-02 12:52:00,2.18,41.1,5.01,normal
2026-01-02 12:53:00,2.1,41.6,5.56,normal
2026-01-02 12:54:00,1.94,42.7,4.86,normal
2026-01-02 12:55:00,2.47,45.8,4.87,normal
2026-01-02 12:56:00,2.33,44.9,5.17,normal
2026-01-02 12:57:00,2.04,42.5,5.19,normal
2026-01-02 12:58:00,2.0,49.0,4.79,normal
2026-01-02 12:59:00,2.42,44.1,5.18,normal
2026-01-02 13:00:00,2.28,42.9,5.33,normal
2026-01-02 13:01:00,1.57,42.6,4.88,normal
2026-01-02 13:02:00,1.86,43.9,5.21,normal
2026-01-02 13:03:00,2.25,45.1,4.95,normal
2026-01-02 13:04:00,2.19,44.8,5.35,normal
2026-01-02 13:05:00,2.27,44.5,4.89,normal
2026-01-02 13:06:00,1.98,43.1,5.03,normal
2026-01-02 13:07:00,2.17,46.3,5.1,normal
2026-01-02 13:08:00,2.12,44.8,4.99,normal
2026-01-02 13:09:00,1.93,40.1,4.94,normal
2026-01-02 13:10:00,2.21,42.7,5.06,normal
2026-01-02 13:11:00,2.21,45.8,4.85,normal
2026-01-02 13:12:00,2.32,47.3,4.83,normal
2026-01-02 13:13:00,1.95,47.5,5.08,normal
2026-01-02 13:14:00,1.67,41.0,5.05,normal
2026-01-02 13:15:00,1.89,43.5,5.13,normal
2026-01-02 13:16:00,2.41,43.8,5.39,normal
2026-01-02 13:17:00,2.4,48.1,5.19,normal
2026-01-02 13:18:00,1.73,45.7,5.38,normal
2026-01-02 13:19:00,2.1,48.9,5.33,normal
2026-01-02 13:20:00,2.23,47.3,5.2,normal
2026-01-02 13:21:00,1.62,43.3,5.42,normal
2026-01-02 13:22:00,1.96,44.0,4.86,normal
2026-01-02 13:23:00,2.48,48.8,4.9,normal
2026-01-02 13:24:00,2.15,42.9,5.28,normal
2026-01-02 13:25:00,2.22,46.6,5.21,normal
2026-01-02 13:26:00,2.71,42.0,4.7,normal
2026-01-02 13:27:00,2.04,40.7,4.75,normal
2026-01-02 13:28:00,1.92,42.3,4.89,normal
2026-01-02 13:29:00,2.23,43.4,5.08,normal
2026-01-02 13:30:00,2.3,42.7,5.06,normal
2026-01-02 13:31:00,2.2,39.8,4.53,normal
2026-01-02 13:32:00,2.2,45.9,5.64,normal
2026-01-02 13:33:00,2.16,46.7,5.08,normal
2026-01-02 13:34:00,2.19,48.8,4.6,normal
2026-01-02 13:35:00,2.21,50.0,5.2,normal
2026-01-02 13:36:00,2.46,43.1,5.12,normal
2026-01-02 13:37:00,2.14,39.1,4.84,normal
2026-01-02 13:38:00,1.91,46.7,5.35,normal
2026-01-02 13:39:00,2.19,46.7,5.09,normal
2026-01-02 13:40:00,2.37,44.7,5.14,normal
2026-01-02 13:41:00,2.08,46.4,5.03,normal
2026-01-02 13:42:00,2.33,41.9,4.86,normal
2026-01-02 13:43:00,2.27,44.5,5.02,normal
2026-01-02 13:44:00,2.31,43.2,5.08,normal
2026-01-02 13:45:00,2.41,48.6,5.53,normal
2026-01-02 13:46:00,2.08,47.8,4.9,normal
2026-01-02 13:47:00,1.95,38.9,5.55,normal
2026-01-02 13:48:00,1.96,44.4,4.91,normal
2026-01-02 13:49:00,2.27,43.8,4.81,normal
2026-01-02 13:50:00,2.22,41.2,4.93,normal
2026-01-02 13:51:00,1.71,41.2,5.18,normal
2026-01-02 13:52:00,1.74,41.1,5.14,normal
2026-01-02 13:53:00,2.03,49.8,5.6,normal
2026-01-02 13:54:00,1.96,46.2,5.32,normal
2026-01-02 13:55:00,2.02,41.1,5.13,normal
2026-01-02 13:56:00,2.1,43.7,5.25,normal
2026-01-02 13:57:00,1.99,41.9,5.17,normal
2026-01-02 13:58:00,2.22,41.9,5.37,normal
2026-01-02 13:59:00,1.79,43.4,5.08,normal
2026-01-02 14:00:00,2.01,43.4,5.61,normal
2026-01-02 14:01:00,1.97,50.9,5.25,normal
2026-01-02 14:02:00,2.16,46.0,5.77,normal
2026-01-02 14:03:00,1.94,42.0,4.95,normal
2026-01-02 14:04:00,2.15,40.5,5.15,normal
2026-01-02 14:05:00,2.48,45.2,5.07,normal
2026-01-02 14:06:00,2.02,47.1,4.94,normal
2026-01-02 14:07:00,2.51,49.7,5.21,normal
2026-01-02 14:08:00,2.14,47.5,5.42,normal
2026-01-02 14:09:00,1.98,43.6,4.81,normal
2026-01-02 14:10:00,2.23,46.6,4.81,normal
2026-01-02 14:11:00,2.05,41.5,4.92,normal
2026-01-02 14:12:00,2.26,43.1,5.07,normal
2026-01-02 14:13:00,1.82,45.4,5.14,normal
2026-01-02 14:14:00,2.0,44.4,5.19,normal
2026-01-02 14:15:00,1.98,41.2,5.6,normal
2026-01-02 14:16:00,2.02,44.7,5.4,normal
2026-01-02 14:17:00,2.85,41.8,5.26,normal
2026-01-02 14:18:00,2.01,43.6,4.97,normal
2026-01-02 14:19:00,1.92,44.8,4.78,normal
2026-01-02 14:20:00,2.34,45.1,5.26,normal
2026-01-02 14:21:00,2.06,44.0,5.22,normal
2026-01-02 14:22:00,1.92,44.1,4.94,normal
2026-01-02 14:23:00,1.97,39.7,5.49,normal
2026-01-02 14:24:00,2.01,47.9,5.42,normal
2026-01-02 14:25:00,1.9,42.3,5.79,normal
2026-01-02 14:26:00,2.5,44.9,5.22,normal
2026-01-02 14:27:00,2.03,46.1,4.97,normal
2026-01-02 14:28:00,1.75,41.7,5.16,normal
2026-01-02 14:29:00,1.93,44.8,4.89,normal
2026-01-02 14:30:00,2.0,47.1,5.22,normal
2026-01-02 14:31:00,2.15,47.2,5.28,normal
2026-01-02 14:32:00,2.45,43.9,5.05,normal
2026-01-02 14:33:00,1.9,44.0,5.4,normal
2026-01-02 14:34:00,2.42,47.4,4.71,normal
2026-01-02 14:35:00,2.37,40.5,5.38,normal
2026-01-02 14:36:00,2.08,46.8,4.83,normal
2026-01-02 14:37:00,2.39,41.4,4.99,normal
2026-01-02 14:38:00,1.96,40.7,5.18,normal
2026-01-02 14:39:00,2.52,51.7,5.18,normal
2026-01-02 14:40:00,2.38,45.7,5.28,normal
2026-01-02 14:41:00,2.09,45.6,5.29,normal
2026-01-02 14:42:00,2.05,44.9,5.15,normal
2026-01-02 14:43:00,2.33,42.4,5.15,normal
2026-01-02 14:44:00,2.54,48.0,5.5,normal
2026-01-02 14:45:00,2.17,45.9,5.41,normal
2026-01-02 14:46:00,2.48,40.2,4.83,normal
2026-01-02 14:47:00,2.43,44.4,5.0,normal
2026-01-02 14:48:00,1.91,43.7,4.81,normal
2026-01-02 14:49:00,2.58,45.1,5.15,normal
2026-01-02 14:50:00,2.28,47.6,5.4,normal
2026-01-02 14:51:00,2.38,43.6,5.09,normal
2026-01-02 14:52:00,2.32,43.8,5.16,normal
2026-01-02 14:53:00,2.25,47.1,4.72,normal
2026-01-02 14:54:00,2.31,44.6,5.34,normal
2026-01-02 14:55:00,2.32,49.2,5.51,normal
2026-01-02 14:56:00,2.44,48.8,5.24,normal
2026-01-02 14:57:00,2.18,47.4,5.35,normal
2026-01-02 14:58:00,2.11,46.2,5.16,normal
2026-01-02 14:59:00,2.0,48.4,5.18,normal
2026-01-02 15:00:00,2.58,41.1,5.03,normal
2026-01-02 15:01:00,2.18,48.1,5.27,normal
2026-01-02 15:02:00,2.23,42.4,4.88,normal
2026-01-02 15:03:00,2.24,41.8,5.04,normal
2026-01-02 15:04:00,2.27,42.8,5.57,normal
2026-01-02 15:05:00,2.42,41.3,4.94,normal
2026-01-02 15:06:00,1.72,43.3,5.36,normal
2026-01-02 15:07:00,2.09,46.4,4.79,normal
2026-01-02 15:08:00,2.33,43.9,5.18,normal
2026-01-02 15:09:00,2.16,42.1,4.89,normal
2026-01-02 15:10:00,2.37,46.3,5.44,normal
2026-01-02 15:11:00,2.24,45.6,4.74,normal
2026-01-02 15:12:00,2.12,45.2,5.66,normal
2026-01-02 15:13:00,2.31,49.1,5.33,normal
2026-01-02 15:14:00,2.03,45.6,5.24,normal
2026-01-02 15:15:00,1.99,44.3,5.13,normal
2026-01-02 15:16:00,2.5,40.1,5.48,normal
2026-01-02 15:17:00,1.99,41.9,5.47,normal
2026-01-02 15:18:00,2.33,48.5,5.38,normal
2026-01-02 15:19:00,2.59,46.7,5.14,normal
2026-01-02 15:20:00,2.25,48.5,4.99,normal
2026-01-02 15:21:00,2.05,44.6,4.65,normal
2026-01-02 15:22:00,2.21,40.6,5.19,normal
2026-01-02 15:23:00,2.35,44.2,5.6,normal
2026-01-02 15:24:00,1.89,48.3,5.35,normal
2026-01-02 15:25:00,1.84,52.2,5.17,normal
2026-01-02 15:26:00,2.01,41.9,5.13,normal
2026-01-02 15:27:00,2.16,45.6,5.11,normal
2026-01-02 15:28:00,2.31,44.4,4.7,normal
2026-01-02 15:29:00,2.15,39.5,5.27,normal
2026-01-02 15:30:00,1.99,45.8,5.51,normal
2026-01-02 15:31:00,2.0,48.1,5.08,normal
2026-01-02 15:32:00,2.54,44.5,4.98,normal
2026-01-02 15:33:00,2.32,44.3,4.98,normal
2026-01-02 15:34:00,2.09,45.3,5.52,normal
2026-01-02 15:35:00,1.8,45.5,5.34,normal
2026-01-02 15:36:00,2.23,48.7,5.17,normal
2026-01-02 15:37:00,2.15,46.9,5.21,normal
2026-01-02 15:38:00,2.11,46.7,5.03,normal
2026-01-02 15:39:00,2.07,44.1,5.53,normal
2026-01-02 15:40:00,1.55,46.5,5.2,normal
2026-01-02 15:41:00,1.85,46.3,5.31,normal
2026-01-02 15:42:00,2.31,38.9,5.53,normal
2026-01-02 15:43:00,2.04,47.2,5.38,normal
2026-01-02 15:44:00,2.02,47.1,5.1,normal
2026-01-02 15:45:00,1.78,48.4,5.0,normal
2026-01-02 15:46:00,2.02,44.5,5.26,normal
2026-01-02 15:47:00,2.18,46.9,4.86,normal
2026-01-02 15:48:00,2.05,45.2,5.67,normal
2026-01-02 15:49:00,2.17,48.2,5.2,normal
2026-01-02 15:50:00,2.1,44.9,5.15,normal
2026-01-02 15:51:00,2.32,49.0,5.29,normal
2026-01-02 15:52:00,2.43,43.1,5.09,normal
2026-01-02 15:53:00,2.05,46.3,5.11,normal
2026-01-02 15:54:00,2.34,43.2,5.21,normal
2026-01-02 15:55:00,2.33,40.4,5.73,normal
2026-01-02 15:56:00,2.14,40.5,5.24,normal
2026-01-02 15:57:00,2.21,45.4,5.45,normal
2026-01-02 15:58:00,2.35,46.3,5.31,normal
2026-01-02 15:59:00,2.18,50.0,4.83,normal
2026-01-02 16:00:00,2.23,45.8,5.4,normal
2026-01-02 16:01:00,2.03,41.2,5.24,normal
2026-01-02 16:02:00,2.26,49.3,4.88,normal
2026-01-02 16:03:00,2.43,51.5,5.11,normal
2026-01-02 16:04:00,1.94,44.6,5.21,normal
2026-01-02 16:05:00,2.32,44.2,5.59,normal
2026-01-02 16:06:00,1.98,41.3,5.48,normal
2026-01-02 16:07:00,1.75,45.1,5.98,normal
2026-01-02 16:08:00,2.2,42.9,5.19,normal
2026-01-02 16:09:00,2.19,46.1,5.37,normal
2026-01-02 16:10:00,2.0,49.9,5.27,normal
2026-01-02 16:11:00,2.35,44.1,5.53,normal
2026-01-02 16:12:00,2.15,46.4,4.97,normal
2026-01-02 16:13:00,2.01,47.4,5.1,normal
2026-01-02 16:14:00,2.04,44.1,5.38,normal
2026-01-02 16:15:00,2.08,45.4,5.21,normal
2026-01-02 16:16:00,1.82,42.0,5.29,normal
2026-01-02 16:17:00,2.06,48.4,5.45,normal
2026-01-02 16:18:00,2.35,50.3,5.19,normal
2026-01-02 16:19:00,2.34,44.3,5.82,normal
2026-01-02 16:20:00,2.61,45.8,5.31,normal
2026-01-02 16:21:00,2.48,45.4,5.05,normal
2026-01-02 16:22:00,2.39,45.9,5.26,normal
2026-01-02 16:23:00,2.04,41.5,5.27,normal
2026-01-02 16:24:00,2.39,45.2,5.57,normal
2026-01-02 16:25:00,2.07,43.1,5.2,normal
2026-01-02 16:26:00,2.2,47.7,5.02,normal
2026-01-02 16:27:00,2.49,50.7,5.2,normal
2026-01-02 16:28:00,2.46,43.1,5.48,normal
2026-01-02 16:29:00,2.42,47.9,5.21,normal
2026-01-02 16:30:00,1.62,44.2,5.06,normal
2026-01-02 16:31:00,2.02,46.1,5.11,normal
2026-01-02 16:32:00,2.05,43.2,5.04,normal
2026-01-02 16:33:00,2.44,44.2,5.09,normal
2026-01-02 16:34:00,2.13,46.7,5.33,normal
2026-01-02 16:35:00,1.61,48.4,5.58,normal
2026-01-02 16:36:00,2.01,43.4,5.11,normal
2026-01-02 16:37:00,2.07,46.4,4.73,normal
2026-01-02 16:38:00,2.0,49.7,4.99,normal
2026-01-02 16:39:00,2.47,46.7,4.77,normal
2026-01-02 16:40:00,2.35,45.6,5.11,normal
2026-01-02 16:41:00,2.27,47.1,5.4,normal
2026-01-02 16:42:00,2.46,46.9,4.88,normal
2026-01-02 16:43:00,2.13,53.2,5.4,normal
2026-01-02 16:44:00,2.7,49.4,5.28,normal
2026-01-02 16:45:00,2.28,45.8,4.79,normal
2026-01-02 16:46:00,2.23,48.9,5.07,normal
2026-01-02 16:47:00,2.31,48.0,5.0,normal
2026-01-02 16:48:00,2.13,43.4,5.02,normal
2026-01-02 16:49:00,1.97,43.7,5.58,normal
2026-01-02 16:50:00,2.04,46.2,5.1,normal
2026-01-02 16:51:00,2.46,49.2,5.44,normal
2026-01-02 16:52:00,2.29,45.4,4.93,normal
2026-01-02 16:53:00,2.62,44.0,5.39,normal
2026-01-02 16:54:00,2.44,44.6,5.49,normal
2026-01-02 16:55:00,2.38,50.3,5.11,normal
2026-01-02 16:56:00,1.97,44.7,5.28,normal
2026-01-02 16:57:00,2.24,45.0,4.75,normal
2026-01-02 16:58:00,2.32,50.9,5.35,normal
2026-01-02 16:59:00,2.35,47.4,5.33,normal
2026-01-02 17:00:00,2.42,47.0,5.15,normal
2026-01-02 17:01:00,2.07,45.4,5.31,normal
2026-01-02 17:02:00,2.17,46.8,5.34,normal
2026-01-02 17:03:00,2.4,49.2,5.25,normal
2026-01-02 17:04:00,1.97,45.2,5.24,normal
2026-01-02 17:05:00,1.87,49.5,5.27,normal
2026-01-02 17:06:00,2.31,49.4,5.08,normal
2026-01-02 17:07:00,2.35,45.8,5.19,normal
2026-01-02 17:08:00,2.08,50.2,5.14,normal
2026-01-02 17:09:00,2.37,41.4,5.53,normal
2026-01-02 17:10:00,2.45,46.3,5.18,normal
2026-01-02 17:11:00,2.32,51.8,4.79,normal
2026-01-02 17:12:00,2.39,43.8,5.23,normal
2026-01-02 17:13:00,2.19,45.0,5.23,normal
2026-01-02 17:14:00,2.01,48.7,4.79,normal
2026-01-02 17:15:00,2.35,45.3,4.94,normal
2026-01-02 17:16:00,2.28,42.2,5.25,normal
2026-01-02 17:17:00,1.95,47.3,5.01,normal
2026-01-02 17:18:00,2.15,46.8,5.05,normal
2026-01-02 17:19:00,2.23,42.3,5.4,normal
2026-01-02 17:20:00,2.59,53.1,5.26,normal
2026-01-02 17:21:00,2.4,41.7,5.62,normal
2026-01-02 17:22:00,2.4,44.9,5.55,normal
2026-01-02 17:23:00,2.19,45.0,5.36,normal
2026-01-02 17:24:00,2.03,48.7,4.98,normal
2026-01-02 17:25:00,2.03,43.9,5.43,normal
2026-01-02 17:26:00,2.12,42.8,5.09,normal
2026-01-02 17:27:00,2.24,43.2,4.96,normal
2026-01-02 17:28:00,2.67,44.0,5.16,normal
2026-01-02 17:29:00,2.17,45.1,5.4,normal
2026-01-02 17:30:00,2.43,45.4,4.94,normal
2026-01-02 17:31:00,2.5,46.0,5.68,normal
2026-01-02 17:32:00,1.8,46.7,5.73,normal
2026-01-02 17:33:00,2.18,45.6,5.32,normal
2026-01-02 17:34:00,2.14,45.4,5.16,normal
2026-01-02 17:35:00,2.12,49.3,5.36,normal
2026-01-02 17:36:00,2.3,48.2,5.18,normal
2026-01-02 17:37:00,2.09,44.7,5.25,normal
2026-01-02 17:38:00,2.04,45.0,5.12,normal
2026-01-02 17:39:00,2.67,39.3,5.2,normal
2026-01-02 17:40:00,2.6,46.6,5.44,normal
2026-01-02 17:41:00,2.27,44.6,4.69,normal
2026-01-02 17:42:00,2.29,44.3,5.05,normal
2026-01-02 17:43:00,2.15,50.6,5.85,normal
2026-01-02 17:44:00,2.3,45.1,4.96,normal
2026-01-02 17:45:00,2.35,50.7,5.19,normal
2026-01-02 17:46:00,1.78,48.0,5.5,normal
2026-01-02 17:47:00,1.94,46.7,5.37,normal
2026-01-02 17:48:00,2.24,44.3,5.51,normal
2026-01-02 17:49:00,2.17,42.6,4.74,normal
2026-01-02 17:50:00,2.51,47.9,5.28,normal
2026-01-02 17:51:00,2.17,45.0,4.99,normal
2026-01-02 17:52:00,2.17,41.0,5.07,normal
2026-01-02 17:53:00,2.19,47.9,5.25,normal
2026-01-02 17:54:00,2.42,49.7,5.52,normal
2026-01-02 17:55:00,2.35,46.4,5.01,normal
2026-01-02 17:56:00,2.41,50.6,5.34,normal
2026-01-02 17:57:00,2.64,42.5,4.97,normal
2026-01-02 17:58:00,2.43,47.0,5.59,normal
2026-01-02 17:59:00,2.26,44.2,5.21,normal
2026-01-02 18:00:00,1.95,43.6,5.5,normal
2026-01-02 18:01:00,2.44,47.3,4.83,normal
2026-01-02 18:02:00,2.19,43.3,5.56,normal
2026-01-02 18:03:00,2.14,43.7,5.27,normal
2026-01-02 18:04:00,2.13,50.1,5.08,normal
2026-01-02 18:05:00,1.98,41.0,5.25,normal
2026-01-02 18:06:00,2.15,42.8,5.56,normal
2026-01-02 18:07:00,2.4,46.4,5.6,normal
2026-01-02 18:08:00,2.4,44.4,5.0,normal
2026-01-02 18:09:00,2.43,47.4,5.31,normal
2026-01-02 18:10:00,2.1,48.0,5.08,normal
2026-01-02 18:11:00,2.25,50.1,5.1,normal
2026-01-02 18:12:00,1.95,43.8,5.51,normal
2026-01-02 18:13:00,2.32,46.1,5.14,normal
2026-01-02 18:14:00,2.36,44.3,5.34,normal
2026-01-02 18:15:00,2.12,44.2,5.11,normal
2026-01-02 18:16:00,2.19,46.4,5.33,normal
2026-01-02 18:17:00,1.53,44.5,5.17,normal
2026-01-02 18:18:00,2.57,43.8,5.31,normal
2026-01-02 18:19:00,2.57,43.2,5.37,normal
2026-01-02 18:20:00,2.11,45.3,5.07,normal
2026-01-02 18:21:00,2.12,53.3,5.48,normal
2026-01-02 18:22:00,2.49,47.8,4.87,normal
2026-01-02 18:23:00,2.35,49.2,5.06,normal
2026-01-02 18:24:00,2.47,48.3,5.74,normal
2026-01-02 18:25:00,2.19,43.8,5.18,normal
2026-01-02 18:26:00,2.56,42.0,4.76,normal
2026-01-02 18:27:00,2.29,45.5,5.28,normal
2026-01-02 18:28:00,2.46,45.2,4.81,normal
2026-01-02 18:29:00,2.68,44.1,5.01,normal
2026-01-02 18:30:00,2.5,45.6,5.26,normal
2026-01-02 18:31:00,2.37,49.3,5.19,normal
2026-01-02 18:32:00,2.58,41.3,5.47,normal
2026-01-02 18:33:00,2.11,50.0,5.31,normal
2026-01-02 18:34:00,2.14,48.3,5.5,normal
2026-01-02 18:35:00,2.41,44.0,5.16,normal
2026-01-02 18:36:00,2.28,46.5,5.47,normal
2026-01-02 18:37:00,1.88,47.5,5.21,normal
2026-01-02 18:38:00,2.11,44.8,5.23,normal
2026-01-02 18:39:00,1.56,44.9,5.06,normal
2026-01-02 18:40:00,2.39,44.6,5.23,normal
2026-01-02 18:41:00,2.59,49.1,5.51,normal
2026-01-02 18:42:00,2.18,48.0,5.22,normal
2026-01-02 18:43:00,2.24,47.7,5.13,normal
2026-01-02 18:44:00,2.58,46.3,5.44,normal
2026-01-02 18:45:00,2.57,49.3,4.93,normal
2026-01-02 18:46:00,2.37,48.8,5.51,normal
2026-01-02 18:47:00,2.06,45.0,5.53,normal
2026-01-02 18:48:00,2.13,45.9,5.68,normal
2026-01-02 18:49:00,2.28,44.9,5.07,normal
2026-01-02 18:50:00,2.35,43.4,5.22,normal
2026-01-02 18:51:00,2.35,50.0,5.45,normal
2026-01-02 18:52:00,2.14,49.7,5.21,normal
2026-01-02 18:53:00,2.04,46.3,5.65,normal
2026-01-02 18:54:00,2.32,46.8,5.7,normal
2026-01-02 18:55:00,2.0,43.5,4.88,normal
2026-01-02 18:56:00,2.36,47.2,5.67,normal
2026-01-02 18:57:00,2.34,45.7,5.29,normal
2026-01-02 18:58:00,2.31,42.6,5.97,normal
2026-01-02 18:59:00,2.39,47.3,5.44,normal
2026-01-02 19:00:00,2.43,46.4,5.13,normal
2026-01-02 19:01:00,2.41,47.7,5.09,normal
2026-01-02 19:02:00,2.57,47.5,5.47,normal
2026-01-02 19:03:00,2.57,46.8,5.37,normal
2026-01-02 19:04:00,2.45,45.0,5.31,normal
2026-01-02 19:05:00,2.32,44.4,5.87,normal
2026-01-02 19:06:00,2.01,43.6,5.62,normal
2026-01-02 19:07:00,2.44,44.3,5.45,normal
2026-01-02 19:08:00,2.59,46.7,5.94,normal
2026-01-02 19:09:00,1.95,48.6,5.59,normal
2026-01-02 19:10:00,2.47,46.3,5.22,normal
2026-01-02 19:11:00,2.38,48.9,5.45,normal
2026-01-02 19:12:00,2.5,44.3,5.24,normal
2026-01-02 19:13:00,2.11,45.9,5.55,normal
2026-01-02 19:14:00,2.32,53.4,5.35,normal
2026-01-02 19:15:00,2.31,47.1,5.14,normal
2026-01-02 19:16:00,2.29,49.7,5.33,normal
2026-01-02 19:17:00,2.14,44.6,5.19,normal
2026-01-02 19:18:00,2.31,49.9,4.96,normal
2026-01-02 19:19:00,2.24,47.3,4.84,normal
2026-01-02 19:20:00,2.13,45.2,5.1,normal
2026-01-02 19:21:00,2.34,46.5,5.16,normal
2026-01-02 19:22:00,2.39,51.2,5.71,normal
2026-01-02 19:23:00,1.92,48.4,5.26,normal
2026-01-02 19:24:00,2.33,45.9,5.33,normal
2026-01-02 19:25:00,2.33,45.5,5.08,normal
2026-01-02 19:26:00,2.21,47.5,5.45,normal
2026-01-02 19:27:00,2.47,45.7,5.37,normal
2026-01-02 19:28:00,2.5,49.9,5.29,normal
2026-01-02 19:29:00,2.26,47.4,5.02,normal
2026-01-02 19:30:00,2.27,48.8,5.47,normal
2026-01-02 19:31:00,2.25,47.5,5.1,normal
2026-01-02 19:32:00,2.45,46.8,5.24,normal
2026-01-02 19:33:00,2.23,46.8,5.19,normal
2026-01-02 19:34:00,2.44,46.0,5.71,normal
2026-01-02 19:35:00,2.6,44.8,5.33,normal
2026-01-02 19:36:00,2.18,46.2,5.81,normal
2026-01-02 19:37:00,2.25,47.9,5.44,normal
2026-01-02 19:38:00,2.11,44.9,5.01,normal
2026-01-02 19:39:00,2.13,39.9,5.45,normal
2026-01-02 19:40:00,2.72,47.4,4.96,normal
2026-01-02 19:41:00,2.18,45.9,5.06,normal
2026-01-02 19:42:00,2.48,49.1,5.02,normal
2026-01-02 19:43:00,2.46,50.9,5.79,normal
2026-01-02 19:44:00,2.89,44.8,6.02,normal
2026-01-02 19:45:00,2.24,45.6,5.39,normal
2026-01-02 19:46:00,2.2,48.1,4.98,normal
2026-01-02 19:47:00,2.27,50.3,5.3,normal
2026-01-02 19:48:00,2.34,48.3,5.61,normal
2026-01-02 19:49:00,1.98,48.6,5.25,normal
2026-01-02 19:50:00,2.35,49.7,5.02,normal
2026-01-02 19:51:00,2.11,42.3,5.18,normal
2026-01-02 19:52:00,2.58,46.8,4.98,normal
2026-01-02 19:53:00,2.22,43.4,5.04,normal
2026-01-02 19:54:00,2.39,44.2,5.6,normal
2026-01-02 19:55:00,2.3,47.3,5.25,normal
2026-01-02 19:56:00,2.47,49.1,5.4,normal
2026-01-02 19:57:00,2.43,46.6,5.45,normal
2026-01-02 19:58:00,2.25,47.2,5.25,normal
2026-01-02 19:59:00,2.23,45.4,5.44,normal
2026-01-02 20:00:00,2.58,50.1,5.01,normal
2026-01-02 20:01:00,2.58,46.4,5.47,normal
2026-01-02 20:02:00,2.14,47.5,5.4,normal
2026-01-02 20:03:00,2.02,48.7,5.66,normal
2026-01-02 20:04:00,2.29,50.6,5.27,normal
2026-01-02 20:05:00,2.49,41.6,5.93,normal
2026-01-02 20:06:00,2.62,46.5,4.83,normal
2026-01-02 20:07:00,2.38,43.6,5.43,normal
2026-01-02 20:08:00,2.41,44.9,5.6,normal
2026-01-02 20:09:00,2.49,49.7,5.33,normal
2026-01-02 20:10:00,2.04,49.7,5.26,normal
2026-01-02 20:11:00,2.05,50.6,5.85,normal
2026-01-02 20:12:00,2.32,52.6,5.35,normal
2026-01-02 20:13:00,2.25,45.7,5.74,normal
2026-01-02 20:14:00,2.17,49.1,5.19,normal
2026-01-02 20:15:00,2.24,49.8,5.23,normal
2026-01-02 20:16:00,2.25,50.1,5.73,normal
2026-01-02 20:17:00,2.46,45.6,5.2,normal
2026-01-02 20:18:00,2.35,48.1,5.08,normal
2026-01-02 20:19:00,2.47,47.5,4.9,normal
2026-01-02 20:20:00,2.14,46.0,5.31,normal
2026-01-02 20:21:00,2.71,47.9,5.12,normal
2026-01-02 20:22:00,2.38,46.4,5.41,normal
2026-01-02 20:23:00,2.45,50.3,5.33,normal
2026-01-02 20:24:00,2.66,49.6,5.16,normal
2026-01-02 20:25:00,2.77,48.1,5.12,normal
2026-01-02 20:26:00,2.66,52.5,5.32,normal
2026-01-02 20:27:00,2.23,46.9,5.51,normal
2026-01-02 20:28:00,2.59,48.8,5.36,normal
2026-01-02 20:29:00,2.63,46.6,5.59,normal
2026-01-02 20:30:00,2.28,48.4,5.31,normal
2026-01-02 20:31:00,2.32,46.4,5.67,normal
2026-01-02 20:32:00,2.19,45.5,5.87,normal
2026-01-02 20:33:00,2.53,41.4,5.2,normal
2026-01-02 20:34:00,1.97,45.0,4.55,normal
2026-01-02 20:35:00,2.31,44.5,5.35,normal
2026-01-02 20:36:00,2.01,47.6,5.23,normal
2026-01-02 20:37:00,2.64,50.9,5.53,normal
2026-01-02 20:38:00,2.27,52.4,4.95,normal
2026-01-02 20:39:00,2.06,47.2,5.9,normal
2026-01-02 20:40:00,2.3,47.0,4.98,normal
2026-01-02 20:41:00,2.53,49.8,5.54,normal
2026-01-02 20:42:00,2.22,45.7,5.02,normal
2026-01-02 20:43:00,2.36,44.7,5.05,normal
2026-01-02 20:44:00,2.26,46.2,5.21,normal
2026-01-02 20:45:00,2.44,47.7,5.27,normal
2026-01-02 20:46:00,2.38,45.0,5.37,normal
2026-01-02 20:47:00,2.37,43.7,5.59,normal
2026-01-02 20:48:00,2.17,47.7,5.64,normal
2026-01-02 20:49:00,2.53,47.6,5.25,normal
2026-01-02 20:50:00,2.53,49.2,5.19,normal
2026-01-02 20:51:00,2.19,42.3,5.38,normal
2026-01-02 20:52:00,2.33,50.3,5.44,normal
2026-01-02 20:53:00,2.61,45.8,5.63,normal
2026-01-02 20:54:00,2.24,49.5,4.98,normal
2026-01-02 20:55:00,2.39,42.6,5.28,normal
2026-01-02 20:56:00,2.44,46.2,5.09,normal
2026-01-02 20:57:00,2.52,47.3,5.23,normal
2026-01-02 20:58:00,2.36,54.1,5.64,normal
2026-01-02 20:59:00,2.58,48.6,5.39,normal
2026-01-02 21:00:00,1.87,45.9,5.23,normal
2026-01-02 21:01:00,1.98,44.7,4.86,normal
2026-01-02 21:02:00,2.34,49.6,5.63,normal
2026-01-02 21:03:00,2.43,45.2,4.87,normal
2026-01-02 21:04:00,2.0,44.4,5.13,normal
2026-01-02 21:05:00,2.32,45.0,5.44,normal
2026-01-02 21:06:00,2.31,47.6,5.64,normal
2026-01-02 21:07:00,2.12,48.6,5.35,normal
2026-01-02 21:08:00,2.29,49.8,5.57,normal
2026-01-02 21:09:00,2.17,47.2,5.42,normal
2026-01-02 21:10:00,2.3,49.1,5.43,normal
2026-01-02 21:11:00,2.72,43.8,5.33,normal
2026-01-02 21:12:00,2.17,49.1,4.95,normal
2026-01-02 21:13:00,2.43,46.1,5.17,normal
2026-01-02 21:14:00,2.07,46.5,5.63,normal
2026-01-02 21:15:00,2.35,49.2,5.77,normal
2026-01-02 21:16:00,2.41,46.3,5.47,normal
2026-01-02 21:17:00,2.25,46.4,4.98,normal
2026-01-02 21:18:00,2.54,46.7,5.4,normal
2026-01-02 21:19:00,2.15,48.8,5.17,normal
2026-01-02 21:20:00,2.33,49.9,5.56,normal
2026-01-02 21:21:00,2.36,43.3,6.11,normal
2026-01-02 21:22:00,2.71,49.5,5.17,normal
2026-01-02 21:23:00,2.34,46.3,5.68,normal
2026-01-02 21:24:00,2.41,45.7,5.24,normal
2026-01-02 21:25:00,2.59,51.7,5.74,normal
2026-01-02 21:26:00,2.51,47.1,4.55,normal
2026-01-02 21:27:00,2.42,47.7,5.4,normal
2026-01-02 21:28:00,2.37,44.4,5.5,normal
2026-01-02 21:29:00,2.49,49.4,5.6,normal
2026-01-02 21:30:00,2.49,46.7,5.35,normal
2026-01-02 21:31:00,2.38,48.0,5.62,normal
2026-01-02 21:32:00,2.49,53.0,5.92,normal
2026-01-02 21:33:00,2.38,38.2,5.68,normal
2026-01-02 21:34:00,2.26,45.8,5.27,normal
2026-01-02 21:35:00,2.28,49.3,4.98,normal
2026-01-02 21:36:00,2.15,48.6,5.52,normal
2026-01-02 21:37:00,2.5,45.8,5.12,normal
2026-01-02 21:38:00,2.27,48.4,5.74,normal
2026-01-02 21:39:00,1.96,47.3,5.04,normal
2026-01-02 21:40:00,2.04,50.2,5.51,normal
2026-01-02 21:41:00,2.46,50.1,5.25,normal
2026-01-02 21:42:00,2.28,53.3,5.31,normal
2026-01-02 21:43:00,2.52,47.8,4.91,normal
2026-01-02 21:44:00,1.96,46.4,5.64,normal
2026-01-02 21:45:00,2.53,50.1,5.13,normal
2026-01-02 21:46:00,2.7,45.4,5.43,normal
2026-01-02 21:47:00,2.37,47.4,5.71,normal
2026-01-02 21:48:00,2.23,44.5,5.38,normal
2026-01-02 21:49:00,2.29,56.3,5.54,normal
2026-01-02 21:50:00,2.29,45.2,4.91,normal
2026-01-02 21:51:00,2.17,48.2,5.73,normal
2026-01-02 21:52:00,2.6,48.5,5.3,normal
2026-01-02 21:53:00,2.43,46.6,5.81,normal
2026-01-02 21:54:00,2.34,47.7,4.82,normal
2026-01-02 21:55:00,2.34,50.0,5.11,normal
2026-01-02 21:56:00,2.23,49.9,5.01,normal
2026-01-02 21:57:00,2.59,46.6,5.28,normal
2026-01-02 21:58:00,2.15,48.9,5.99,normal
2026-01-02 21:59:00,2.54,45.8,5.66,normal
2026-01-02 22:00:00,2.32,51.4,5.58,normal
2026-01-02 22:01:00,1.79,45.4,5.62,normal
2026-01-02 22:02:00,2.41,45.4,5.22,normal
2026-01-02 22:03:00,2.0,47.7,5.93,normal
2026-01-02 22:04:00,2.54,53.4,5.6,normal
2026-01-02 22:05:00,2.59,52.9,5.48,normal
2026-01-02 22:06:00,2.35,50.6,5.75,normal
2026-01-02 22:07:00,2.29,46.2,5.42,normal
2026-01-02 22:08:00,2.55,50.0,5.03,normal
2026-01-02 22:09:00,2.77,46.4,5.32,normal
2026-01-02 22:10:00,2.2,54.8,5.45,normal
2026-01-02 22:11:00,2.22,50.2,5.58,normal
2026-01-02 22:12:00,2.35,50.1,5.18,normal
2026-01-02 22:13:00,2.29,43.0,5.06,normal
2026-01-02 22:14:00,2.75,52.1,5.4,normal
2026-01-02 22:15:00,2.72,47.6,5.33,normal
2026-01-02 22:16:00,2.4,47.7,5.33,normal
2026-01-02 22:17:00,2.62,48.4,5.57,normal
2026-01-02 22:18:00,2.6,49.0,5.15,normal
2026-01-02 22:19:00,2.12,48.4,5.35,normal
2026-01-02 22:20:00,2.41,48.0,6.04,normal
2026-01-02 22:21:00,2.12,43.1,5.47,normal
2026-01-02 22:22:00,2.32,48.9,5.54,normal
2026-01-02 22:23:00,2.65,44.3,5.25,normal
2026-01-02 22:24:00,2.48,50.0,5.94,normal
2026-01-02 22:25:00,2.58,48.0,5.17,normal
2026-01-02 22:26:00,2.28,46.6,5.56,normal
2026-01-02 22:27:00,2.45,44.8,5.28,normal
2026-01-02 22:28:00,2.57,49.0,5.54,normal
2026-01-02 22:29:00,2.47,52.2,5.45,normal
2026-01-02 22:30:00,2.32,45.8,5.46,normal
2026-01-02 22:31:00,1.91,47.7,5.34,normal
2026-01-02 22:32:00,2.12,45.8,5.6,normal
2026-01-02 22:33:00,2.44,48.4,5.47,normal
2026-01-02 22:34:00,2.42,51.3,5.43,normal
2026-01-02 22:35:00,2.11,52.2,5.49,normal
2026-01-02 22:36:00,2.28,45.0,5.5,normal
2026-01-02 22:37:00,2.38,52.1,5.31,normal
2026-01-02 22:38:00,2.23,50.4,5.63,normal
2026-01-02 22:39:00,2.43,49.9,5.39,normal
2026-01-02 22:40:00,2.45,51.1,5.56,normal
2026-01-02 22:41:00,2.37,51.6,4.81,normal
2026-01-02 22:42:00,2.81,43.9,5.24,normal
2026-01-02 22:43:00,2.39,47.9,5.65,normal
2026-01-02 22:44:00,2.19,48.9,5.26,normal
2026-01-02 22:45:00,2.46,48.1,5.43,normal
2026-01-02 22:46:00,2.29,47.0,5.47,normal
2026-01-02 22:47:00,2.59,46.8,5.19,normal
2026-01-02 22:48:00,2.53,48.2,5.61,normal
2026-01-02 22:49:00,2.22,43.8,5.27,normal
2026-01-02 22:50:00,2.25,48.1,5.25,normal
2026-01-02 22:51:00,2.55,47.6,5.44,normal
2026-01-02 22:52:00,2.44,48.8,5.4,normal
2026-01-02 22:53:00,2.51,46.3,5.76,normal
2026-01-02 22:54:00,2.36,45.0,5.45,normal
2026-01-02 22:55:00,2.24,50.0,5.96,normal
2026-01-02 22:56:00,2.25,49.1,4.97,normal
2026-01-02 22:57:00,2.5,46.1,5.25,normal
2026-01-02 22:58:00,2.19,50.1,5.66,normal
2026-01-02 22:59:00,2.41,46.2,5.81,normal
2026-01-02 23:00:00,2.26,42.9,5.52,normal
2026-01-02 23:01:00,2.19,50.8,5.32,normal
2026-01-02 23:02:00,2.53,51.8,5.11,normal
2026-01-02 23:03:00,2.3,48.2,5.8,normal
2026-01-02 23:04:00,2.28,46.9,5.53,normal
2026-01-02 23:05:00,2.3,48.7,5.02,normal
2026-01-02 23:06:00,2.86,45.0,5.33,normal
2026-01-02 23:07:00,2.41,53.2,5.08,normal
2026-01-02 23:08:00,2.81,50.3,5.52,normal
2026-01-02 23:09:00,2.22,49.8,5.23,normal
2026-01-02 23:10:00,2.67,46.0,5.39,normal
2026-01-02 23:11:00,2.3,45.9,5.6,normal
2026-01-02 23:12:00,2.52,51.4,4.97,normal
2026-01-02 23:13:00,2.63,54.7,5.3,normal
2026-01-02 23:14:00,2.8,47.8,5.07,normal
2026-01-02 23:15:00,2.36,51.0,5.21,normal
2026-01-02 23:16:00,2.3,49.9,5.42,normal
2026-01-02 23:17:00,2.54,49.0,5.54,normal
2026-01-02 23:18:00,2.33,49.0,5.19,normal
2026-01-02 23:19:00,2.68,46.9,5.7,normal
2026-01-02 23:20:00,2.37,49.0,5.3,normal
2026-01-02 23:21:00,2.22,44.1,5.16,normal
2026-01-02 23:22:00,2.36,49.0,5.67,normal
2026-01-02 23:23:00,2.33,46.3,5.06,normal
2026-01-02 23:24:00,2.52,51.9,5.74,normal
2026-01-02 23:25:00,2.56,50.1,5.85,normal
2026-01-02 23:26:00,2.49,50.1,5.34,normal
2026-01-02 23:27:00,2.15,46.8,5.42,normal
2026-01-02 23:28:00,2.44,53.3,5.44,normal
2026-01-02 23:29:00,2.66,47.4,5.35,normal
2026-01-02 23:30:00,2.16,46.7,5.56,normal
2026-01-02 23:31:00,2.43,50.9,5.47,normal
2026-01-02 23:32:00,2.36,53.9,5.4,normal
2026-01-02 23:33:00,2.66,47.5,5.6,normal
2026-01-02 23:34:00,2.61,49.1,4.84,normal
2026-01-02 23:35:00,2.43,51.6,5.56,normal
2026-01-02 23:36:00,2.52,44.3,5.25,normal
2026-01-02 23:37:00,2.51,49.6,5.73,normal
2026-01-02 23:38:00,2.4,49.6,5.43,normal
2026-01-02 23:39:00,2.23,42.9,5.54,normal
2026-01-02 23:40:00,2.46,47.0,5.03,normal
2026-01-02 23:41:00,2.56,47.9,5.57,normal
2026-01-02 23:42:00,2.8,43.3,5.26,normal
2026-01-02 23:43:00,2.39,52.2,5.02,normal
2026-01-02 23:44:00,2.82,49.0,5.41,normal
2026-01-02 23:45:00,2.39,47.5,5.69,normal
2026-01-02 23:46:00,2.22,49.5,5.34,normal
2026-01-02 23:47:00,2.28,55.1,5.54,normal
2026-01-02 23:48:00,2.56,51.5,5.08,normal
2026-01-02 23:49:00,2.79,42.4,5.24,normal
2026-01-02 23:50:00,2.34,50.1,5.49,normal
2026-01-02 23:51:00,2.4,48.6,5.19,normal
2026-01-02 23:52:00,2.14,50.5,5.61,normal
2026-01-02 23:53:00,2.75,46.7,5.61,normal
2026-01-02 23:54:00,2.38,51.7,5.69,normal
2026-01-02 23:55:00,2.48,47.8,5.68,normal
2026-01-02 23:56:00,2.57,47.0,5.11,normal
2026-01-02 23:57:00,2.38,52.5,5.73,normal
2026-01-02 23:58:00,2.22,45.8,5.76,normal
2026-01-02 23:59:00,2.21,50.0,5.29,normal
2026-01-03 00:00:00,2.76,46.8,5.73,normal
2026-01-03 00:01:00,2.48,49.4,4.95,normal
2026-01-03 00:02:00,2.0,48.2,5.5,normal
2026-01-03 00:03:00,2.22,46.0,5.58,normal
2026-01-03 00:04:00,2.55,48.4,5.64,normal
2026-01-03 00:05:00,2.21,47.9,5.85,normal
2026-01-03 00:06:00,2.46,49.1,6.02,normal
2026-01-03 00:07:00,2.16,50.8,5.86,normal
2026-01-03 00:08:00,2.38,50.9,5.2,normal
2026-01-03 00:09:00,2.31,49.7,5.64,normal
2026-01-03 00:10:00,2.67,52.7,5.43,normal
2026-01-03 00:11:00,2.68,47.9,5.67,normal
2026-01-03 00:12:00,2.49,49.9,5.55,normal
2026-01-03 00:13:00,2.13,46.0,5.47,normal
2026-01-03 00:14:00,2.11,50.9,5.67,normal
2026-01-03 00:15:00,2.51,46.0,5.79,normal
2026-01-03 00:16:00,2.86,49.2,5.58,normal
2026-01-03 00:17:00,2.49,50.2,5.42,normal
2026-01-03 00:18:00,2.44,51.1,6.04,warning
2026-01-03 00:19:00,2.17,48.6,5.15,normal
2026-01-03 00:20:00,2.77,47.4,5.09,normal
2026-01-03 00:21:00,2.58,53.2,5.62,normal
2026-01-03 00:22:00,2.49,49.9,5.8,normal
2026-01-03 00:23:00,2.28,48.6,5.34,normal
2026-01-03 00:24:00,2.22,48.1,5.73,normal
2026-01-03 00:25:00,2.57,50.5,5.49,normal
2026-01-03 00:26:00,2.56,46.9,5.38,normal
2026-01-03 00:27:00,2.49,49.6,5.53,normal
2026-01-03 00:28:00,2.43,48.0,6.24,normal
2026-01-03 00:29:00,2.64,49.9,5.4,normal
2026-01-03 00:30:00,2.36,48.6,5.53,normal
2026-01-03 00:31:00,2.08,45.0,5.3,normal
2026-01-03 00:32:00,2.5,48.3,5.83,normal
2026-01-03 00:33:00,2.16,47.1,5.84,normal
2026-01-03 00:34:00,2.48,51.2,5.97,normal
2026-01-03 00:35:00,2.32,48.7,5.39,normal
2026-01-03 00:36:00,2.07,48.2,5.68,normal
2026-01-03 00:37:00,2.57,50.5,5.36,normal
2026-01-03 00:38:00,2.33,52.1,5.33,normal
2026-01-03 00:39:00,2.52,49.4,5.83,normal
2026-01-03 00:40:00,2.65,45.7,5.16,normal
2026-01-03 00:41:00,2.58,48.8,5.35,normal
2026-01-03 00:42:00,2.66,49.5,5.47,normal
2026-01-03 00:43:00,2.62,48.1,5.85,normal
2026-01-03 00:44:00,2.3,50.7,5.82,normal
2026-01-03 00:45:00,2.19,48.2,5.75,normal
2026-01-03 00:46:00,2.69,48.6,5.28,normal
2026-01-03 00:47:00,2.65,52.0,5.17,normal
2026-01-03 00:48:00,2.22,49.6,5.62,normal
2026-01-03 00:49:00,2.4,50.7,5.29,normal
2026-01-03 00:50:00,2.04,48.0,5.48,normal
2026-01-03 00:51:00,2.41,46.2,5.01,normal
2026-01-03 00:52:00,2.36,51.3,5.78,normal
2026-01-03 00:53:00,2.7,47.0,5.18,normal
2026-01-03 00:54:00,2.57,50.7,5.57,normal
2026-01-03 00:55:00,2.06,46.9,5.46,normal
2026-01-03 00:56:00,2.57,51.0,5.5,normal
2026-01-03 00:57:00,2.53,49.3,5.64,normal
2026-01-03 00:58:00,2.53,49.3,5.4,normal
2026-01-03 00:59:00,2.49,50.3,5.54,normal
2026-01-03 01:00:00,2.55,52.5,5.54,normal
2026-01-03 01:01:00,2.34,51.3,5.13,normal
2026-01-03 01:02:00,2.25,50.0,5.6,normal
2026-01-03 01:03:00,2.22,48.2,5.32,normal
2026-01-03 01:04:00,2.37,51.5,5.65,normal
2026-01-03 01:05:00,2.47,47.8,5.14,normal
2026-01-03 01:06:00,2.76,50.6,5.3,normal
2026-01-03 01:07:00,2.62,49.0,5.4,normal
2026-01-03 01:08:00,2.56,47.3,5.39,normal
2026-01-03 01:09:00,2.5,47.9,5.64,normal
2026-01-03 01:10:00,2.85,47.3,5.06,normal
2026-01-03 01:11:00,2.08,48.8,5.31,normal
2026-01-03 01:12:00,2.52,49.5,5.08,normal
2026-01-03 01:13:00,2.11,49.9,5.51,normal
2026-01-03 01:14:00,2.39,45.1,5.59,normal
2026-01-03 01:15:00,2.73,49.9,5.27,normal
2026-01-03 01:16:00,2.49,45.8,5.74,normal
2026-01-03 01:17:00,2.5,44.8,5.4,normal
2026-01-03 01:18:00,2.57,48.4,5.41,normal
2026-01-03 01:19:00,2.23,50.7,5.32,normal
2026-01-03 01:20:00,2.05,48.3,5.73,normal
2026-01-03 01:21:00,2.4,53.6,5.59,normal
2026-01-03 01:22:00,2.55,48.9,5.46,normal
2026-01-03 01:23:00,2.43,48.5,5.61,normal
2026-01-03 01:24:00,2.29,46.6,5.2,normal
2026-01-03 01:25:00,2.89,50.6,5.56,normal
2026-01-03 01:26:00,2.27,50.8,5.45,normal
2026-01-03 01:27:00,2.53,46.8,5.52,normal
2026-01-03 01:28:00,2.4,47.4,5.67,normal
2026-01-03 01:29:00,2.18,50.7,5.66,normal
2026-01-03 01:30:00,2.31,47.3,5.43,normal
2026-01-03 01:31:00,2.54,48.9,5.59,normal
2026-01-03 01:32:00,2.84,48.1,5.06,normal
2026-01-03 01:33:00,2.65,53.5,5.58,normal
2026-01-03 01:34:00,2.27,49.0,5.21,normal
2026-01-03 01:35:00,2.62,46.0,5.41,normal
2026-01-03 01:36:00,2.29,49.7,5.4,normal
2026-01-03 01:37:00,2.52,49.4,5.24,normal
2026-01-03 01:38:00,2.61,49.2,5.24,normal
2026-01-03 01:39:00,2.94,50.6,5.45,normal
2026-01-03 01:40:00,2.77,54.0,5.45,normal
2026-01-03 01:41:00,2.56,46.9,5.45,normal
2026-01-03 01:42:00,2.45,49.8,5.57,normal
2026-01-03 01:43:00,2.6,50.0,5.19,normal
2026-01-03 01:44:00,2.3,48.0,5.42,normal
2026-01-03 01:45:00,2.7,46.5,5.4,normal
2026-01-03 01:46:00,2.68,48.7,5.61,normal
2026-01-03 01:47:00,2.47,50.1,5.44,normal
2026-01-03 01:48:00,2.63,45.6,5.4,normal
2026-01-03 01:49:00,2.55,50.8,5.87,normal
2026-01-03 01:50:00,2.42,53.1,5.33,normal
2026-01-03 01:51:00,2.76,51.5,5.27,normal
2026-01-03 01:52:00,2.56,49.3,5.65,normal
2026-01-03 01:53:00,2.45,48.7,5.84,normal
2026-01-03 01:54:00,2.48,51.5,5.44,normal
2026-01-03 01:55:00,2.83,47.8,5.34,normal
2026-01-03 01:56:00,2.8,48.4,5.9,normal
2026-01-03 01:57:00,2.68,49.1,5.05,normal
2026-01-03 01:58:00,2.5,49.7,5.79,normal
2026-01-03 01:59:00,2.82,47.8,5.7,normal
2026-01-03 02:00:00,2.65,52.2,5.62,normal
2026-01-03 02:01:00,2.11,49.1,5.21,normal
2026-01-03 02:02:00,2.46,52.0,5.58,normal
2026-01-03 02:03:00,2.73,50.4,5.18,normal
2026-01-03 02:04:00,2.0,49.9,5.45,normal
2026-01-03 02:05:00,2.31,45.3,5.32,normal
2026-01-03 02:06:00,2.46,51.2,5.55,normal
2026-01-03 02:07:00,2.83,47.0,5.72,normal
2026-01-03 02:08:00,2.51,51.3,5.4,normal
2026-01-03 02:09:00,2.72,50.3,5.33,normal
2026-01-03 02:10:00,2.5,49.0,5.63,normal
2026-01-03 02:11:00,2.27,49.5,5.6,normal
2026-01-03 02:12:00,2.51,52.9,5.7,normal
2026-01-03 02:13:00,2.51,50.1,5.58,normal
2026-01-03 02:14:00,2.59,45.0,5.43,normal
2026-01-03 02:15:00,2.21,52.8,5.49,normal
2026-01-03 02:16:00,2.47,51.8,5.61,normal
2026-01-03 02:17:00,2.28,49.4,5.42,normal
2026-01-03 02:18:00,2.16,47.9,5.46,normal
2026-01-03 02:19:00,2.49,45.9,5.8,normal
2026-01-03 02:20:00,2.49,49.7,5.61,normal
2026-01-03 02:21:00,2.35,50.8,5.42,normal
2026-01-03 02:22:00,2.33,51.1,5.88,normal
2026-01-03 02:23:00,2.66,52.0,5.38,normal
2026-01-03 02:24:00,2.19,53.4,6.03,warning
2026-01-03 02:25:00,2.82,48.8,5.22,normal
2026-01-03 02:26:00,2.3,45.5,5.49,normal
2026-01-03 02:27:00,2.83,49.3,5.59,normal
2026-01-03 02:28:00,2.79,48.7,6.02,normal
2026-01-03 02:29:00,2.91,49.4,5.37,normal
2026-01-03 02:30:00,2.65,48.8,5.23,normal
2026-01-03 02:31:00,2.77,52.7,5.55,normal
2026-01-03 02:32:00,2.26,46.6,5.54,normal
2026-01-03 02:33:00,2.42,48.9,5.77,normal
2026-01-03 02:34:00,2.66,53.2,5.27,normal
2026-01-03 02:35:00,2.45,51.6,5.63,normal
2026-01-03 02:36:00,2.82,50.8,5.98,normal
2026-01-03 02:37:00,2.63,52.4,5.44,normal
2026-01-03 02:38:00,2.52,52.0,5.92,normal
2026-01-03 02:39:00,2.67,49.5,5.86,normal
2026-01-03 02:40:00,2.08,46.2,5.69,normal
2026-01-03 02:41:00,2.52,51.3,5.54,normal
2026-01-03 02:42:00,2.64,47.7,5.66,normal
2026-01-03 02:43:00,2.72,52.8,6.03,warning
2026-01-03 02:44:00,2.57,50.5,5.14,normal
2026-01-03 02:45:00,2.42,49.3,5.79,normal
2026-01-03 02:46:00,2.4,51.8,5.52,normal
2026-01-03 02:47:00,2.49,50.4,5.43,normal
2026-01-03 02:48:00,2.44,45.6,5.46,normal
2026-01-03 02:49:00,2.43,48.5,5.63,normal
2026-01-03 02:50:00,2.66,50.4,5.77,normal
2026-01-03 02:51:00,2.64,49.1,5.41,normal
2026-01-03 02:52:00,2.59,51.3,5.88,normal
2026-01-03 02:53:00,2.76,48.5,5.5,normal
2026-01-03 02:54:00,2.66,52.5,5.76,normal
2026-01-03 02:55:00,2.51,46.7,5.28,normal
2026-01-03 02:56:00,2.58,50.7,5.25,normal
2026-01-03 02:57:00,2.54,51.5,5.24,normal
2026-01-03 02:58:00,2.75,48.9,5.84,normal
2026-01-03 02:59:00,2.42,47.3,5.42,normal
2026-01-03 03:00:00,2.51,48.9,5.48,normal
2026-01-03 03:01:00,2.6,49.5,5.51,normal
2026-01-03 03:02:00,2.19,50.9,5.51,normal
2026-01-03 03:03:00,2.85,47.6,5.08,normal
2026-01-03 03:04:00,2.66,50.8,5.28,normal
2026-01-03 03:05:00,2.23,53.8,5.89,normal
2026-01-03 03:06:00,2.04,48.8,5.95,normal
2026-01-03 03:07:00,2.44,48.7,5.46,normal
2026-01-03 03:08:00,2.31,45.7,5.8,normal
2026-01-03 03:09:00,2.17,50.6,5.76,normal
2026-01-03 03:10:00,2.24,47.6,5.84,normal
2026-01-03 03:11:00,2.64,48.4,5.84,normal
2026-01-03 03:12:00,2.78,50.6,5.31,normal
2026-01-03 03:13:00,2.45,50.7,5.49,normal
2026-01-03 03:14:00,2.72,46.2,5.16,normal
2026-01-03 03:15:00,2.57,48.8,5.38,normal
2026-01-03 03:16:00,2.18,50.0,5.52,normal
2026-01-03 03:17:00,2.67,50.2,5.51,normal
2026-01-03 03:18:00,2.77,46.7,5.67,normal
2026-01-03 03:19:00,2.21,47.9,5.24,normal
2026-01-03 03:20:00,2.7,49.9,5.54,normal
2026-01-03 03:21:00,2.32,49.3,5.35,normal
2026-01-03 03:22:00,2.62,47.6,5.87,normal
2026-01-03 03:23:00,2.21,48.0,5.96,normal
2026-01-03 03:24:00,2.46,46.8,5.6,normal
2026-01-03 03:25:00,2.45,48.0,5.27,normal
2026-01-03 03:26:00,3.1,49.4,5.06,normal
2026-01-03 03:27:00,2.84,51.6,5.35,normal
2026-01-03 03:28:00,2.36,51.8,5.48,normal
2026-01-03 03:29:00,2.16,54.5,5.44,normal
2026-01-03 03:30:00,2.84,53.3,5.29,normal
2026-01-03 03:31:00,2.75,48.5,5.08,normal
2026-01-03 03:32:00,2.46,51.1,5.43,normal
2026-01-03 03:33:00,2.49,53.0,5.57,normal
2026-01-03 03:34:00,2.38,51.9,5.6,normal
2026-01-03 03:35:00,2.04,51.2,5.65,normal
2026-01-03 03:36:00,2.55,52.4,5.38,normal
2026-01-03 03:37:00,2.62,46.2,5.65,normal
2026-01-03 03:38:00,2.94,47.7,5.36,normal
2026-01-03 03:39:00,2.41,50.5,5.28,normal
2026-01-03 03:40:00,2.63,52.3,5.68,normal
2026-01-03 03:41:00,2.2,52.6,5.78,normal
2026-01-03 03:42:00,2.72,51.1,5.61,normal
2026-01-03 03:43:00,2.76,55.0,5.31,normal
2026-01-03 03:44:00,2.77,50.0,5.52,normal
2026-01-03 03:45:00,2.25,49.5,5.3,normal
2026-01-03 03:46:00,2.46,47.4,5.44,normal
2026-01-03 03:47:00,2.47,50.4,5.15,normal
2026-01-03 03:48:00,2.27,51.1,5.35,normal
2026-01-03 03:49:00,2.77,50.8,5.71,normal
2026-01-03 03:50:00,2.84,49.4,5.41,normal
2026-01-03 03:51:00,2.73,51.5,5.51,normal
2026-01-03 03:52:00,2.83,49.7,5.56,normal
2026-01-03 03:53:00,2.56,47.9,5.58,normal
2026-01-03 03:54:00,2.84,51.4,5.56,normal
2026-01-03 03:55:00,2.53,51.1,5.75,normal
2026-01-03 03:56:00,2.68,49.4,5.64,normal
2026-01-03 03:57:00,2.65,47.7,5.6,normal
2026-01-03 03:58:00,2.13,51.5,5.72,normal
2026-01-03 03:59:00,2.71,49.3,5.64,normal
2026-01-03 04:00:00,2.84,53.8,5.55,normal
2026-01-03 04:01:00,2.59,53.1,5.19,normal
2026-01-03 04:02:00,2.5,53.6,5.8,normal
2026-01-03 04:03:00,2.64,46.5,5.55,normal
2026-01-03 04:04:00,2.44,51.1,5.36,normal
2026-01-03 04:05:00,2.36,45.2,5.87,normal
2026-01-03 04:06:00,2.48,50.7,5.56,normal
2026-01-03 04:07:00,2.35,47.2,5.31,normal
2026-01-03 04:08:00,2.42,51.3,5.37,normal
2026-01-03 04:09:00,2.91,52.9,5.77,normal
2026-01-03 04:10:00,2.54,54.1,5.51,normal
2026-01-03 04:11:00,2.56,50.8,5.74,normal
2026-01-03 04:12:00,2.69,49.2,5.43,normal
2026-01-03 04:13:00,2.69,52.2,5.47,normal
2026-01-03 04:14:00,2.25,49.9,5.72,normal
2026-01-03 04:15:00,2.93,47.4,5.46,normal
2026-01-03 04:16:00,2.49,53.8,5.56,normal
2026-01-03 04:17:00,2.39,51.8,5.47,normal
2026-01-03 04:18:00,2.32,48.2,6.0,normal
2026-01-03 04:19:00,2.65,50.7,5.51,normal
2026-01-03 04:20:00,2.63,51.1,5.64,normal
2026-01-03 04:21:00,2.59,52.6,5.58,normal
2026-01-03 04:22:00,2.38,48.9,5.08,normal
2026-01-03 04:23:00,2.98,52.6,5.36,normal
2026-01-03 04:24:00,2.52,48.8,5.96,normal
2026-01-03 04:25:00,2.29,50.7,5.55,normal
2026-01-03 04:26:00,2.74,50.2,5.13,normal
2026-01-03 04:27:00,2.52,48.0,5.59,normal
2026-01-03 04:28:00,2.86,46.1,5.37,normal
2026-01-03 04:29:00,2.46,49.5,5.76,normal
2026-01-03 04:30:00,2.54,51.5,5.42,normal
2026-01-03 04:31:00,2.62,52.4,5.39,normal
2026-01-03 04:32:00,2.73,50.6,5.84,normal
2026-01-03 04:33:00,2.54,51.4,5.57,normal
2026-01-03 04:34:00,2.56,51.2,5.71,normal
2026-01-03 04:35:00,2.33,54.1,5.11,normal
2026-01-03 04:36:00,2.44,50.3,5.68,normal
2026-01-03 04:37:00,2.89,45.9,5.45,normal
2026-01-03 04:38:00,2.15,50.6,5.65,normal
2026-01-03 04:39:00,2.9,50.8,5.84,normal
2026-01-03 04:40:00,2.7,49.5,5.23,normal
2026-01-03 04:41:00,2.64,46.8,5.9,normal
2026-01-03 04:42:00,2.55,53.5,5.46,normal
2026-01-03 04:43:00,2.64,51.1,5.57,normal
2026-01-03 04:44:00,2.5,51.5,5.35,normal
2026-01-03 04:45:00,2.34,53.7,5.76,normal
2026-01-03 04:46:00,2.6,54.7,5.52,normal
2026-01-03 04:47:00,2.85,51.0,5.33,normal
2026-01-03 04:48:00,2.95,53.1,5.55,normal
2026-01-03 04:49:00,2.73,49.6,5.79,normal
2026-01-03 04:50:00,2.11,48.1,5.83,normal
2026-01-03 04:51:00,2.54,51.1,5.25,normal
2026-01-03 04:52:00,2.96,53.6,5.54,normal
2026-01-03 04:53:00,2.51,53.2,6.08,warning
2026-01-03 04:54:00,2.78,56.1,5.36,normal
2026-01-03 04:55:00,2.42,47.7,5.7,normal
2026-01-03 04:56:00,2.62,50.3,5.79,normal
2026-01-03 04:57:00,2.84,46.8,5.44,normal
2026-01-03 04:58:00,2.75,49.5,5.39,normal
2026-01-03 04:59:00,2.79,47.4,5.51,normal
2026-01-03 05:00:00,2.66,49.2,5.79,normal
2026-01-03 05:01:00,2.48,54.2,5.56,normal
2026-01-03 05:02:00,2.73,52.6,5.43,normal
2026-01-03 05:03:00,2.18,51.6,5.61,normal
2026-01-03 05:04:00,2.7,50.1,5.48,normal
2026-01-03 05:05:00,2.99,47.0,5.78,normal
2026-01-03 05:06:00,2.48,49.9,5.51,normal
2026-01-03 05:07:00,2.43,52.1,5.94,normal
2026-01-03 05:08:00,2.69,51.0,5.35,normal
2026-01-03 05:09:00,2.7,56.1,5.5,normal
2026-01-03 05:10:00,2.52,49.3,5.47,normal
2026-01-03 05:11:00,2.05,51.8,5.38,normal
2026-01-03 05:12:00,2.27,52.6,5.33,normal
2026-01-03 05:13:00,2.53,54.4,5.24,normal
2026-01-03 05:14:00,2.29,51.4,5.88,normal
2026-01-03 05:15:00,2.28,51.8,5.74,normal
2026-01-03 05:16:00,2.19,52.8,5.82,normal
2026-01-03 05:17:00,2.54,53.9,5.88,normal
2026-01-03 05:18:00,2.62,49.7,5.36,normal
2026-01-03 05:19:00,2.59,52.2,5.52,normal
2026-01-03 05:20:00,2.16,54.0,5.65,normal
2026-01-03 05:21:00,2.52,53.0,5.98,normal
2026-01-03 05:22:00,2.04,51.9,5.24,normal
2026-01-03 05:23:00,2.7,51.1,5.76,normal
2026-01-03 05:24:00,2.5,46.1,5.49,normal
2026-01-03 05:25:00,2.68,53.4,5.31,normal
2026-01-03 05:26:00,2.81,49.2,5.69,normal
2026-01-03 05:27:00,2.5,51.3,5.83,normal
2026-01-03 05:28:00,2.36,49.2,5.65,normal
2026-01-03 05:29:00,3.08,48.7,6.11,warning
2026-01-03 05:30:00,3.01,50.6,5.53,warning
2026-01-03 05:31:00,2.47,50.7,5.25,normal
2026-01-03 05:32:00,2.59,54.6,5.45,normal
2026-01-03 05:33:00,2.56,46.6,5.7,normal
2026-01-03 05:34:00,2.66,51.1,5.55,normal
2026-01-03 05:35:00,2.55,52.2,5.6,normal
2026-01-03 05:36:00,2.67,51.4,5.89,normal
2026-01-03 05:37:00,2.74,51.4,5.99,normal
2026-01-03 05:38:00,2.69,54.2,5.76,normal
2026-01-03 05:39:00,2.24,54.2,5.64,normal
2026-01-03 05:40:00,2.6,51.6,5.52,normal
2026-01-03 05:41:00,2.66,49.5,5.93,normal
2026-01-03 05:42:00,2.59,50.0,5.38,normal
2026-01-03 05:43:00,2.67,51.4,5.71,normal
2026-01-03 05:44:00,2.41,47.0,5.77,normal
2026-01-03 05:45:00,2.91,48.4,6.01,normal
2026-01-03 05:46:00,2.67,51.0,5.51,normal
2026-01-03 05:47:00,2.34,53.4,5.42,normal
2026-01-03 05:48:00,2.46,53.5,5.14,normal
2026-01-03 05:49:00,2.31,50.9,5.69,normal
2026-01-03 05:50:00,2.71,50.2,6.25,warning
2026-01-03 05:51:00,2.57,50.4,5.42,normal
2026-01-03 05:52:00,2.64,52.5,5.92,normal
2026-01-03 05:53:00,2.32,50.4,5.73,normal
2026-01-03 05:54:00,2.73,51.0,5.75,normal
2026-01-03 05:55:00,2.46,54.9,5.87,normal
2026-01-03 05:56:00,2.35,48.3,5.36,normal
2026-01-03 05:57:00,2.75,47.8,5.54,normal
2026-01-03 05:58:00,2.71,50.9,5.68,normal
2026-01-03 05:59:00,2.41,52.5,5.47,normal
2026-01-03 06:00:00,2.56,51.7,5.65,normal
2026-01-03 06:01:00,2.63,49.2,5.55,normal
2026-01-03 06:02:00,2.62,47.6,5.51,normal
2026-01-03 06:03:00,2.7,47.9,5.91,normal
2026-01-03 06:04:00,2.88,48.0,5.96,normal
2026-01-03 06:05:00,2.59,52.1,5.5,normal
2026-01-03 06:06:00,2.81,52.1,5.42,normal
2026-01-03 06:07:00,2.39,47.5,5.67,normal
2026-01-03 06:08:00,2.74,52.7,5.59,normal
2026-01-03 06:09:00,2.39,49.4,5.91,normal
2026-01-03 06:10:00,2.53,51.5,5.36,normal
2026-01-03 06:11:00,2.69,50.0,5.89,normal
2026-01-03 06:12:00,2.78,49.9,5.59,normal
2026-01-03 06:13:00,2.52,47.6,5.41,normal
2026-01-03 06:14:00,2.67,52.0,5.66,normal
2026-01-03 06:15:00,2.57,53.5,5.64,normal
2026-01-03 06:16:00,2.77,46.7,4.65,normal
2026-01-03 06:17:00,2.69,47.6,5.58,normal
2026-01-03 06:18:00,2.57,55.1,5.73,normal
2026-01-03 06:19:00,2.66,53.3,5.72,normal
2026-01-03 06:20:00,2.54,53.9,5.35,normal
2026-01-03 06:21:00,2.7,47.3,5.68,normal
2026-01-03 06:22:00,2.67,55.4,5.24,normal
2026-01-03 06:23:00,2.51,53.3,5.72,normal
2026-01-03 06:24:00,2.67,48.8,5.48,normal
2026-01-03 06:25:00,2.88,51.1,5.73,normal
2026-01-03 06:26:00,2.61,48.3,5.87,normal
2026-01-03 06:27:00,2.73,57.0,5.38,normal
2026-01-03 06:28:00,2.8,48.0,5.67,normal
2026-01-03 06:29:00,2.83,46.1,5.58,normal
2026-01-03 06:30:00,2.52,49.5,5.73,normal
2026-01-03 06:31:00,2.86,50.9,5.69,normal
2026-01-03 06:32:00,2.66,51.3,5.36,normal
2026-01-03 06:33:00,2.86,52.0,5.74,normal
2026-01-03 06:34:00,2.48,50.1,5.59,normal
2026-01-03 06:35:00,2.33,47.1,5.49,normal
2026-01-03 06:36:00,2.74,49.7,5.38,normal
2026-01-03 06:37:00,2.48,50.2,5.55,normal
2026-01-03 06:38:00,3.07,53.9,5.9,warning
2026-01-03 06:39:00,2.87,48.8,5.33,normal
2026-01-03 06:40:00,2.42,54.7,5.5,normal
2026-01-03 06:41:00,2.39,50.3,5.58,normal
2026-01-03 06:42:00,2.69,52.0,5.43,normal
2026-01-03 06:43:00,2.78,49.7,5.6,normal
2026-01-03 06:44:00,2.78,49.7,5.5,normal
2026-01-03 06:45:00,2.76,49.2,5.55,normal
2026-01-03 06:46:00,2.75,56.5,5.79,normal
2026-01-03 06:47:00,2.74,52.7,5.38,normal
2026-01-03 06:48:00,2.67,51.3,5.72,normal
2026-01-03 06:49:00,2.67,52.3,5.57,normal
2026-01-03 06:50:00,2.66,48.3,5.57,normal
2026-01-03 06:51:00,2.92,52.2,5.64,normal
2026-01-03 06:52:00,3.03,48.0,5.37,normal
2026-01-03 06:53:00,2.99,51.5,5.59,normal
2026-01-03 06:54:00,2.41,52.5,5.78,normal
2026-01-03 06:55:00,2.43,51.1,5.56,normal
2026-01-03 06:56:00,2.7,48.6,5.96,normal
2026-01-03 06:57:00,2.83,50.5,5.59,normal
2026-01-03 06:58:00,2.62,49.5,5.54,normal
2026-01-03 06:59:00,2.6,55.5,5.89,normal
2026-01-03 07:00:00,2.84,52.4,5.37,normal
2026-01-03 07:01:00,2.64,53.9,5.34,normal
2026-01-03 07:02:00,2.78,57.3,5.92,normal
2026-01-03 07:03:00,2.93,52.0,5.89,normal
2026-01-03 07:04:00,2.51,53.5,5.82,normal
2026-01-03 07:05:00,2.71,54.8,5.52,normal
2026-01-03 07:06:00,2.62,51.7,5.4,normal
2026-01-03 07:07:00,2.7,47.2,5.92,normal
2026-01-03 07:08:00,2.66,50.2,5.45,normal
2026-01-03 07:09:00,2.61,53.2,5.79,normal
2026-01-03 07:10:00,2.51,49.4,5.82,normal
2026-01-03 07:11:00,2.51,51.7,5.69,normal
2026-01-03 07:12:00,2.72,53.7,5.34,normal
2026-01-03 07:13:00,2.27,50.1,6.11,warning
2026-01-03 07:14:00,3.06,56.1,5.61,warning
2026-01-03 07:15:00,2.3,45.7,5.5,normal
2026-01-03 07:16:00,2.62,54.8,5.88,normal
2026-01-03 07:17:00,2.7,49.3,5.42,normal
2026-01-03 07:18:00,2.71,53.3,5.76,normal
2026-01-03 07:19:00,2.45,53.2,5.77,normal
2026-01-03 07:20:00,2.45,49.6,5.83,normal
2026-01-03 07:21:00,2.61,55.6,5.79,normal
2026-01-03 07:22:00,2.56,51.6,5.68,normal
2026-01-03 07:23:00,2.52,49.3,5.84,normal
2026-01-03 07:24:00,2.83,53.1,6.04,warning
2026-01-03 07:25:00,2.55,55.8,5.44,normal
2026-01-03 07:26:00,2.46,47.2,5.55,normal
2026-01-03 07:27:00,2.56,52.9,5.72,normal
2026-01-03 07:28:00,2.43,50.7,5.57,normal
2026-01-03 07:29:00,2.31,49.2,5.47,normal
2026-01-03 07:30:00,2.95,52.1,5.83,normal
2026-01-03 07:31:00,2.37,54.6,5.99,normal
2026-01-03 07:32:00,2.27,49.9,5.79,normal
2026-01-03 07:33:00,2.8,50.0,5.59,normal
2026-01-03 07:34:00,2.55,51.9,5.97,normal
2026-01-03 07:35:00,2.51,54.2,5.47,normal
2026-01-03 07:36:00,2.5,53.7,5.9,normal
2026-01-03 07:37:00,2.84,48.4,5.55,normal
2026-01-03 07:38:00,2.83,51.8,5.4,normal
2026-01-03 07:39:00,2.76,49.9,6.12,normal
2026-01-03 07:40:00,2.98,53.2,6.01,warning
2026-01-03 07:41:00,2.68,53.6,6.04,warning
2026-01-03 07:42:00,2.72,51.1,5.25,normal
2026-01-03 07:43:00,2.66,53.8,5.91,normal
2026-01-03 07:44:00,2.77,50.4,5.18,normal
2026-01-03 07:45:00,2.57,51.0,5.59,normal
2026-01-03 07:46:00,2.8,56.7,5.7,normal
2026-01-03 07:47:00,2.63,51.1,5.7,normal
2026-01-03 07:48:00,2.51,52.1,5.79,normal
2026-01-03 07:49:00,2.72,52.9,5.78,normal
2026-01-03 07:50:00,2.32,53.4,5.51,normal
2026-01-03 07:51:00,2.46,49.0,5.78,normal
2026-01-03 07:52:00,2.63,47.6,5.8,normal
2026-01-03 07:53:00,2.39,52.1,5.74,normal
2026-01-03 07:54:00,2.85,56.3,5.34,normal
2026-01-03 07:55:00,2.67,51.1,5.79,normal
2026-01-03 07:56:00,2.72,50.9,5.57,normal
2026-01-03 07:57:00,2.46,54.3,5.79,normal
2026-01-03 07:58:00,2.86,51.1,5.51,normal
2026-01-03 07:59:00,2.46,52.7,5.42,normal
2026-01-03 08:00:00,3.05,48.6,5.75,normal
2026-01-03 08:01:00,2.99,53.3,5.72,normal
2026-01-03 08:02:00,2.49,48.4,5.87,normal
2026-01-03 08:03:00,2.98,50.8,5.4,normal
2026-01-03 08:04:00,2.19,49.4,5.65,normal
2026-01-03 08:05:00,3.0,53.6,5.76,normal
2026-01-03 08:06:00,2.6,50.4,6.03,warning
2026-01-03 08:07:00,2.72,46.6,5.52,normal
2026-01-03 08:08:00,2.51,50.5,5.82,normal
2026-01-03 08:09:00,2.66,51.7,6.01,warning
2026-01-03 08:10:00,2.55,56.6,5.52,normal
2026-01-03 08:11:00,2.7,51.2,5.72,normal
2026-01-03 08:12:00,2.78,53.0,5.5,normal
2026-01-03 08:13:00,2.46,58.2,5.57,normal
2026-01-03 08:14:00,2.83,47.9,5.62,normal
2026-01-03 08:15:00,2.66,53.1,5.01,normal
2026-01-03 08:16:00,2.72,49.1,5.77,normal
2026-01-03 08:17:00,2.48,49.8,5.62,normal
2026-01-03 08:18:00,2.48,50.8,5.39,normal
2026-01-03 08:19:00,2.32,54.5,5.37,normal
2026-01-03 08:20:00,2.65,53.9,5.54,normal
2026-01-03 08:21:00,2.53,52.5,5.97,normal
2026-01-03 08:22:00,2.46,51.6,5.26,normal
2026-01-03 08:23:00,2.61,52.1,5.48,normal
2026-01-03 08:24:00,2.6,48.5,5.71,normal
2026-01-03 08:25:00,2.9,49.3,5.54,normal
2026-01-03 08:26:00,2.79,55.0,5.32,normal
2026-01-03 08:27:00,2.66,52.7,5.67,normal
2026-01-03 08:28:00,2.2,53.3,6.07,warning
2026-01-03 08:29:00,2.72,49.5,5.57,normal
2026-01-03 08:30:00,3.05,54.3,5.86,warning
2026-01-03 08:31:00,2.77,50.4,5.65,normal
2026-01-03 08:32:00,2.68,53.4,6.07,warning
2026-01-03 08:33:00,2.92,48.5,5.75,normal
2026-01-03 08:34:00,2.84,53.6,5.54,normal
2026-01-03 08:35:00,3.28,48.9,5.43,normal
2026-01-03 08:36:00,2.74,57.4,5.49,normal
2026-01-03 08:37:00,2.65,54.8,5.69,normal
2026-01-03 08:38:00,2.63,53.5,5.77,normal
2026-01-03 08:39:00,2.91,55.3,5.78,normal
2026-01-03 08:40:00,2.76,52.6,5.82,normal
2026-01-03 08:41:00,2.71,52.1,6.0,normal
2026-01-03 08:42:00,3.0,48.3,5.7,normal
2026-01-03 08:43:00,2.56,51.3,5.8,normal
2026-01-03 08:44:00,2.84,51.8,5.22,normal
2026-01-03 08:45:00,2.51,54.4,5.02,normal
2026-01-03 08:46:00,2.94,53.4,6.03,warning
2026-01-03 08:47:00,2.66,47.0,5.81,normal
2026-01-03 08:48:00,2.96,54.5,5.54,normal
2026-01-03 08:49:00,2.72,50.8,5.5,normal
2026-01-03 08:50:00,2.9,49.2,5.48,normal
2026-01-03 08:51:00,2.48,48.4,5.74,normal
2026-01-03 08:52:00,2.94,51.7,5.33,normal
2026-01-03 08:53:00,2.87,56.4,5.55,normal
2026-01-03 08:54:00,2.61,53.5,6.11,warning
2026-01-03 08:55:00,2.6,48.9,5.87,normal
2026-01-03 08:56:00,2.87,52.2,5.57,normal
2026-01-03 08:57:00,2.91,53.5,5.52,normal
2026-01-03 08:58:00,2.72,48.8,5.88,normal
2026-01-03 08:59:00,2.66,51.1,5.7,normal
2026-01-03 09:00:00,2.72,54.5,5.86,normal
2026-01-03 09:01:00,2.68,54.1,5.81,normal
2026-01-03 09:02:00,2.63,51.9,5.67,normal
2026-01-03 09:03:00,2.81,51.3,5.61,normal
2026-01-03 09:04:00,3.11,54.6,5.52,warning
2026-01-03 09:05:00,2.83,52.6,5.81,normal
2026-01-03 09:06:00,2.74,55.2,5.8,normal
2026-01-03 09:07:00,2.7,54.9,5.77,normal
2026-01-03 09:08:00,2.74,53.1,5.69,normal
2026-01-03 09:09:00,2.72,50.8,5.53,normal
2026-01-03 09:10:00,2.52,48.8,5.5,normal
2026-01-03 09:11:00,2.68,52.6,5.65,normal
2026-01-03 09:12:00,2.25,56.2,5.99,normal
2026-01-03 09:13:00,2.81,57.1,5.47,normal
2026-01-03 09:14:00,3.09,49.9,5.78,normal
2026-01-03 09:15:00,2.46,52.4,5.81,normal
2026-01-03 09:16:00,2.69,54.1,5.74,normal
2026-01-03 09:17:00,2.61,50.9,5.92,normal
2026-01-03 09:18:00,2.59,54.6,6.02,warning
2026-01-03 09:19:00,2.39,55.2,6.23,warning
2026-01-03 09:20:00,2.77,53.9,5.98,normal
2026-01-03 09:21:00,2.67,52.8,5.39,normal
2026-01-03 09:22:00,2.75,53.6,5.85,normal
2026-01-03 09:23:00,2.93,50.4,5.59,normal
2026-01-03 09:24:00,3.1,52.0,5.77,warning
2026-01-03 09:25:00,2.71,50.3,6.13,warning
2026-01-03 09:26:00,2.62,49.6,5.61,normal
2026-01-03 09:27:00,2.32,50.8,5.48,normal
2026-01-03 09:28:00,2.85,50.7,5.95,normal
2026-01-03 09:29:00,3.0,54.4,5.67,normal
2026-01-03 09:30:00,2.75,48.6,5.69,normal
2026-01-03 09:31:00,2.55,54.2,6.37,warning
2026-01-03 09:32:00,2.83,47.5,5.64,normal
2026-01-03 09:33:00,2.75,52.7,5.54,normal
2026-01-03 09:34:00,2.78,49.3,5.49,normal
2026-01-03 09:35:00,2.86,49.9,5.86,normal
2026-01-03 09:36:00,2.45,56.9,5.53,normal
2026-01-03 09:37:00,2.68,53.3,5.59,normal
2026-01-03 09:38:00,2.76,53.9,5.97,normal
2026-01-03 09:39:00,2.89,52.1,5.69,normal
2026-01-03 09:40:00,3.2,54.9,5.5,warning
2026-01-03 09:41:00,2.75,51.7,5.7,normal
2026-01-03 09:42:00,2.49,51.5,6.18,warning
2026-01-03 09:43:00,2.85,46.3,6.04,normal
2026-01-03 09:44:00,2.95,51.6,5.91,normal
2026-01-03 09:45:00,2.56,51.3,6.11,warning
2026-01-03 09:46:00,2.68,47.9,5.72,normal
2026-01-03 09:47:00,2.72,55.5,5.74,normal
2026-01-03 09:48:00,2.65,55.2,5.76,normal
2026-01-03 09:49:00,2.58,55.4,5.78,normal
2026-01-03 09:50:00,2.74,53.0,5.47,normal
2026-01-03 09:51:00,2.63,52.6,5.69,normal
2026-01-03 09:52:00,2.99,53.1,5.95,normal
2026-01-03 09:53:00,2.74,55.2,5.84,normal
2026-01-03 09:54:00,2.74,52.6,5.5,normal
2026-01-03 09:55:00,2.84,52.5,5.61,normal
2026-01-03 09:56:00,2.96,49.5,5.63,normal
2026-01-03 09:57:00,2.94,53.4,5.73,normal
2026-01-03 09:58:00,2.79,53.1,5.36,normal
2026-01-03 09:59:00,2.67,56.7,5.57,normal
2026-01-03 10:00:00,2.68,51.3,5.72,normal
2026-01-03 10:01:00,2.62,53.8,5.79,normal
2026-01-03 10:02:00,2.9,50.0,5.66,normal
2026-01-03 10:03:00,2.7,53.8,5.54,normal
2026-01-03 10:04:00,2.93,55.6,5.49,normal
2026-01-03 10:05:00,2.64,51.3,6.4,warning
2026-01-03 10:06:00,2.66,56.9,5.43,normal
2026-01-03 10:07:00,2.55,51.0,5.53,normal
2026-01-03 10:08:00,2.69,50.9,5.54,normal
2026-01-03 10:09:00,2.98,55.7,5.98,normal
2026-01-03 10:10:00,2.85,52.9,5.62,normal
2026-01-03 10:11:00,2.56,53.6,5.45,normal
2026-01-03 10:12:00,2.55,55.6,6.22,warning
2026-01-03 10:13:00,2.83,55.5,5.69,normal
2026-01-03 10:14:00,2.48,54.2,5.89,normal
2026-01-03 10:15:00,2.76,52.1,5.99,normal
2026-01-03 10:16:00,2.55,50.8,5.5,normal
2026-01-03 10:17:00,2.77,50.0,5.58,normal
2026-01-03 10:18:00,2.61,52.1,5.38,normal
2026-01-03 10:19:00,2.77,55.9,5.78,normal
2026-01-03 10:20:00,3.06,56.1,5.94,warning
2026-01-03 10:21:00,2.77,52.8,5.94,normal
2026-01-03 10:22:00,2.67,48.1,5.87,normal
2026-01-03 10:23:00,2.53,50.4,5.75,normal
2026-01-03 10:24:00,2.73,49.2,5.79,normal
2026-01-03 10:25:00,2.95,50.0,6.07,normal
2026-01-03 10:26:00,2.44,58.1,5.65,normal
2026-01-03 10:27:00,2.78,48.1,5.74,normal
2026-01-03 10:28:00,2.8,52.6,5.61,normal
2026-01-03 10:29:00,2.57,55.6,5.76,normal
2026-01-03 10:30:00,3.06,51.5,5.65,warning
2026-01-03 10:31:00,2.92,48.8,5.45,normal
2026-01-03 10:32:00,2.98,49.9,5.3,normal
2026-01-03 10:33:00,3.13,49.4,5.8,normal
2026-01-03 10:34:00,2.77,45.8,5.69,normal
2026-01-03 10:35:00,2.85,53.7,5.98,normal
2026-01-03 10:36:00,2.68,54.6,5.59,normal
2026-01-03 10:37:00,2.48,49.6,5.39,normal
2026-01-03 10:38:00,2.96,49.1,5.83,normal
2026-01-03 10:39:00,2.71,52.6,6.1,warning
2026-01-03 10:40:00,2.67,54.4,5.77,normal
2026-01-03 10:41:00,2.73,58.6,5.4,normal
2026-01-03 10:42:00,3.02,54.5,5.64,warning
2026-01-03 10:43:00,3.09,48.3,5.63,normal
2026-01-03 10:44:00,2.52,53.9,5.48,normal
2026-01-03 10:45:00,2.85,52.4,5.64,normal
2026-01-03 10:46:00,2.84,52.2,5.49,normal
2026-01-03 10:47:00,3.32,51.7,5.21,warning
2026-01-03 10:48:00,2.6,49.8,5.97,normal
2026-01-03 10:49:00,2.83,53.9,5.67,normal
2026-01-03 10:50:00,2.71,52.0,5.74,normal
2026-01-03 10:51:00,2.93,53.8,5.89,normal
2026-01-03 10:52:00,2.87,55.2,5.84,normal
2026-01-03 10:53:00,2.84,55.9,5.6,normal
2026-01-03 10:54:00,2.6,50.0,5.81,normal
2026-01-03 10:55:00,2.4,54.1,5.74,normal
2026-01-03 10:56:00,3.0,51.3,5.72,normal
2026-01-03 10:57:00,2.99,56.5,5.6,normal
2026-01-03 10:58:00,2.81,53.7,5.86,normal
2026-01-03 10:59:00,2.72,56.2,5.3,normal
2026-01-03 11:00:00,2.69,54.1,5.88,normal
2026-01-03 11:01:00,3.04,56.0,5.7,warning
2026-01-03 11:02:00,3.03,51.2,6.0,warning
2026-01-03 11:03:00,3.13,56.1,5.8,warning
2026-01-03 11:04:00,2.71,49.2,5.85,normal
2026-01-03 11:05:00,2.55,51.1,5.47,normal
2026-01-03 11:06:00,2.68,53.0,5.84,normal
2026-01-03 11:07:00,2.65,55.7,5.72,normal
2026-01-03 11:08:00,2.62,53.6,6.27,warning
2026-01-03 11:09:00,2.84,52.2,5.39,normal
2026-01-03 11:10:00,2.73,53.7,5.68,normal
2026-01-03 11:11:00,2.44,51.0,6.14,warning
2026-01-03 11:12:00,3.06,50.9,5.94,warning
2026-01-03 11:13:00,2.54,56.6,5.84,normal
2026-01-03 11:14:00,2.97,48.8,5.95,normal
2026-01-03 11:15:00,2.78,55.2,6.01,warning
2026-01-03 11:16:00,2.79,51.6,5.97,normal
2026-01-03 11:17:00,2.77,50.9,5.55,normal
2026-01-03 11:18:00,2.48,51.9,6.05,warning
2026-01-03 11:19:00,2.82,51.8,5.98,normal
2026-01-03 11:20:00,2.61,53.4,5.74,normal
2026-01-03 11:21:00,2.94,49.2,5.57,normal
2026-01-03 11:22:00,2.45,52.5,6.08,warning
2026-01-03 11:23:00,2.68,51.9,6.0,normal
2026-01-03 11:24:00,3.0,52.9,5.95,normal
2026-01-03 11:25:00,2.57,56.6,6.32,warning
2026-01-03 11:26:00,2.89,48.0,5.64,normal
2026-01-03 11:27:00,2.91,52.1,6.1,warning
2026-01-03 11:28:00,2.9,51.4,5.79,normal
2026-01-03 11:29:00,2.61,52.7,5.65,normal
2026-01-03 11:30:00,3.02,58.5,5.43,warning
2026-01-03 11:31:00,2.4,52.6,5.41,normal
2026-01-03 11:32:00,2.8,55.1,6.16,warning
2026-01-03 11:33:00,2.83,52.7,5.29,normal
2026-01-03 11:34:00,2.79,53.4,5.95,normal
2026-01-03 11:35:00,2.65,52.2,5.42,normal
2026-01-03 11:36:00,2.33,50.5,5.4,normal
2026-01-03 11:37:00,2.86,52.0,5.65,normal
2026-01-03 11:38:00,2.59,45.2,6.17,normal
2026-01-03 11:39:00,2.59,52.2,5.43,normal
2026-01-03 11:40:00,2.98,53.6,5.58,normal
2026-01-03 11:41:00,2.71,57.5,5.77,normal
2026-01-03 11:42:00,2.75,50.9,5.32,normal
2026-01-03 11:43:00,2.76,54.1,6.07,warning
2026-01-03 11:44:00,2.34,50.5,5.65,normal
2026-01-03 11:45:00,2.79,52.9,5.76,normal
2026-01-03 11:46:00,2.87,51.1,6.03,warning
2026-01-03 11:47:00,2.88,52.5,6.19,warning
2026-01-03 11:48:00,3.11,55.7,5.04,warning
2026-01-03 11:49:00,3.11,55.3,6.3,warning
2026-01-03 11:50:00,3.04,57.3,6.01,warning
2026-01-03 11:51:00,3.07,58.3,5.85,warning
2026-01-03 11:52:00,2.48,52.6,5.89,normal
2026-01-03 11:53:00,2.81,50.2,5.39,normal
2026-01-03 11:54:00,2.65,55.4,6.19,warning
2026-01-03 11:55:00,2.98,56.0,5.78,normal
2026-01-03 11:56:00,2.45,52.2,5.73,normal
2026-01-03 11:57:00,2.7,53.5,5.91,normal
2026-01-03 11:58:00,2.97,52.7,5.32,normal
2026-01-03 11:59:00,2.7,53.5,6.11,warning
2026-01-03 12:00:00,2.69,54.7,5.87,normal
2026-01-03 12:01:00,2.81,55.7,5.64,normal
2026-01-03 12:02:00,2.69,53.4,5.64,normal
2026-01-03 12:03:00,2.9,51.6,5.86,normal
2026-01-03 12:04:00,2.78,54.0,5.69,normal
2026-01-03 12:05:00,2.73,53.7,5.85,normal
2026-01-03 12:06:00,2.8,57.7,5.56,normal
2026-01-03 12:07:00,2.79,49.5,5.9,normal
2026-01-03 12:08:00,2.58,52.8,5.71,normal
2026-01-03 12:09:00,2.86,52.1,5.66,normal
2026-01-03 12:10:00,3.09,54.2,5.66,warning
2026-01-03 12:11:00,2.76,57.6,5.75,normal
2026-01-03 12:12:00,2.67,51.8,5.67,normal
2026-01-03 12:13:00,2.69,50.3,5.53,normal
2026-01-03 12:14:00,2.64,55.0,5.71,normal
2026-01-03 12:15:00,2.77,56.7,6.13,warning
2026-01-03 12:16:00,2.75,51.9,5.59,normal
2026-01-03 12:17:00,2.95,53.0,5.71,normal
2026-01-03 12:18:00,2.65,51.6,5.89,normal
2026-01-03 12:19:00,2.55,56.0,5.68,normal
2026-01-03 12:20:00,2.78,50.2,5.81,normal
2026-01-03 12:21:00,2.75,53.4,6.18,warning
2026-01-03 12:22:00,2.85,51.6,5.63,normal
2026-01-03 12:23:00,2.93,56.8,5.88,normal
2026-01-03 12:24:00,2.95,55.1,6.17,warning
2026-01-03 12:25:00,2.42,55.2,6.06,warning
2026-01-03 12:26:00,2.55,51.4,5.6,normal
2026-01-03 12:27:00,2.67,52.4,5.87,normal
2026-01-03 12:28:00,2.99,56.3,5.6,normal
2026-01-03 12:29:00,2.65,56.9,5.98,normal
2026-01-03 12:30:00,2.83,54.8,5.81,normal
2026-01-03 12:31:00,2.92,52.8,5.88,normal
2026-01-03 12:32:00,2.51,51.9,5.65,normal
2026-01-03 12:33:00,2.74,51.3,5.68,normal
2026-01-03 12:34:00,2.51,55.0,5.8,normal
2026-01-03 12:35:00,2.48,51.5,5.9,normal
2026-01-03 12:36:00,2.71,51.9,5.8,normal
2026-01-03 12:37:00,2.89,50.1,5.96,normal
2026-01-03 12:38:00,2.66,53.6,5.81,normal
2026-01-03 12:39:00,2.71,51.1,5.75,normal
2026-01-03 12:40:00,3.15,50.3,6.24,warning
2026-01-03 12:41:00,2.77,53.8,5.55,normal
2026-01-03 12:42:00,2.67,52.4,5.56,normal
2026-01-03 12:43:00,2.78,52.7,6.28,warning
2026-01-03 12:44:00,2.59,53.9,5.88,normal
2026-01-03 12:45:00,2.61,55.4,5.72,normal
2026-01-03 12:46:00,2.32,55.4,5.54,normal
2026-01-03 12:47:00,2.61,55.4,5.74,normal
2026-01-03 12:48:00,3.01,56.7,5.66,warning
2026-01-03 12:49:00,2.98,51.8,6.38,warning
2026-01-03 12:50:00,2.69,56.3,6.04,warning
2026-01-03 12:51:00,2.89,52.1,5.79,normal
2026-01-03 12:52:00,2.4,54.3,5.91,normal
2026-01-03 12:53:00,2.85,46.3,5.51,normal
2026-01-03 12:54:00,2.68,54.5,5.9,normal
2026-01-03 12:55:00,2.79,55.3,5.57,normal
2026-01-03 12:56:00,2.95,55.0,5.92,normal
2026-01-03 12:57:00,2.79,58.3,5.95,normal
2026-01-03 12:58:00,2.64,54.4,6.02,warning
2026-01-03 12:59:00,2.71,56.5,5.93,normal
2026-01-03 13:00:00,2.36,54.5,5.73,normal
2026-01-03 13:01:00,2.94,56.2,5.88,normal
2026-01-03 13:02:00,3.16,53.4,5.99,warning
2026-01-03 13:03:00,2.99,53.6,6.03,warning
2026-01-03 13:04:00,2.71,52.8,5.5,normal
2026-01-03 13:05:00,2.88,54.6,6.13,warning
2026-01-03 13:06:00,2.99,53.1,5.54,normal
2026-01-03 13:07:00,2.92,56.6,6.02,warning
2026-01-03 13:08:00,3.05,53.3,5.72,warning
2026-01-03 13:09:00,2.69,53.7,5.82,normal
2026-01-03 13:10:00,2.88,53.5,5.8,normal
2026-01-03 13:11:00,2.68,56.2,5.85,normal
2026-01-03 13:12:00,2.8,52.0,5.5,normal
2026-01-03 13:13:00,3.1,55.3,5.43,warning
2026-01-03 13:14:00,2.99,56.2,5.87,normal
2026-01-03 13:15:00,3.16,54.4,5.48,warning
2026-01-03 13:16:00,2.91,54.5,5.69,normal
2026-01-03 13:17:00,2.95,49.7,6.09,normal
2026-01-03 13:18:00,2.66,51.4,5.81,normal
2026-01-03 13:19:00,2.93,54.3,5.65,normal
2026-01-03 13:20:00,2.74,51.1,5.78,normal
2026-01-03 13:21:00,3.06,53.9,6.06,warning
2026-01-03 13:22:00,3.13,52.5,5.79,warning
2026-01-03 13:23:00,3.28,57.6,5.42,warning
2026-01-03 13:24:00,2.92,53.9,6.05,warning
2026-01-03 13:25:00,2.69,51.9,5.67,normal
2026-01-03 13:26:00,2.73,56.0,5.55,normal
2026-01-03 13:27:00,2.72,49.5,6.1,normal
2026-01-03 13:28:00,3.1,53.2,5.77,warning
2026-01-03 13:29:00,2.94,57.7,5.95,normal
2026-01-03 13:30:00,2.71,49.9,5.57,normal
2026-01-03 13:31:00,2.86,52.4,5.89,normal
2026-01-03 13:32:00,2.74,51.4,5.55,normal
2026-01-03 13:33:00,3.16,56.2,6.28,warning
2026-01-03 13:34:00,2.96,52.9,6.18,warning
2026-01-03 13:35:00,2.84,54.6,5.84,normal
2026-01-03 13:36:00,2.26,58.0,5.97,normal
2026-01-03 13:37:00,2.91,53.9,5.89,normal
2026-01-03 13:38:00,2.73,55.6,5.52,normal
2026-01-03 13:39:00,2.89,55.4,5.8,normal
2026-01-03 13:40:00,2.92,51.6,5.61,normal
2026-01-03 13:41:00,2.9,55.8,5.38,normal
2026-01-03 13:42:00,2.96,52.7,5.8,normal
2026-01-03 13:43:00,2.58,51.9,6.09,warning
2026-01-03 13:44:00,2.86,53.1,5.82,normal
2026-01-03 13:45:00,2.95,55.2,5.83,normal
2026-01-03 13:46:00,3.07,56.5,5.96,warning
2026-01-03 13:47:00,2.86,55.7,5.93,normal
2026-01-03 13:48:00,3.07,56.4,5.6,warning
2026-01-03 13:49:00,2.64,52.4,6.1,warning
2026-01-03 13:50:00,2.54,55.1,5.95,normal
2026-01-03 13:51:00,3.09,54.6,5.52,warning
2026-01-03 13:52:00,2.66,51.2,5.72,normal
2026-01-03 13:53:00,2.82,51.2,6.22,warning
2026-01-03 13:54:00,2.59,57.5,6.15,warning
2026-01-03 13:55:00,3.04,52.4,5.94,warning
2026-01-03 13:56:00,2.6,56.4,5.84,normal
2026-01-03 13:57:00,2.78,51.1,5.24,normal
2026-01-03 13:58:00,2.65,57.0,5.76,normal
2026-01-03 13:59:00,2.83,55.8,6.31,warning
2026-01-03 14:00:00,3.13,51.8,5.37,warning
2026-01-03 14:01:00,3.33,59.9,5.91,warning
2026-01-03 14:02:00,2.61,56.6,5.83,normal
2026-01-03 14:03:00,2.84,56.4,5.95,normal
2026-01-03 14:04:00,2.63,53.4,6.03,warning
2026-01-03 14:05:00,2.96,54.9,6.1,warning
2026-01-03 14:06:00,2.79,54.7,5.02,normal
2026-01-03 14:07:00,2.77,56.1,5.77,normal
2026-01-03 14:08:00,2.77,51.6,6.12,warning
2026-01-03 14:09:00,2.97,56.3,5.43,normal
2026-01-03 14:10:00,2.83,53.5,5.8,normal
2026-01-03 14:11:00,2.74,53.4,6.08,warning
2026-01-03 14:12:00,2.48,58.7,5.99,normal
2026-01-03 14:13:00,2.86,56.5,5.5,normal
2026-01-03 14:14:00,2.73,54.0,6.21,warning
2026-01-03 14:15:00,2.86,55.4,5.72,normal
2026-01-03 14:16:00,2.97,58.5,6.12,warning
2026-01-03 14:17:00,2.85,56.0,6.01,warning
2026-01-03 14:18:00,2.97,57.1,6.15,warning
2026-01-03 14:19:00,2.84,55.9,5.77,normal
2026-01-03 14:20:00,2.69,53.6,5.85,normal
2026-01-03 14:21:00,2.54,56.5,5.18,normal
2026-01-03 14:22:00,3.41,58.1,5.81,warning
2026-01-03 14:23:00,2.87,55.1,5.72,normal
2026-01-03 14:24:00,2.91,54.0,5.85,normal
2026-01-03 14:25:00,2.91,51.1,5.88,normal
2026-01-03 14:26:00,2.91,54.7,5.82,normal
2026-01-03 14:27:00,3.1,53.5,5.93,warning
2026-01-03 14:28:00,3.13,54.2,5.93,warning
2026-01-03 14:29:00,2.86,57.5,5.81,normal
2026-01-03 14:30:00,3.13,54.1,5.66,warning
2026-01-03 14:31:00,3.01,53.6,6.03,warning
2026-01-03 14:32:00,2.33,54.4,5.76,normal
2026-01-03 14:33:00,2.66,53.0,5.73,normal
2026-01-03 14:34:00,2.87,51.0,5.96,normal
2026-01-03 14:35:00,3.15,55.1,6.08,warning
2026-01-03 14:36:00,3.1,57.5,6.35,warning
2026-01-03 14:37:00,2.78,52.6,6.07,warning
2026-01-03 14:38:00,3.02,56.4,6.35,warning
2026-01-03 14:39:00,2.88,55.5,5.63,normal
2026-01-03 14:40:00,3.31,53.6,5.8,warning
2026-01-03 14:41:00,2.81,52.8,5.7,normal
2026-01-03 14:42:00,2.78,51.0,5.68,normal
2026-01-03 14:43:00,3.27,56.3,6.11,warning
2026-01-03 14:44:00,3.12,59.1,5.44,warning
2026-01-03 14:45:00,2.64,52.5,5.77,normal
2026-01-03 14:46:00,2.82,53.4,5.94,normal
2026-01-03 14:47:00,2.89,52.7,5.34,normal
2026-01-03 14:48:00,2.69,53.1,5.82,normal
2026-01-03 14:49:00,2.66,53.3,5.6,normal
2026-01-03 14:50:00,2.86,51.8,5.67,normal
2026-01-03 14:51:00,2.62,54.1,5.67,normal
2026-01-03 14:52:00,3.07,55.5,5.87,warning
2026-01-03 14:53:00,2.73,55.5,6.06,warning
2026-01-03 14:54:00,2.92,58.5,6.0,normal
2026-01-03 14:55:00,3.07,54.9,6.06,warning
2026-01-03 14:56:00,2.73,53.4,5.98,normal
2026-01-03 14:57:00,2.96,55.8,6.16,warning
2026-01-03 14:58:00,2.6,52.1,5.95,normal
2026-01-03 14:59:00,2.74,63.0,6.02,warning
2026-01-03 15:00:00,2.87,53.3,5.77,normal
2026-01-03 15:01:00,2.9,54.9,5.78,normal
2026-01-03 15:02:00,2.84,57.9,6.24,warning
2026-01-03 15:03:00,2.94,51.2,6.03,warning
2026-01-03 15:04:00,3.2,58.0,6.08,warning
2026-01-03 15:05:00,3.18,54.7,6.05,warning
2026-01-03 15:06:00,2.76,55.3,6.23,warning
2026-01-03 15:07:00,2.78,52.5,5.92,normal
2026-01-03 15:08:00,2.85,56.2,5.78,normal
2026-01-03 15:09:00,3.24,51.4,6.21,warning
2026-01-03 15:10:00,2.74,50.1,5.95,normal
2026-01-03 15:11:00,2.84,51.9,5.48,normal
2026-01-03 15:12:00,2.89,57.1,6.04,warning
2026-01-03 15:13:00,2.91,55.9,5.89,normal
2026-01-03 15:14:00,2.61,51.1,5.85,normal
2026-01-03 15:15:00,2.87,56.8,6.09,warning
2026-01-03 15:16:00,3.02,54.0,5.55,warning
2026-01-03 15:17:00,2.98,56.0,5.3,normal
2026-01-03 15:18:00,2.73,53.0,5.93,normal
2026-01-03 15:19:00,2.74,54.6,5.85,normal
2026-01-03 15:20:00,2.87,52.9,5.74,normal
2026-01-03 15:21:00,2.68,55.7,6.04,warning
2026-01-03 15:22:00,2.75,58.5,5.82,normal
2026-01-03 15:23:00,3.21,53.1,5.4,warning
2026-01-03 15:24:00,2.98,55.3,5.91,normal
2026-01-03 15:25:00,2.77,54.6,5.77,normal
2026-01-03 15:26:00,2.84,56.8,5.95,normal
2026-01-03 15:27:00,3.03,54.2,5.82,warning
2026-01-03 15:28:00,2.67,53.8,5.07,normal
2026-01-03 15:29:00,2.79,54.6,6.05,warning
2026-01-03 15:30:00,2.85,55.6,5.36,normal
2026-01-03 15:31:00,2.89,50.6,5.6,normal
2026-01-03 15:32:00,2.87,58.0,6.0,normal
2026-01-03 15:33:00,2.91,54.7,5.73,normal
2026-01-03 15:34:00,2.8,55.9,5.56,normal
2026-01-03 15:35:00,3.03,53.8,6.11,warning
2026-01-03 15:36:00,3.1,50.6,5.76,warning
2026-01-03 15:37:00,2.74,50.3,5.65,normal
2026-01-03 15:38:00,3.4,56.3,6.39,warning
2026-01-03 15:39:00,3.08,53.0,5.81,warning
2026-01-03 15:40:00,3.03,55.9,5.77,warning
2026-01-03 15:41:00,2.61,63.1,5.88,normal
2026-01-03 15:42:00,2.85,55.1,5.85,normal
2026-01-03 15:43:00,2.94,58.1,5.88,normal
2026-01-03 15:44:00,2.68,54.5,5.8,normal
2026-01-03 15:45:00,3.2,57.8,5.94,warning
2026-01-03 15:46:00,2.66,51.8,5.92,normal
2026-01-03 15:47:00,2.98,53.9,5.79,normal
2026-01-03 15:48:00,2.8,54.8,5.32,normal
2026-01-03 15:49:00,2.69,53.3,6.22,warning
2026-01-03 15:50:00,2.75,55.3,5.97,normal
2026-01-03 15:51:00,3.18,58.1,5.9,warning
2026-01-03 15:52:00,2.82,53.3,5.86,normal
2026-01-03 15:53:00,2.83,56.3,6.02,warning
2026-01-03 15:54:00,3.04,58.1,6.38,warning
2026-01-03 15:55:00,2.94,57.7,5.83,normal
2026-01-03 15:56:00,3.16,57.6,6.17,warning
2026-01-03 15:57:00,2.94,53.3,5.57,normal
2026-01-03 15:58:00,2.91,58.8,5.84,normal
2026-01-03 15:59:00,3.08,57.1,5.85,warning
2026-01-03 16:00:00,3.18,47.7,5.61,normal
2026-01-03 16:01:00,2.74,52.9,6.0,normal
2026-01-03 16:02:00,2.98,56.0,6.07,warning
2026-01-03 16:03:00,2.73,51.9,6.02,warning
2026-01-03 16:04:00,2.8,51.1,6.17,warning
2026-01-03 16:05:00,3.2,58.9,5.97,warning
2026-01-03 16:06:00,3.05,58.4,5.76,warning
2026-01-03 16:07:00,3.15,55.7,6.15,warning
2026-01-03 16:08:00,2.96,58.3,5.98,normal
2026-01-03 16:09:00,2.63,58.7,5.69,normal
2026-01-03 16:10:00,3.18,54.8,6.22,warning
2026-01-03 16:11:00,3.15,56.1,6.05,warning
2026-01-03 16:12:00,3.01,50.0,5.96,normal
2026-01-03 16:13:00,2.7,55.5,5.64,normal
2026-01-03 16:14:00,2.69,59.1,6.19,warning
2026-01-03 16:15:00,2.93,55.5,5.87,normal
2026-01-03 16:16:00,3.04,53.4,6.18,warning
2026-01-03 16:17:00,2.88,54.0,5.93,normal
2026-01-03 16:18:00,2.81,55.9,5.79,normal
2026-01-03 16:19:00,3.02,58.1,5.75,warning
2026-01-03 16:20:00,2.9,56.2,5.82,normal
2026-01-03 16:21:00,3.02,56.5,6.2,warning
2026-01-03 16:22:00,2.81,52.7,5.85,normal
2026-01-03 16:23:00,2.74,56.5,5.64,normal
2026-01-03 16:24:00,3.4,58.4,5.94,warning
2026-01-03 16:25:00,3.11,51.0,6.56,warning
2026-01-03 16:26:00,2.82,54.8,5.47,normal
2026-01-03 16:27:00,3.03,52.4,5.96,warning
2026-01-03 16:28:00,2.83,52.5,5.73,normal
2026-01-03 16:29:00,2.98,51.9,5.75,normal
2026-01-03 16:30:00,3.07,61.7,6.05,warning
2026-01-03 16:31:00,2.75,54.2,5.94,normal
2026-01-03 16:32:00,2.87,57.4,5.99,normal
2026-01-03 16:33:00,3.12,54.4,6.27,warning
2026-01-03 16:34:00,2.9,52.8,6.48,warning
2026-01-03 16:35:00,2.57,53.3,5.78,normal
2026-01-03 16:36:00,3.44,59.7,6.31,warning
2026-01-03 16:37:00,2.87,61.3,6.03,warning
2026-01-03 16:38:00,3.13,55.7,5.93,warning
2026-01-03 16:39:00,2.89,54.7,6.09,warning
2026-01-03 16:40:00,3.01,55.1,6.32,warning
2026-01-03 16:41:00,2.35,56.5,6.12,warning
2026-01-03 16:42:00,3.17,55.1,5.99,warning
2026-01-03 16:43:00,3.14,59.0,5.87,warning
2026-01-03 16:44:00,3.0,59.4,5.41,normal
2026-01-03 16:45:00,2.8,58.9,6.22,warning
2026-01-03 16:46:00,3.05,54.1,5.72,warning
2026-01-03 16:47:00,2.83,59.1,5.79,normal
2026-01-03 16:48:00,2.96,53.4,6.15,warning
2026-01-03 16:49:00,2.84,55.0,5.52,normal
2026-01-03 16:50:00,2.62,55.3,5.61,normal
2026-01-03 16:51:00,3.37,50.1,5.75,warning
2026-01-03 16:52:00,2.95,54.4,5.67,normal
2026-01-03 16:53:00,2.76,52.8,5.88,normal
2026-01-03 16:54:00,3.34,55.5,6.24,warning
2026-01-03 16:55:00,3.05,58.1,5.25,warning
2026-01-03 16:56:00,2.89,58.6,5.81,normal
2026-01-03 16:57:00,3.3,59.0,5.83,warning
2026-01-03 16:58:00,2.85,52.8,5.79,normal
2026-01-03 16:59:00,2.7,56.4,5.59,normal
2026-01-03 17:00:00,3.07,56.9,5.53,warning
2026-01-03 17:01:00,3.26,56.6,6.14,warning
2026-01-03 17:02:00,2.8,56.9,6.23,warning
2026-01-03 17:03:00,2.93,60.4,5.96,normal
2026-01-03 17:04:00,3.18,56.1,6.1,warning
2026-01-03 17:05:00,2.62,56.3,5.77,normal
2026-01-03 17:06:00,2.78,59.8,5.9,normal
2026-01-03 17:07:00,2.75,54.5,5.63,normal
2026-01-03 17:08:00,3.24,53.7,6.09,warning
2026-01-03 17:09:00,3.23,54.2,6.09,warning
2026-01-03 17:10:00,2.75,61.5,6.19,warning
2026-01-03 17:11:00,2.92,53.5,5.93,normal
2026-01-03 17:12:00,2.89,60.3,5.65,normal
2026-01-03 17:13:00,2.98,55.4,5.93,normal
2026-01-03 17:14:00,2.94,55.2,6.18,warning
2026-01-03 17:15:00,3.08,56.5,5.2,warning
2026-01-03 17:16:00,3.02,51.3,6.12,warning
2026-01-03 17:17:00,3.25,53.1,5.89,warning
2026-01-03 17:18:00,2.84,58.6,5.98,normal
2026-01-03 17:19:00,3.31,56.5,6.02,warning
2026-01-03 17:20:00,2.97,57.5,5.53,normal
2026-01-03 17:21:00,2.98,55.3,6.14,warning
2026-01-03 17:22:00,2.92,52.9,5.96,normal
2026-01-03 17:23:00,2.75,50.7,6.14,warning
2026-01-03 17:24:00,3.08,56.7,6.29,warning
2026-01-03 17:25:00,2.83,51.9,5.95,normal
2026-01-03 17:26:00,2.89,53.4,5.94,normal
2026-01-03 17:27:00,2.84,50.9,5.85,normal
2026-01-03 17:28:00,2.74,56.1,5.8,normal
2026-01-03 17:29:00,3.19,59.6,6.13,warning
2026-01-03 17:30:00,2.65,59.3,6.36,warning
2026-01-03 17:31:00,2.97,58.9,5.83,normal
2026-01-03 17:32:00,2.59,53.7,6.4,warning
2026-01-03 17:33:00,2.67,55.6,5.98,normal
2026-01-03 17:34:00,2.86,54.5,5.99,normal
2026-01-03 17:35:00,2.86,52.0,6.02,warning
2026-01-03 17:36:00,3.18,57.8,5.77,warning
2026-01-03 17:37:00,2.72,54.9,6.36,warning
2026-01-03 17:38:00,3.1,57.4,6.19,warning
2026-01-03 17:39:00,3.05,55.9,6.14,warning
2026-01-03 17:40:00,2.86,52.1,6.15,warning
2026-01-03 17:41:00,3.22,52.8,6.18,warning
2026-01-03 17:42:00,3.31,55.6,5.77,warning
2026-01-03 17:43:00,3.0,54.3,5.82,normal
2026-01-03 17:44:00,3.06,51.6,5.61,warning
2026-01-03 17:45:00,2.98,55.6,6.06,warning
2026-01-03 17:46:00,3.35,55.9,6.12,warning
2026-01-03 17:47:00,2.78,57.6,5.84,normal
2026-01-03 17:48:00,2.99,55.4,6.23,warning
2026-01-03 17:49:00,2.71,50.0,5.92,normal
2026-01-03 17:50:00,3.07,56.1,6.28,warning
2026-01-03 17:51:00,3.06,54.3,5.39,warning
2026-01-03 17:52:00,2.93,58.3,5.88,normal
2026-01-03 17:53:00,2.98,56.8,5.72,normal
2026-01-03 17:54:00,3.1,59.8,5.93,warning
2026-01-03 17:55:00,2.75,55.5,5.42,normal
2026-01-03 17:56:00,3.05,56.8,6.4,warning
2026-01-03 17:57:00,2.94,56.7,5.76,normal
2026-01-03 17:58:00,2.91,51.9,5.93,normal
2026-01-03 17:59:00,2.92,56.5,5.82,normal
2026-01-03 18:00:00,3.0,54.9,5.9,normal
2026-01-03 18:01:00,3.0,55.9,6.17,warning
2026-01-03 18:02:00,2.96,54.9,5.94,normal
2026-01-03 18:03:00,2.84,54.9,6.49,warning
2026-01-03 18:04:00,2.8,55.1,5.89,normal
2026-01-03 18:05:00,2.93,54.9,6.05,warning
2026-01-03 18:06:00,2.64,58.4,6.14,warning
2026-01-03 18:07:00,2.74,50.1,5.74,normal
2026-01-03 18:08:00,2.94,62.2,6.12,warning
2026-01-03 18:09:00,2.62,54.1,5.97,normal
2026-01-03 18:10:00,3.04,52.5,5.95,warning
2026-01-03 18:11:00,2.84,53.1,6.05,warning
2026-01-03 18:12:00,3.14,57.9,6.13,warning
2026-01-03 18:13:00,2.89,57.6,6.06,warning
2026-01-03 18:14:00,3.01,54.3,5.86,warning
2026-01-03 18:15:00,3.0,61.9,6.06,warning
2026-01-03 18:16:00,2.87,53.8,5.87,normal
2026-01-03 18:17:00,3.42,54.9,6.22,warning
2026-01-03 18:18:00,2.91,56.5,6.19,warning
2026-01-03 18:19:00,2.88,54.3,6.4,warning
2026-01-03 18:20:00,3.19,57.8,6.19,warning
2026-01-03 18:21:00,3.08,60.9,6.0,warning
2026-01-03 18:22:00,3.11,52.3,5.78,warning
2026-01-03 18:23:00,2.75,59.1,5.35,normal
2026-01-03 18:24:00,2.91,48.4,5.78,normal
2026-01-03 18:25:00,2.89,59.4,6.09,warning
2026-01-03 18:26:00,2.83,58.6,6.0,normal
2026-01-03 18:27:00,3.0,52.9,5.75,normal
2026-01-03 18:28:00,2.83,56.0,6.01,warning
2026-01-03 18:29:00,3.3,56.9,5.32,warning
2026-01-03 18:30:00,3.05,52.3,5.75,warning
2026-01-03 18:31:00,2.83,54.3,5.65,normal
2026-01-03 18:32:00,3.04,52.4,6.09,warning
2026-01-03 18:33:00,3.44,52.6,5.93,warning
2026-01-03 18:34:00,2.49,55.2,6.16,warning
2026-01-03 18:35:00,3.14,56.2,6.22,warning
2026-01-03 18:36:00,3.51,60.3,5.87,warning
2026-01-03 18:37:00,2.71,55.0,5.76,normal
2026-01-03 18:38:00,3.09,53.0,5.98,warning
2026-01-03 18:39:00,3.17,55.7,5.76,warning
2026-01-03 18:40:00,3.24,51.3,5.92,warning
2026-01-03 18:41:00,2.99,56.0,6.05,warning
2026-01-03 18:42:00,3.12,55.9,5.91,warning
2026-01-03 18:43:00,2.92,54.5,6.2,warning
2026-01-03 18:44:00,2.87,58.1,6.01,warning
2026-01-03 18:45:00,2.9,57.6,5.82,normal
2026-01-03 18:46:00,3.13,56.6,5.85,warning
2026-01-03 18:47:00,3.11,57.4,6.29,warning
2026-01-03 18:48:00,3.2,57.3,5.72,warning
2026-01-03 18:49:00,3.49,52.6,6.24,warning
2026-01-03 18:50:00,3.09,53.1,5.97,warning
2026-01-03 18:51:00,2.99,59.3,5.83,normal
2026-01-03 18:52:00,2.95,50.2,6.44,warning
2026-01-03 18:53:00,2.79,56.9,5.98,normal
2026-01-03 18:54:00,2.99,58.1,6.43,warning
2026-01-03 18:55:00,3.06,57.7,6.09,warning
2026-01-03 18:56:00,3.21,54.9,6.28,warning
2026-01-03 18:57:00,3.23,58.8,5.84,warning
2026-01-03 18:58:00,2.98,56.7,5.67,normal
2026-01-03 18:59:00,3.33,56.1,6.08,warning
2026-01-03 19:00:00,2.89,52.8,5.86,normal
2026-01-03 19:01:00,3.05,57.8,6.05,warning
2026-01-03 19:02:00,3.08,55.3,6.14,warning
2026-01-03 19:03:00,3.31,57.9,6.21,warning
2026-01-03 19:04:00,3.07,52.4,5.75,warning
2026-01-03 19:05:00,3.1,56.1,6.12,warning
2026-01-03 19:06:00,3.35,58.0,6.33,warning
2026-01-03 19:07:00,3.03,54.2,6.0,warning
2026-01-03 19:08:00,2.85,60.1,6.21,warning
2026-01-03 19:09:00,3.12,59.3,5.51,warning
2026-01-03 19:10:00,3.13,52.9,6.01,warning
2026-01-03 19:11:00,2.95,57.9,6.07,warning
2026-01-03 19:12:00,3.29,54.7,6.19,warning
2026-01-03 19:13:00,3.05,52.1,5.79,warning
2026-01-03 19:14:00,2.99,59.0,6.13,warning
2026-01-03 19:15:00,2.78,55.9,6.52,warning
2026-01-03 19:16:00,3.04,55.4,6.14,warning
2026-01-03 19:17:00,3.17,55.1,6.14,warning
2026-01-03 19:18:00,2.95,58.0,6.06,warning
2026-01-03 19:19:00,3.12,54.4,5.81,warning
2026-01-03 19:20:00,3.21,56.1,6.09,warning
2026-01-03 19:21:00,2.96,58.5,5.87,normal
2026-01-03 19:22:00,2.99,58.2,6.31,warning
2026-01-03 19:23:00,2.92,61.2,6.1,warning
2026-01-03 19:24:00,2.81,57.2,5.93,normal
2026-01-03 19:25:00,3.11,56.2,6.04,warning
2026-01-03 19:26:00,2.84,58.8,5.73,normal
2026-01-03 19:27:00,2.8,57.2,6.42,warning
2026-01-03 19:28:00,2.95,58.1,6.29,warning
2026-01-03 19:29:00,3.19,55.5,5.75,warning
2026-01-03 19:30:00,2.58,55.7,6.32,warning
2026-01-03 19:31:00,2.8,58.1,5.79,normal
2026-01-03 19:32:00,3.05,58.1,5.86,warning
2026-01-03 19:33:00,3.06,55.3,6.2,warning
2026-01-03 19:34:00,3.07,56.5,6.42,warning
2026-01-03 19:35:00,3.16,54.6,6.01,warning
2026-01-03 19:36:00,3.01,56.6,6.66,warning
2026-01-03 19:37:00,3.1,51.3,5.89,warning
2026-01-03 19:38:00,2.64,55.6,5.53,normal
2026-01-03 19:39:00,2.86,52.6,6.13,warning
2026-01-03 19:40:00,3.03,57.2,6.0,warning
2026-01-03 19:41:00,2.75,57.7,6.51,warning
2026-01-03 19:42:00,3.11,55.3,5.67,warning
2026-01-03 19:43:00,2.85,57.5,6.3,warning
2026-01-03 19:44:00,3.08,58.4,6.21,warning
2026-01-03 19:45:00,3.13,54.8,6.08,warning
2026-01-03 19:46:00,2.86,56.5,6.12,warning
2026-01-03 19:47:00,3.37,53.2,6.15,warning
2026-01-03 19:48:00,3.33,58.3,6.24,warning
2026-01-03 19:49:00,3.15,59.7,5.76,warning
2026-01-03 19:50:00,2.76,56.4,5.49,normal
2026-01-03 19:51:00,3.28,59.5,5.93,warning
2026-01-03 19:52:00,2.96,56.3,6.05,warning
2026-01-03 19:53:00,3.06,57.9,5.99,warning
2026-01-03 19:54:00,3.23,57.6,5.89,warning
2026-01-03 19:55:00,3.3,53.1,6.01,warning
2026-01-03 19:56:00,3.23,54.7,6.12,warning
2026-01-03 19:57:00,3.15,54.4,6.02,warning
2026-01-03 19:58:00,3.01,55.1,6.61,warning
2026-01-03 19:59:00,2.89,59.0,5.94,normal
2026-01-03 20:00:00,2.82,56.8,6.2,warning
2026-01-03 20:01:00,3.22,60.4,6.78,warning
2026-01-03 20:02:00,3.09,54.9,6.15,warning
2026-01-03 20:03:00,2.99,58.9,5.72,normal
2026-01-03 20:04:00,3.52,58.7,5.62,warning
2026-01-03 20:05:00,2.9,58.6,6.34,warning
2026-01-03 20:06:00,2.79,58.3,5.56,normal
2026-01-03 20:07:00,3.03,59.3,5.91,warning
2026-01-03 20:08:00,2.74,56.9,5.89,normal
2026-01-03 20:09:00,3.17,54.4,5.85,warning
2026-01-03 20:10:00,2.64,57.0,6.0,normal
2026-01-03 20:11:00,2.81,57.1,6.3,warning
2026-01-03 20:12:00,3.0,57.3,6.11,warning
2026-01-03 20:13:00,2.81,61.7,5.93,normal
2026-01-03 20:14:00,3.18,58.5,6.01,warning
2026-01-03 20:15:00,3.17,57.2,5.69,warning
2026-01-03 20:16:00,2.98,55.1,5.93,normal
2026-01-03 20:17:00,2.79,59.4,6.45,warning
2026-01-03 20:18:00,3.24,59.8,5.96,warning
2026-01-03 20:19:00,2.92,54.7,6.21,warning
2026-01-03 20:20:00,3.1,56.5,6.37,warning
2026-01-03 20:21:00,3.13,54.6,5.88,warning
2026-01-03 20:22:00,3.19,59.3,6.19,warning
2026-01-03 20:23:00,3.43,60.8,6.16,warning
2026-01-03 20:24:00,2.88,53.4,5.96,normal
2026-01-03 20:25:00,3.2,61.3,6.16,warning
2026-01-03 20:26:00,3.29,56.1,6.21,warning
2026-01-03 20:27:00,3.22,51.7,5.95,warning
2026-01-03 20:28:00,3.24,57.4,5.76,warning
2026-01-03 20:29:00,2.57,55.8,6.04,warning
2026-01-03 20:30:00,2.88,57.1,6.18,warning
2026-01-03 20:31:00,3.19,50.8,5.73,warning
2026-01-03 20:32:00,3.0,58.2,6.18,warning
2026-01-03 20:33:00,3.15,55.8,5.97,warning
2026-01-03 20:34:00,2.91,58.7,5.83,normal
2026-01-03 20:35:00,3.23,57.3,6.05,warning
2026-01-03 20:36:00,2.93,53.4,5.9,normal
2026-01-03 20:37:00,2.99,50.8,6.01,warning
2026-01-03 20:38:00,3.24,58.2,5.94,warning
2026-01-03 20:39:00,3.07,55.4,6.1,warning
2026-01-03 20:40:00,3.37,59.2,6.19,warning
2026-01-03 20:41:00,2.96,58.7,5.64,normal
2026-01-03 20:42:00,3.01,58.3,6.25,warning
2026-01-03 20:43:00,3.2,57.5,6.01,warning
2026-01-03 20:44:00,3.17,54.4,5.85,warning
2026-01-03 20:45:00,3.08,57.2,5.61,warning
2026-01-03 20:46:00,3.15,58.8,6.04,warning
2026-01-03 20:47:00,3.54,55.1,5.97,warning
2026-01-03 20:48:00,2.99,56.6,5.98,normal
2026-01-03 20:49:00,2.78,55.5,6.04,warning
2026-01-03 20:50:00,3.31,62.4,6.4,warning
2026-01-03 20:51:00,2.91,55.1,6.03,warning
2026-01-03 20:52:00,3.42,56.4,5.73,warning
2026-01-03 20:53:00,2.97,58.8,6.24,warning
2026-01-03 20:54:00,3.03,58.6,5.5,warning
2026-01-03 20:55:00,3.09,59.0,5.86,warning
2026-01-03 20:56:00,2.9,52.2,6.47,warning
2026-01-03 20:57:00,2.92,57.5,6.22,warning
2026-01-03 20:58:00,3.37,56.5,5.93,warning
2026-01-03 20:59:00,3.1,60.1,6.03,warning
2026-01-03 21:00:00,2.88,53.1,5.76,normal
2026-01-03 21:01:00,3.24,56.1,5.92,warning
2026-01-03 21:02:00,2.93,57.1,6.01,warning
2026-01-03 21:03:00,3.02,60.3,6.46,warning
2026-01-03 21:04:00,2.75,57.8,5.88,normal
2026-01-03 21:05:00,3.02,57.7,6.02,warning
2026-01-03 21:06:00,3.12,58.6,6.15,warning
2026-01-03 21:07:00,2.94,55.4,5.71,normal
2026-01-03 21:08:00,2.9,61.9,5.88,normal
2026-01-03 21:09:00,2.84,57.8,6.05,warning
2026-01-03 21:10:00,3.04,60.5,6.21,warning
2026-01-03 21:11:00,2.97,55.9,5.95,normal
2026-01-03 21:12:00,3.25,56.2,5.63,warning
2026-01-03 21:13:00,3.07,53.2,6.62,warning
2026-01-03 21:14:00,2.88,56.6,6.14,warning
2026-01-03 21:15:00,3.02,56.3,6.18,warning
2026-01-03 21:16:00,3.38,58.9,6.45,warning
2026-01-03 21:17:00,2.87,57.8,6.12,warning
2026-01-03 21:18:00,3.15,60.5,6.02,warning
2026-01-03 21:19:00,3.0,58.4,5.64,normal
2026-01-03 21:20:00,3.03,56.7,5.85,warning
2026-01-03 21:21:00,3.29,54.4,6.05,warning
2026-01-03 21:22:00,3.14,60.4,6.08,warning
2026-01-03 21:23:00,3.27,58.8,6.11,warning
2026-01-03 21:24:00,2.86,53.5,6.11,warning
2026-01-03 21:25:00,2.97,59.4,6.27,warning
2026-01-03 21:26:00,3.05,54.2,6.21,warning
2026-01-03 21:27:00,2.88,55.2,5.84,normal
2026-01-03 21:28:00,3.06,60.0,6.08,warning
2026-01-03 21:29:00,3.0,53.3,6.22,warning
2026-01-03 21:30:00,2.93,57.4,6.0,normal
2026-01-03 21:31:00,3.25,56.7,6.07,warning
2026-01-03 21:32:00,3.18,62.4,6.31,warning
2026-01-03 21:33:00,3.07,57.1,5.96,warning
2026-01-03 21:34:00,2.9,55.8,5.89,normal
2026-01-03 21:35:00,3.22,54.5,6.42,warning
2026-01-03 21:36:00,3.24,57.2,6.09,warning
2026-01-03 21:37:00,2.98,57.8,6.36,warning
2026-01-03 21:38:00,2.95,53.3,6.27,warning
2026-01-03 21:39:00,3.15,54.4,5.91,warning
2026-01-03 21:40:00,2.92,55.4,6.01,warning
2026-01-03 21:41:00,3.04,55.6,5.9,warning
2026-01-03 21:42:00,3.05,57.6,6.01,warning
2026-01-03 21:43:00,3.32,58.5,5.69,warning
2026-01-03 21:44:00,3.2,58.7,5.98,warning
2026-01-03 21:45:00,2.79,57.2,6.09,warning
2026-01-03 21:46:00,2.87,53.6,6.07,warning
2026-01-03 21:47:00,3.05,56.2,6.07,warning
2026-01-03 21:48:00,2.87,56.1,6.23,warning
2026-01-03 21:49:00,3.02,53.1,5.98,warning
2026-01-03 21:50:00,2.88,57.9,6.17,warning
2026-01-03 21:51:00,2.76,59.1,5.82,normal
2026-01-03 21:52:00,3.41,57.1,5.78,warning
2026-01-03 21:53:00,2.87,58.1,6.0,normal
2026-01-03 21:54:00,3.08,61.3,5.92,warning
2026-01-03 21:55:00,3.11,60.8,6.17,warning
2026-01-03 21:56:00,2.78,58.5,5.81,normal
2026-01-03 21:57:00,3.38,55.2,6.84,warning
2026-01-03 21:58:00,3.39,55.3,6.1,warning
2026-01-03 21:59:00,3.25,59.3,6.21,warning
2026-01-03 22:00:00,3.35,57.0,6.01,warning
2026-01-03 22:01:00,3.03,59.5,6.19,warning
2026-01-03 22:02:00,3.16,59.3,5.59,warning
2026-01-03 22:03:00,3.16,57.9,6.52,warning
2026-01-03 22:04:00,2.8,61.2,6.12,warning
2026-01-03 22:05:00,3.2,61.5,6.24,warning
2026-01-03 22:06:00,3.18,57.9,5.98,warning
2026-01-03 22:07:00,3.1,55.6,6.09,warning
2026-01-03 22:08:00,2.64,58.4,6.07,warning
2026-01-03 22:09:00,3.04,57.9,5.75,warning
2026-01-03 22:10:00,3.49,57.1,6.07,warning
2026-01-03 22:11:00,2.91,57.4,6.45,warning
2026-01-03 22:12:00,3.31,59.5,6.24,warning
2026-01-03 22:13:00,3.04,53.8,6.06,warning
2026-01-03 22:14:00,3.06,60.0,6.18,warning
2026-01-03 22:15:00,3.43,60.4,5.99,warning
2026-01-03 22:16:00,2.75,60.9,6.45,warning
2026-01-03 22:17:00,2.84,61.2,6.2,warning
2026-01-03 22:18:00,3.14,61.5,6.45,warning
2026-01-03 22:19:00,3.24,58.6,6.26,warning
2026-01-03 22:20:00,3.03,57.3,5.88,warning
2026-01-03 22:21:00,3.04,56.5,5.95,warning
2026-01-03 22:22:00,3.14,56.6,6.24,warning
2026-01-03 22:23:00,2.79,57.2,6.14,warning
2026-01-03 22:24:00,3.05,57.0,5.72,warning
2026-01-03 22:25:00,3.18,59.1,6.24,warning
2026-01-03 22:26:00,3.32,58.0,6.23,warning
2026-01-03 22:27:00,3.14,59.2,5.72,warning
2026-01-03 22:28:00,2.94,61.5,5.5,normal
2026-01-03 22:29:00,3.09,60.4,6.09,warning
2026-01-03 22:30:00,3.03,57.8,6.03,warning
2026-01-03 22:31:00,3.12,55.8,6.39,warning
2026-01-03 22:32:00,3.4,57.2,5.77,warning
2026-01-03 22:33:00,3.01,57.1,6.24,warning
2026-01-03 22:34:00,2.92,55.6,6.24,warning
2026-01-03 22:35:00,3.31,56.0,5.78,warning
2026-01-03 22:36:00,3.78,59.5,6.05,warning
2026-01-03 22:37:00,3.29,57.2,6.34,warning
2026-01-03 22:38:00,3.15,57.8,6.09,warning
2026-01-03 22:39:00,2.83,62.4,5.88,normal
2026-01-03 22:40:00,2.85,57.0,5.88,normal
2026-01-03 22:41:00,3.11,59.3,6.37,warning
2026-01-03 22:42:00,3.28,56.8,6.13,warning
2026-01-03 22:43:00,3.2,53.2,6.26,warning
2026-01-03 22:44:00,2.83,62.7,6.02,warning
2026-01-03 22:45:00,3.09,55.7,5.97,warning
2026-01-03 22:46:00,3.58,60.0,5.74,warning
2026-01-03 22:47:00,3.42,60.6,6.05,warning
2026-01-03 22:48:00,3.19,57.6,6.62,warning
2026-01-03 22:49:00,2.97,58.0,6.02,warning
2026-01-03 22:50:00,2.84,63.1,5.83,normal
2026-01-03 22:51:00,3.17,53.3,6.03,warning
2026-01-03 22:52:00,3.21,55.6,6.27,warning
2026-01-03 22:53:00,3.07,60.5,6.47,warning
2026-01-03 22:54:00,3.01,57.8,6.17,warning
2026-01-03 22:55:00,3.25,57.7,6.18,warning
2026-01-03 22:56:00,3.08,58.0,6.45,warning
2026-01-03 22:57:00,3.26,59.4,6.31,warning
2026-01-03 22:58:00,3.1,58.5,5.86,warning
2026-01-03 22:59:00,3.38,50.7,6.11,warning
2026-01-03 23:00:00,3.36,54.3,6.23,warning
2026-01-03 23:01:00,2.99,56.8,6.37,warning
2026-01-03 23:02:00,3.17,52.6,5.89,warning
2026-01-03 23:03:00,3.33,58.8,6.57,warning
2026-01-03 23:04:00,3.47,56.9,6.76,warning
2026-01-03 23:05:00,3.14,55.3,5.97,warning
2026-01-03 23:06:00,2.68,61.7,6.53,warning
2026-01-03 23:07:00,2.93,57.2,6.16,warning
2026-01-03 23:08:00,2.94,53.4,6.08,warning
2026-01-03 23:09:00,3.07,56.8,6.19,warning
2026-01-03 23:10:00,3.42,57.0,6.18,warning
2026-01-03 23:11:00,3.28,59.1,5.98,warning
2026-01-03 23:12:00,3.16,59.1,5.85,warning
2026-01-03 23:13:00,3.39,61.4,5.96,warning
2026-01-03 23:14:00,3.18,59.4,6.0,warning
2026-01-03 23:15:00,3.23,58.2,5.77,warning
2026-01-03 23:16:00,3.23,55.0,6.37,warning
2026-01-03 23:17:00,3.0,57.4,6.48,warning
2026-01-03 23:18:00,3.24,55.1,5.89,warning
2026-01-03 23:19:00,3.02,58.8,6.23,warning
2026-01-03 23:20:00,2.97,54.9,6.21,warning
2026-01-03 23:21:00,3.1,63.2,6.15,warning
2026-01-03 23:22:00,3.5,54.9,5.75,warning
2026-01-03 23:23:00,2.92,60.8,6.58,warning
2026-01-03 23:24:00,2.99,56.7,5.85,normal
2026-01-03 23:25:00,2.78,59.7,6.2,warning
2026-01-03 23:26:00,3.15,54.4,6.55,warning
2026-01-03 23:27:00,3.04,59.2,5.78,warning
2026-01-03 23:28:00,3.11,58.6,6.23,warning
2026-01-03 23:29:00,3.18,59.1,5.86,warning
2026-01-03 23:30:00,3.18,58.2,6.2,warning
2026-01-03 23:31:00,3.16,54.7,5.82,warning
2026-01-03 23:32:00,2.7,59.9,6.35,warning
2026-01-03 23:33:00,3.32,58.7,5.61,warning
2026-01-03 23:34:00,2.94,58.3,6.18,warning
2026-01-03 23:35:00,3.1,58.8,6.15,warning
2026-01-03 23:36:00,3.17,56.3,6.39,warning
2026-01-03 23:37:00,3.06,54.6,5.96,warning
2026-01-03 23:38:00,3.08,60.4,6.14,warning
2026-01-03 23:39:00,3.11,54.8,6.35,warning
2026-01-03 23:40:00,3.02,57.7,6.52,warning
2026-01-03 23:41:00,3.25,53.9,5.71,warning
2026-01-03 23:42:00,3.14,54.9,6.31,warning
2026-01-03 23:43:00,3.16,58.4,5.98,warning
2026-01-03 23:44:00,3.5,65.1,6.08,warning
2026-01-03 23:45:00,3.22,58.2,6.09,warning
2026-01-03 23:46:00,2.99,55.3,5.87,normal
2026-01-03 23:47:00,3.23,56.7,5.51,warning
2026-01-03 23:48:00,3.24,57.9,6.49,warning
2026-01-03 23:49:00,3.23,54.3,5.6,warning
2026-01-03 23:50:00,3.01,56.5,6.39,warning
2026-01-03 23:51:00,3.15,60.9,5.82,warning
2026-01-03 23:52:00,3.35,59.8,5.65,warning
2026-01-03 23:53:00,3.42,58.3,6.25,warning
2026-01-03 23:54:00,2.98,61.2,5.86,normal
2026-01-03 23:55:00,3.32,60.1,5.91,warning
2026-01-03 23:56:00,3.55,58.6,6.32,warning
2026-01-03 23:57:00,2.85,63.4,5.85,normal
2026-01-03 23:58:00,3.36,55.6,6.0,warning
2026-01-03 23:59:00,3.32,60.6,5.84,warning
2026-01-04 00:00:00,3.38,60.7,5.93,warning
2026-01-04 00:01:00,3.48,54.4,6.0,warning
2026-01-04 00:02:00,3.26,56.0,6.23,warning
2026-01-04 00:03:00,3.21,57.6,6.37,warning
2026-01-04 00:04:00,3.12,58.7,6.45,warning
2026-01-04 00:05:00,3.32,60.1,5.88,warning
2026-01-04 00:06:00,3.27,55.9,5.84,warning
2026-01-04 00:07:00,3.15,55.9,6.36,warning
2026-01-04 00:08:00,3.33,53.4,5.96,warning
2026-01-04 00:09:00,2.87,57.0,6.28,warning
2026-01-04 00:10:00,3.12,56.7,6.49,warning
2026-01-04 00:11:00,2.7,61.2,6.03,warning
2026-01-04 00:12:00,3.15,56.8,6.55,warning
2026-01-04 00:13:00,2.92,58.2,6.3,warning
2026-01-04 00:14:00,2.85,55.9,6.13,warning
2026-01-04 00:15:00,2.99,56.1,6.08,warning
2026-01-04 00:16:00,3.3,57.3,6.44,warning
2026-01-04 00:17:00,2.97,55.1,6.65,warning
2026-01-04 00:18:00,3.04,54.9,5.73,warning
2026-01-04 00:19:00,3.38,57.4,6.11,warning
2026-01-04 00:20:00,3.14,60.7,6.13,warning
2026-01-04 00:21:00,3.64,58.6,6.44,warning
2026-01-04 00:22:00,3.33,58.1,6.02,warning
2026-01-04 00:23:00,3.24,59.5,6.03,warning
2026-01-04 00:24:00,3.21,61.3,6.69,warning
2026-01-04 00:25:00,3.34,62.9,6.02,warning
2026-01-04 00:26:00,3.31,61.6,5.95,warning
2026-01-04 00:27:00,3.08,62.6,5.93,warning
2026-01-04 00:28:00,2.91,62.1,6.47,warning
2026-01-04 00:29:00,3.26,58.2,6.07,warning
2026-01-04 00:30:00,3.23,62.2,6.23,warning
2026-01-04 00:31:00,3.61,56.0,6.17,warning
2026-01-04 00:32:00,3.1,55.6,6.14,warning
2026-01-04 00:33:00,3.26,59.6,6.72,warning
2026-01-04 00:34:00,3.27,61.2,6.19,warning
2026-01-04 00:35:00,3.51,64.3,6.31,warning
2026-01-04 00:36:00,2.98,56.9,6.25,warning
2026-01-04 00:37:00,3.27,60.1,6.29,warning
2026-01-04 00:38:00,3.18,56.7,6.28,warning
2026-01-04 00:39:00,3.55,60.9,6.31,warning
2026-01-04 00:40:00,3.39,57.4,6.05,warning
2026-01-04 00:41:00,3.03,58.0,6.08,warning
2026-01-04 00:42:00,3.42,57.2,5.98,warning
2026-01-04 00:43:00,3.57,57.2,6.22,warning
2026-01-04 00:44:00,3.27,55.5,6.49,warning
2026-01-04 00:45:00,3.31,62.3,6.01,warning
2026-01-04 00:46:00,3.2,58.5,6.25,warning
2026-01-04 00:47:00,2.89,58.7,5.83,normal
2026-01-04 00:48:00,3.26,53.1,5.72,warning
2026-01-04 00:49:00,3.35,57.0,5.94,warning
2026-01-04 00:50:00,3.44,59.2,6.4,warning
2026-01-04 00:51:00,3.15,65.1,6.03,warning
2026-01-04 00:52:00,3.54,58.3,5.77,warning
2026-01-04 00:53:00,3.28,59.2,5.92,warning
2026-01-04 00:54:00,3.0,58.4,6.27,warning
2026-01-04 00:55:00,2.69,61.1,6.06,warning
2026-01-04 00:56:00,2.92,60.8,6.18,warning
2026-01-04 00:57:00,3.43,59.5,6.19,warning
2026-01-04 00:58:00,3.16,59.7,6.09,warning
2026-01-04 00:59:00,3.02,60.0,6.15,warning
2026-01-04 01:00:00,3.2,61.2,6.16,warning
2026-01-04 01:01:00,3.19,57.0,6.3,warning
2026-01-04 01:02:00,3.26,60.7,6.05,warning
2026-01-04 01:03:00,3.1,60.5,6.25,warning
2026-01-04 01:04:00,3.01,61.8,5.77,warning
2026-01-04 01:05:00,3.35,55.3,6.66,warning
2026-01-04 01:06:00,2.88,61.4,6.17,warning
2026-01-04 01:07:00,3.12,59.0,6.35,warning
2026-01-04 01:08:00,3.01,56.5,6.36,warning
2026-01-04 01:09:00,2.85,57.1,6.95,warning
2026-01-04 01:10:00,3.0,61.4,6.05,warning
2026-01-04 01:11:00,3.3,60.2,6.48,warning
2026-01-04 01:12:00,3.16,63.5,6.05,warning
2026-01-04 01:13:00,3.24,59.2,5.92,warning
2026-01-04 01:14:00,3.14,59.0,6.09,warning
2026-01-04 01:15:00,3.69,56.5,6.49,warning
2026-01-04 01:16:00,3.37,58.5,5.98,warning
2026-01-04 01:17:00,3.05,57.3,5.75,warning
2026-01-04 01:18:00,3.0,54.9,6.54,warning
2026-01-04 01:19:00,3.32,60.6,6.35,warning
2026-01-04 01:20:00,3.23,62.3,6.05,warning
2026-01-04 01:21:00,3.22,60.5,5.87,warning
2026-01-04 01:22:00,3.82,58.7,6.24,warning
2026-01-04 01:23:00,3.45,60.9,6.21,warning
2026-01-04 01:24:00,3.23,54.9,6.06,warning
2026-01-04 01:25:00,3.31,59.7,6.51,warning
2026-01-04 01:26:00,3.18,55.2,6.47,warning
2026-01-04 01:27:00,3.49,60.9,6.16,warning
2026-01-04 01:28:00,3.41,67.2,6.23,warning
2026-01-04 01:29:00,2.94,57.2,6.36,warning
2026-01-04 01:30:00,2.88,59.1,6.3,warning
2026-01-04 01:31:00,3.51,61.9,6.42,warning
2026-01-04 01:32:00,2.77,61.0,6.38,warning
2026-01-04 01:33:00,3.26,54.4,6.01,warning
2026-01-04 01:34:00,2.97,53.7,6.21,warning
2026-01-04 01:35:00,3.05,65.3,6.17,warning
2026-01-04 01:36:00,3.47,54.8,6.08,warning
2026-01-04 01:37:00,3.23,56.4,6.1,warning
2026-01-04 01:38:00,3.17,58.1,6.67,warning
2026-01-04 01:39:00,3.29,59.9,6.34,warning
2026-01-04 01:40:00,3.33,58.5,6.13,warning
2026-01-04 01:41:00,3.24,61.6,6.49,warning
2026-01-04 01:42:00,3.16,60.7,6.16,warning
2026-01-04 01:43:00,3.22,57.6,6.17,warning
2026-01-04 01:44:00,3.48,59.0,6.25,warning
2026-01-04 01:45:00,2.92,58.0,6.15,warning
2026-01-04 01:46:00,3.05,58.8,6.11,warning
2026-01-04 01:47:00,3.23,59.1,5.97,warning
2026-01-04 01:48:00,3.13,59.0,6.51,warning
2026-01-04 01:49:00,3.27,57.1,6.31,warning
2026-01-04 01:50:00,3.56,61.1,6.35,warning
2026-01-04 01:51:00,3.36,62.4,6.48,warning
2026-01-04 01:52:00,3.33,61.5,5.95,warning
2026-01-04 01:53:00,2.92,59.2,6.23,warning
2026-01-04 01:54:00,3.11,60.9,5.75,warning
2026-01-04 01:55:00,3.11,57.6,5.81,warning
2026-01-04 01:56:00,3.52,55.4,6.07,warning
2026-01-04 01:57:00,3.4,60.5,5.94,warning
2026-01-04 01:58:00,3.36,59.6,6.8,warning
2026-01-04 01:59:00,3.3,58.5,6.01,warning
2026-01-04 02:00:00,3.07,56.8,6.56,warning
2026-01-04 02:01:00,3.22,60.3,6.6,warning
2026-01-04 02:02:00,2.75,62.1,6.24,warning
2026-01-04 02:03:00,3.31,56.8,6.03,warning
2026-01-04 02:04:00,3.32,64.9,6.47,warning
2026-01-04 02:05:00,3.48,58.4,6.07,warning
2026-01-04 02:06:00,3.07,57.7,5.71,warning
2026-01-04 02:07:00,3.08,57.5,6.18,warning
2026-01-04 02:08:00,3.25,59.8,6.22,warning
2026-01-04 02:09:00,3.11,54.0,6.08,warning
2026-01-04 02:10:00,3.03,60.1,6.45,warning
2026-01-04 02:11:00,3.41,60.8,6.19,warning
2026-01-04 02:12:00,3.12,57.1,5.85,warning
2026-01-04 02:13:00,3.43,58.5,5.92,warning
2026-01-04 02:14:00,3.06,56.8,6.24,warning
2026-01-04 02:15:00,3.44,58.1,5.66,warning
2026-01-04 02:16:00,3.19,58.6,6.17,warning
2026-01-04 02:17:00,3.1,59.5,6.25,warning
2026-01-04 02:18:00,3.22,60.0,6.12,warning
2026-01-04 02:19:00,3.13,62.4,6.37,warning
2026-01-04 02:20:00,3.4,62.1,6.36,warning
2026-01-04 02:21:00,3.42,55.1,6.28,warning
2026-01-04 02:22:00,3.19,63.2,6.46,warning
2026-01-04 02:23:00,3.11,59.9,6.27,warning
2026-01-04 02:24:00,3.32,56.5,6.32,warning
2026-01-04 02:25:00,3.19,59.7,6.05,warning
2026-01-04 02:26:00,3.12,62.0,5.97,warning
2026-01-04 02:27:00,3.04,58.9,6.04,warning
2026-01-04 02:28:00,3.06,59.3,5.86,warning
2026-01-04 02:29:00,3.03,64.2,6.35,warning
2026-01-04 02:30:00,3.09,60.1,6.38,warning
2026-01-04 02:31:00,3.43,58.7,6.48,warning
2026-01-04 02:32:00,2.83,56.4,6.28,warning
2026-01-04 02:33:00,3.3,56.8,6.3,warning
2026-01-04 02:34:00,3.11,58.4,6.49,warning
2026-01-04 02:35:00,3.42,56.6,5.97,warning
2026-01-04 02:36:00,3.16,59.0,6.07,warning
2026-01-04 02:37:00,3.45,60.0,6.34,warning
2026-01-04 02:38:00,2.99,62.0,5.53,normal
2026-01-04 02:39:00,3.41,61.5,6.13,warning
2026-01-04 02:40:00,3.49,59.0,6.26,warning
2026-01-04 02:41:00,3.31,67.1,6.58,warning
2026-01-04 02:42:00,3.38,56.9,6.28,warning
2026-01-04 02:43:00,3.08,61.2,6.28,warning
2026-01-04 02:44:00,3.02,59.4,6.03,warning
2026-01-04 02:45:00,3.27,57.0,6.25,warning
2026-01-04 02:46:00,3.39,59.0,6.15,warning
2026-01-04 02:47:00,3.28,60.9,5.97,warning
2026-01-04 02:48:00,3.3,62.5,6.39,warning
2026-01-04 02:49:00,3.26,60.8,6.36,warning
2026-01-04 02:50:00,3.4,54.1,5.86,warning
2026-01-04 02:51:00,3.45,55.4,6.35,warning
2026-01-04 02:52:00,3.18,56.7,6.33,warning
2026-01-04 02:53:00,3.29,64.5,6.09,warning
2026-01-04 02:54:00,3.54,60.1,6.08,warning
2026-01-04 02:55:00,3.41,60.6,6.26,warning
2026-01-04 02:56:00,3.3,57.7,6.04,warning
2026-01-04 02:57:00,3.4,58.7,6.23,warning
2026-01-04 02:58:00,3.31,59.9,5.89,warning
2026-01-04 02:59:00,3.51,59.5,6.2,warning
2026-01-04 03:00:00,3.34,59.8,6.44,warning
2026-01-04 03:01:00,3.36,61.1,6.59,warning
2026-01-04 03:02:00,3.43,58.9,5.97,warning
2026-01-04 03:03:00,3.59,58.7,6.13,warning
2026-01-04 03:04:00,2.9,60.1,6.29,warning
2026-01-04 03:05:00,2.95,60.4,6.13,warning
2026-01-04 03:06:00,3.79,57.9,6.14,warning
2026-01-04 03:07:00,3.08,62.5,6.16,warning
2026-01-04 03:08:00,3.11,61.1,5.91,warning
2026-01-04 03:09:00,3.38,63.8,6.4,warning
2026-01-04 03:10:00,3.38,61.5,6.68,warning
2026-01-04 03:11:00,3.5,60.4,6.48,warning
2026-01-04 03:12:00,3.08,61.3,6.0,warning
2026-01-04 03:13:00,3.18,51.6,6.36,warning
2026-01-04 03:14:00,3.13,62.1,6.35,warning
2026-01-04 03:15:00,3.48,56.6,6.52,warning
2026-01-04 03:16:00,3.68,61.3,6.46,warning
2026-01-04 03:17:00,3.29,58.1,6.45,warning
2026-01-04 03:18:00,2.96,58.3,5.82,normal
2026-01-04 03:19:00,3.12,61.0,6.39,warning
2026-01-04 03:20:00,3.27,59.8,5.79,warning
2026-01-04 03:21:00,3.19,57.7,6.1,warning
2026-01-04 03:22:00,3.38,57.2,6.11,warning
2026-01-04 03:23:00,2.84,58.7,5.99,normal
2026-01-04 03:24:00,3.28,57.0,6.29,warning
2026-01-04 03:25:00,3.23,63.6,6.39,warning
2026-01-04 03:26:00,2.9,56.3,6.28,warning
2026-01-04 03:27:00,3.08,52.0,6.6,warning
2026-01-04 03:28:00,3.41,60.7,6.11,warning
2026-01-04 03:29:00,3.35,57.7,6.32,warning
2026-01-04 03:30:00,3.08,63.2,5.87,warning
2026-01-04 03:31:00,3.51,59.6,6.14,warning
2026-01-04 03:32:00,3.3,61.3,6.61,warning
2026-01-04 03:33:00,3.33,57.2,6.28,warning
2026-01-04 03:34:00,3.63,62.8,6.49,warning
2026-01-04 03:35:00,3.43,61.2,6.56,warning
2026-01-04 03:36:00,3.18,56.1,6.29,warning
2026-01-04 03:37:00,3.11,56.9,6.09,warning
2026-01-04 03:38:00,3.77,59.8,6.36,warning
2026-01-04 03:39:00,3.03,54.9,6.06,warning
2026-01-04 03:40:00,3.56,60.3,6.42,warning
2026-01-04 03:41:00,3.42,58.0,6.62,warning
2026-01-04 03:42:00,3.14,63.0,6.38,warning
2026-01-04 03:43:00,2.91,57.7,5.83,normal
2026-01-04 03:44:00,3.5,59.5,5.72,warning
2026-01-04 03:45:00,3.35,58.2,5.9,warning
2026-01-04 03:46:00,3.61,59.8,6.2,warning
2026-01-04 03:47:00,3.19,55.8,5.95,warning
2026-01-04 03:48:00,3.53,58.4,6.28,warning
2026-01-04 03:49:00,2.87,56.3,6.43,warning
2026-01-04 03:50:00,3.35,64.0,6.61,warning
2026-01-04 03:51:00,3.23,60.8,6.2,warning
2026-01-04 03:52:00,3.69,62.5,6.32,warning
2026-01-04 03:53:00,3.32,63.2,6.42,warning
2026-01-04 03:54:00,3.59,54.1,6.39,warning
2026-01-04 03:55:00,3.17,64.0,6.66,warning
2026-01-04 03:56:00,3.28,63.5,6.72,warning
2026-01-04 03:57:00,3.29,65.8,6.27,warning
2026-01-04 03:58:00,3.24,61.8,6.19,warning
2026-01-04 03:59:00,3.3,63.2,6.28,warning
2026-01-04 04:00:00,2.94,60.6,6.11,warning
2026-01-04 04:01:00,3.45,61.4,6.65,warning
2026-01-04 04:02:00,3.46,62.4,6.11,warning
2026-01-04 04:03:00,3.44,64.6,6.11,warning
2026-01-04 04:04:00,3.64,58.3,6.07,warning
2026-01-04 04:05:00,3.34,61.5,6.51,warning
2026-01-04 04:06:00,3.09,60.8,6.11,warning
2026-01-04 04:07:00,2.99,57.4,6.1,warning
2026-01-04 04:08:00,3.39,62.6,5.92,warning
2026-01-04 04:09:00,3.36,56.8,6.44,warning
2026-01-04 04:10:00,3.16,57.1,6.49,warning
2026-01-04 04:11:00,3.17,58.9,5.73,warning
2026-01-04 04:12:00,3.48,61.8,6.29,warning
2026-01-04 04:13:00,2.98,62.8,6.12,warning
2026-01-04 04:14:00,3.2,65.5,6.11,warning
2026-01-04 04:15:00,3.44,61.1,6.39,warning
2026-01-04 04:16:00,3.34,60.7,6.36,warning
2026-01-04 04:17:00,3.28,63.5,5.96,warning
2026-01-04 04:18:00,3.49,61.8,6.46,warning
2026-01-04 04:19:00,3.51,59.5,5.82,warning
2026-01-04 04:20:00,3.28,57.3,6.11,warning
2026-01-04 04:21:00,3.04,58.6,6.14,warning
2026-01-04 04:22:00,2.82,61.5,6.85,warning
2026-01-04 04:23:00,3.41,59.3,6.28,warning
2026-01-04 04:24:00,3.21,60.0,6.28,warning
2026-01-04 04:25:00,3.12,64.0,5.92,warning
2026-01-04 04:26:00,3.44,59.6,6.77,warning
2026-01-04 04:27:00,3.36,58.9,6.23,warning
2026-01-04 04:28:00,3.3,57.0,6.1,warning
2026-01-04 04:29:00,2.94,57.5,6.32,warning
2026-01-04 04:30:00,3.36,54.9,6.26,warning
2026-01-04 04:31:00,3.41,59.4,6.14,warning
2026-01-04 04:32:00,3.21,58.5,6.14,warning
2026-01-04 04:33:00,3.33,65.6,6.11,warning
2026-01-04 04:34:00,3.23,59.7,6.13,warning
2026-01-04 04:35:00,3.52,53.9,6.16,warning
2026-01-04 04:36:00,3.46,59.1,6.09,warning
2026-01-04 04:37:00,3.39,62.1,6.35,warning
2026-01-04 04:38:00,3.14,61.0,6.2,warning
2026-01-04 04:39:00,3.45,63.6,5.65,warning
2026-01-04 04:40:00,3.32,55.6,6.91,warning
2026-01-04 04:41:00,3.21,61.8,6.29,warning
2026-01-04 04:42:00,3.14,57.6,6.7,warning
2026-01-04 04:43:00,3.49,64.8,6.32,warning
2026-01-04 04:44:00,3.36,59.3,6.23,warning
2026-01-04 04:45:00,3.09,60.1,6.11,warning
2026-01-04 04:46:00,3.39,60.4,6.38,warning
2026-01-04 04:47:00,3.64,59.9,6.49,warning
2026-01-04 04:48:00,3.71,63.2,6.59,warning
2026-01-04 04:49:00,3.24,60.5,5.98,warning
2026-01-04 04:50:00,3.41,60.7,6.31,warning
2026-01-04 04:51:00,3.51,57.0,6.71,warning
2026-01-04 04:52:00,3.49,59.8,6.27,warning
2026-01-04 04:53:00,3.4,63.8,6.33,warning
2026-01-04 04:54:00,3.34,60.0,6.75,warning
2026-01-04 04:55:00,3.23,59.9,6.67,warning
2026-01-04 04:56:00,3.34,62.8,6.08,warning
2026-01-04 04:57:00,3.27,63.7,6.14,warning
2026-01-04 04:58:00,3.28,60.7,6.06,warning
2026-01-04 04:59:00,3.23,60.3,6.32,warning
2026-01-04 05:00:00,3.57,63.9,6.1,warning
2026-01-04 05:01:00,3.33,61.7,6.69,warning
2026-01-04 05:02:00,3.45,60.8,6.48,warning
2026-01-04 05:03:00,3.45,57.7,6.36,warning
2026-01-04 05:04:00,3.6,59.5,6.34,warning
2026-01-04 05:05:00,3.26,54.3,6.32,warning
2026-01-04 05:06:00,3.37,58.8,6.02,warning
2026-01-04 05:07:00,3.14,62.0,6.81,warning
2026-01-04 05:08:00,3.59,56.7,6.53,warning
2026-01-04 05:09:00,3.18,58.6,6.2,warning
2026-01-04 05:10:00,3.46,62.5,6.29,warning
2026-01-04 05:11:00,3.3,61.3,6.46,warning
2026-01-04 05:12:00,3.55,56.9,6.32,warning
2026-01-04 05:13:00,3.1,60.0,6.26,warning
2026-01-04 05:14:00,3.31,58.1,5.95,warning
2026-01-04 05:15:00,2.9,59.8,6.21,warning
2026-01-04 05:16:00,3.18,63.4,6.1,warning
2026-01-04 05:17:00,3.6,64.2,5.83,warning
2026-01-04 05:18:00,3.34,59.2,5.59,warning
2026-01-04 05:19:00,3.03,62.1,6.82,warning
2026-01-04 05:20:00,3.5,61.0,6.31,warning
2026-01-04 05:21:00,3.66,65.5,6.17,warning
2026-01-04 05:22:00,2.92,54.9,6.65,warning
2026-01-04 05:23:00,3.31,60.6,5.87,warning
2026-01-04 05:24:00,3.17,59.5,6.37,warning
2026-01-04 05:25:00,3.24,57.6,6.13,warning
2026-01-04 05:26:00,3.56,60.8,6.48,warning
2026-01-04 05:27:00,3.14,52.8,6.19,warning
2026-01-04 05:28:00,3.15,61.1,7.15,warning
2026-01-04 05:29:00,3.46,67.1,6.47,warning
2026-01-04 05:30:00,3.2,61.1,6.77,warning
2026-01-04 05:31:00,3.69,58.8,6.39,warning
2026-01-04 05:32:00,3.04,62.3,6.71,warning
2026-01-04 05:33:00,3.33,58.6,6.42,warning
2026-01-04 05:34:00,3.41,60.5,6.37,warning
2026-01-04 05:35:00,3.29,62.8,6.51,warning
2026-01-04 05:36:00,3.13,57.7,6.26,warning
2026-01-04 05:37:00,3.48,60.6,6.17,warning
2026-01-04 05:38:00,3.38,59.5,6.55,warning
2026-01-04 05:39:00,3.4,59.5,6.39,warning
2026-01-04 05:40:00,3.59,58.9,6.43,warning
2026-01-04 05:41:00,3.32,61.4,6.17,warning
2026-01-04 05:42:00,3.35,63.1,6.1,warning
2026-01-04 05:43:00,3.07,57.1,6.04,warning
2026-01-04 05:44:00,3.45,56.8,6.26,warning
2026-01-04 05:45:00,3.46,61.4,6.24,warning
2026-01-04 05:46:00,3.37,60.6,6.28,warning
2026-01-04 05:47:00,3.29,65.9,6.54,warning
2026-01-04 05:48:00,3.83,59.1,6.31,warning
2026-01-04 05:49:00,3.07,58.3,6.81,warning
2026-01-04 05:50:00,3.23,65.2,6.02,warning
2026-01-04 05:51:00,3.13,59.5,6.32,warning
2026-01-04 05:52:00,3.52,61.5,6.23,warning
2026-01-04 05:53:00,3.31,59.6,6.11,warning
2026-01-04 05:54:00,3.16,63.0,5.88,warning
2026-01-04 05:55:00,3.66,59.5,6.14,warning
2026-01-04 05:56:00,3.49,64.1,6.62,warning
2026-01-04 05:57:00,3.44,63.1,5.91,warning
2026-01-04 05:58:00,3.23,58.1,6.65,warning
2026-01-04 05:59:00,3.26,62.5,6.47,warning
2026-01-04 06:00:00,3.17,59.0,6.66,warning
2026-01-04 06:01:00,3.19,60.7,6.15,warning
2026-01-04 06:02:00,3.28,60.3,6.15,warning
2026-01-04 06:03:00,3.15,61.2,6.13,warning
2026-01-04 06:04:00,3.18,58.1,6.32,warning
2026-01-04 06:05:00,3.53,64.2,6.16,warning
2026-01-04 06:06:00,3.77,58.0,6.61,warning
2026-01-04 06:07:00,3.2,58.3,6.16,warning
2026-01-04 06:08:00,3.33,61.9,6.51,warning
2026-01-04 06:09:00,3.16,58.0,6.12,warning
2026-01-04 06:10:00,3.32,60.0,6.11,warning
2026-01-04 06:11:00,3.4,66.2,6.22,warning
2026-01-04 06:12:00,3.26,61.9,6.21,warning
2026-01-04 06:13:00,3.48,58.7,6.8,warning
2026-01-04 06:14:00,3.42,59.0,6.2,warning
2026-01-04 06:15:00,3.24,64.0,6.03,warning
2026-01-04 06:16:00,3.21,59.1,6.34,warning
2026-01-04 06:17:00,3.29,56.8,6.25,warning
2026-01-04 06:18:00,3.33,59.0,6.52,warning
2026-01-04 06:19:00,3.53,60.4,6.41,warning
2026-01-04 06:20:00,2.92,59.5,6.6,warning
2026-01-04 06:21:00,3.27,58.7,6.92,warning
2026-01-04 06:22:00,3.72,61.7,6.64,warning
2026-01-04 06:23:00,2.91,58.6,6.23,warning
2026-01-04 06:24:00,3.31,59.4,5.71,warning
2026-01-04 06:25:00,3.43,61.9,6.75,warning
2026-01-04 06:26:00,3.2,58.4,5.68,warning
2026-01-04 06:27:00,3.3,62.9,6.2,warning
2026-01-04 06:28:00,3.78,60.0,6.39,warning
2026-01-04 06:29:00,3.08,61.3,5.86,warning
2026-01-04 06:30:00,3.49,62.4,6.7,warning
2026-01-04 06:31:00,3.15,61.0,6.5,warning
2026-01-04 06:32:00,3.44,58.5,5.76,warning
2026-01-04 06:33:00,3.43,60.3,6.22,warning
2026-01-04 06:34:00,3.51,60.5,6.03,warning
2026-01-04 06:35:00,2.97,57.8,6.96,warning
2026-01-04 06:36:00,3.5,61.1,6.31,warning
2026-01-04 06:37:00,3.31,63.6,6.24,warning
2026-01-04 06:38:00,3.47,59.8,6.84,warning
2026-01-04 06:39:00,3.51,63.8,6.21,warning
2026-01-04 06:40:00,3.57,59.9,6.39,warning
2026-01-04 06:41:00,3.69,58.1,6.41,warning
2026-01-04 06:42:00,3.45,62.0,6.25,warning
2026-01-04 06:43:00,3.78,57.5,6.73,warning
2026-01-04 06:44:00,3.61,65.5,5.97,warning
2026-01-04 06:45:00,3.19,64.4,5.89,warning
2026-01-04 06:46:00,3.04,59.5,6.41,warning
2026-01-04 06:47:00,3.68,60.3,6.21,warning
2026-01-04 06:48:00,3.43,61.9,6.47,warning
2026-01-04 06:49:00,3.33,55.9,6.14,warning
2026-01-04 06:50:00,3.65,61.2,6.28,warning
2026-01-04 06:51:00,3.59,57.9,6.31,warning
2026-01-04 06:52:00,3.39,59.7,6.39,warning
2026-01-04 06:53:00,3.33,57.3,6.41,warning
2026-01-04 06:54:00,3.1,61.2,6.71,warning
2026-01-04 06:55:00,3.31,57.9,6.34,warning
2026-01-04 06:56:00,3.2,62.3,6.33,warning
2026-01-04 06:57:00,3.71,63.7,6.33,warning
2026-01-04 06:58:00,3.51,59.8,6.38,warning
2026-01-04 06:59:00,3.3,62.7,6.73,warning
2026-01-04 07:00:00,3.53,63.1,6.6,warning
2026-01-04 07:01:00,3.48,58.0,6.8,warning
2026-01-04 07:02:00,3.73,60.2,6.28,warning
2026-01-04 07:03:00,3.49,62.2,6.32,warning
2026-01-04 07:04:00,3.12,61.6,6.51,warning
2026-01-04 07:05:00,3.52,61.7,6.3,warning
2026-01-04 07:06:00,3.57,61.0,6.26,warning
2026-01-04 07:07:00,3.34,56.5,6.33,warning
2026-01-04 07:08:00,3.51,61.7,6.75,warning
2026-01-04 07:09:00,3.32,62.1,6.57,warning
2026-01-04 07:10:00,3.84,61.2,6.11,warning
2026-01-04 07:11:00,3.55,65.5,6.3,warning
2026-01-04 07:12:00,3.54,64.0,6.63,warning
2026-01-04 07:13:00,3.4,59.2,6.36,warning
2026-01-04 07:14:00,3.47,63.2,6.46,warning
2026-01-04 07:15:00,3.3,62.3,6.59,warning
2026-01-04 07:16:00,3.45,58.8,6.33,warning
2026-01-04 07:17:00,3.57,57.5,5.86,warning
2026-01-04 07:18:00,3.68,62.2,6.53,warning
2026-01-04 07:19:00,3.16,62.8,6.45,warning
2026-01-04 07:20:00,3.06,64.5,6.42,warning
2026-01-04 07:21:00,3.3,60.0,5.88,warning
2026-01-04 07:22:00,3.5,61.6,6.33,warning
2026-01-04 07:23:00,3.64,57.5,6.23,warning
2026-01-04 07:24:00,3.21,60.3,6.4,warning
2026-01-04 07:25:00,3.47,60.1,6.16,warning
2026-01-04 07:26:00,3.72,67.0,6.42,warning
2026-01-04 07:27:00,3.23,64.7,6.02,warning
2026-01-04 07:28:00,3.32,59.3,6.09,warning
2026-01-04 07:29:00,3.33,58.8,6.39,warning
2026-01-04 07:30:00,3.39,59.5,6.29,warning
2026-01-04 07:31:00,3.34,63.0,6.35,warning
2026-01-04 07:32:00,3.55,62.5,6.53,warning
2026-01-04 07:33:00,3.66,58.2,6.27,warning
2026-01-04 07:34:00,3.74,60.4,5.68,warning
2026-01-04 07:35:00,3.35,61.4,5.73,warning
2026-01-04 07:36:00,3.66,59.3,6.47,warning
2026-01-04 07:37:00,3.34,57.8,6.12,warning
2026-01-04 07:38:00,3.2,63.8,6.35,warning
2026-01-04 07:39:00,3.29,58.7,6.69,warning
2026-01-04 07:40:00,3.68,64.0,6.51,warning
2026-01-04 07:41:00,3.45,58.0,6.33,warning
2026-01-04 07:42:00,3.25,56.5,6.66,warning
2026-01-04 07:43:00,3.25,64.1,6.61,warning
2026-01-04 07:44:00,3.5,62.6,6.24,warning
2026-01-04 07:45:00,3.76,61.2,6.47,warning
2026-01-04 07:46:00,3.26,58.8,6.51,warning
2026-01-04 07:47:00,3.44,59.1,6.03,warning
2026-01-04 07:48:00,3.14,64.1,6.24,warning
2026-01-04 07:49:00,3.33,64.8,6.11,warning
2026-01-04 07:50:00,3.25,59.2,6.8,warning
2026-01-04 07:51:00,3.79,63.0,6.59,warning
2026-01-04 07:52:00,3.28,66.0,6.46,warning
2026-01-04 07:53:00,3.57,60.9,6.33,warning
2026-01-04 07:54:00,3.73,62.5,6.76,warning
2026-01-04 07:55:00,3.45,59.0,6.25,warning
2026-01-04 07:56:00,3.42,59.6,6.12,warning
2026-01-04 07:57:00,3.64,59.8,6.43,warning
2026-01-04 07:58:00,3.46,59.7,6.76,warning
2026-01-04 07:59:00,3.18,61.9,6.46,warning
2026-01-04 08:00:00,3.39,58.0,6.62,warning
2026-01-04 08:01:00,3.55,59.5,6.58,warning
2026-01-04 08:02:00,3.48,58.0,6.19,warning
2026-01-04 08:03:00,3.63,62.0,6.26,warning
2026-01-04 08:04:00,3.23,59.9,6.29,warning
2026-01-04 08:05:00,3.23,56.9,6.69,warning
2026-01-04 08:06:00,3.6,58.1,6.44,warning
2026-01-04 08:07:00,3.22,60.6,6.32,warning
2026-01-04 08:08:00,3.32,66.3,6.29,warning
2026-01-04 08:09:00,3.24,59.4,6.67,warning
2026-01-04 08:10:00,3.07,59.4,6.77,warning
2026-01-04 08:11:00,3.45,61.8,6.94,warning
2026-01-04 08:12:00,3.46,59.5,6.34,warning
2026-01-04 08:13:00,3.18,64.4,6.55,warning
2026-01-04 08:14:00,3.63,64.3,6.3,warning
2026-01-04 08:15:00,3.22,61.2,6.19,warning
2026-01-04 08:16:00,3.44,64.1,6.37,warning
2026-01-04 08:17:00,3.44,61.1,6.61,warning
2026-01-04 08:18:00,3.28,55.8,6.53,warning
2026-01-04 08:19:00,3.61,62.4,6.25,warning
2026-01-04 08:20:00,3.18,62.6,6.45,warning
2026-01-04 08:21:00,3.39,65.9,6.17,warning
2026-01-04 08:22:00,3.77,61.4,5.95,warning
2026-01-04 08:23:00,3.38,63.8,6.32,warning
2026-01-04 08:24:00,3.12,60.9,6.2,warning
2026-01-04 08:25:00,3.51,63.3,6.15,warning
2026-01-04 08:26:00,3.27,63.3,6.2,warning
2026-01-04 08:27:00,3.2,58.4,6.5,warning
2026-01-04 08:28:00,3.48,59.7,6.42,warning
2026-01-04 08:29:00,3.72,59.0,5.93,warning
2026-01-04 08:30:00,3.51,61.1,6.24,warning
2026-01-04 08:31:00,3.55,63.5,5.86,warning
2026-01-04 08:32:00,3.29,67.2,6.56,warning
2026-01-04 08:33:00,3.55,64.3,6.42,warning
2026-01-04 08:34:00,3.58,63.2,6.55,warning
2026-01-04 08:35:00,3.35,61.9,6.27,warning
2026-01-04 08:36:00,3.42,58.5,6.22,warning
2026-01-04 08:37:00,3.36,59.1,6.29,warning
2026-01-04 08:38:00,3.39,62.5,6.66,warning
2026-01-04 08:39:00,3.33,64.8,6.65,warning
2026-01-04 08:40:00,3.52,61.8,6.5,warning
2026-01-04 08:41:00,3.66,64.5,6.75,warning
2026-01-04 08:42:00,3.43,62.9,6.76,warning
2026-01-04 08:43:00,3.3,60.7,6.43,warning
2026-01-04 08:44:00,3.6,63.8,6.36,warning
2026-01-04 08:45:00,3.12,62.1,6.19,warning
2026-01-04 08:46:00,3.13,58.3,6.5,warning
2026-01-04 08:47:00,3.7,61.6,6.48,warning
2026-01-04 08:48:00,3.66,57.7,6.55,warning
2026-01-04 08:49:00,3.42,62.9,6.3,warning
2026-01-04 08:50:00,3.26,61.9,6.84,warning
2026-01-04 08:51:00,3.6,60.3,6.09,warning
2026-01-04 08:52:00,3.09,64.8,6.19,warning
2026-01-04 08:53:00,3.36,64.9,6.02,warning
2026-01-04 08:54:00,3.73,60.9,6.14,warning
2026-01-04 08:55:00,3.38,59.8,6.54,warning
2026-01-04 08:56:00,3.3,56.8,6.37,warning
2026-01-04 08:57:00,3.16,62.1,6.13,warning
2026-01-04 08:58:00,3.33,62.0,6.38,warning
2026-01-04 08:59:00,3.48,63.3,6.14,warning
2026-01-04 09:00:00,3.42,53.3,6.49,warning
2026-01-04 09:01:00,3.37,59.1,6.51,warning
2026-01-04 09:02:00,3.67,60.4,6.2,warning
2026-01-04 09:03:00,3.46,58.3,6.27,warning
2026-01-04 09:04:00,3.68,61.8,5.96,warning
2026-01-04 09:05:00,3.07,62.0,6.65,warning
2026-01-04 09:06:00,3.11,62.8,6.77,warning
2026-01-04 09:07:00,3.81,62.5,6.56,warning
2026-01-04 09:08:00,3.01,66.9,6.29,warning
2026-01-04 09:09:00,3.25,61.0,6.81,warning
2026-01-04 09:10:00,3.88,62.0,6.68,warning
2026-01-04 09:11:00,3.44,59.1,6.8,warning
2026-01-04 09:12:00,3.31,65.5,6.76,warning
2026-01-04 09:13:00,3.56,66.3,6.99,warning
2026-01-04 09:14:00,3.4,59.7,5.97,warning
2026-01-04 09:15:00,3.89,60.6,6.72,warning
2026-01-04 09:16:00,3.29,65.5,6.26,warning
2026-01-04 09:17:00,3.2,61.2,6.31,warning
2026-01-04 09:18:00,3.56,61.6,6.6,warning
2026-01-04 09:19:00,3.38,60.1,6.29,warning
2026-01-04 09:20:00,3.85,62.3,5.94,warning
2026-01-04 09:21:00,3.34,62.0,6.9,warning
2026-01-04 09:22:00,3.65,59.4,7.05,warning
2026-01-04 09:23:00,3.44,64.9,6.15,warning
2026-01-04 09:24:00,2.96,58.2,5.63,normal
2026-01-04 09:25:00,3.87,62.3,6.21,warning
2026-01-04 09:26:00,3.53,62.2,6.6,warning
2026-01-04 09:27:00,3.69,61.0,6.22,warning
2026-01-04 09:28:00,3.61,63.8,6.47,warning
2026-01-04 09:29:00,3.88,60.7,6.22,warning
2026-01-04 09:30:00,3.53,60.1,6.57,warning
2026-01-04 09:31:00,3.28,60.8,6.92,warning
2026-01-04 09:32:00,3.37,59.8,6.74,warning
2026-01-04 09:33:00,3.24,60.1,6.59,warning
2026-01-04 09:34:00,3.63,64.9,6.26,warning
2026-01-04 09:35:00,3.57,60.7,6.3,warning
2026-01-04 09:36:00,3.69,60.5,6.52,warning
2026-01-04 09:37:00,3.48,59.2,6.69,warning
2026-01-04 09:38:00,3.56,56.9,6.52,warning
2026-01-04 09:39:00,3.3,64.6,6.09,warning
2026-01-04 09:40:00,3.38,62.8,6.46,warning
2026-01-04 09:41:00,3.6,58.1,6.86,warning
2026-01-04 09:42:00,3.56,65.3,6.67,warning
2026-01-04 09:43:00,3.45,58.7,6.31,warning
2026-01-04 09:44:00,3.77,65.3,6.3,warning
2026-01-04 09:45:00,2.89,61.4,6.38,warning
2026-01-04 09:46:00,3.4,63.2,6.67,warning
2026-01-04 09:47:00,3.65,63.0,6.0,warning
2026-01-04 09:48:00,3.39,67.7,6.55,warning
2026-01-04 09:49:00,3.53,62.8,6.56,warning
2026-01-04 09:50:00,2.98,61.3,6.45,warning
2026-01-04 09:51:00,3.71,62.0,6.04,warning
2026-01-04 09:52:00,3.54,59.9,6.15,warning
2026-01-04 09:53:00,3.29,63.3,6.77,warning
2026-01-04 09:54:00,3.55,63.5,6.58,warning
2026-01-04 09:55:00,3.48,63.7,5.85,warning
2026-01-04 09:56:00,3.48,59.3,6.75,warning
2026-01-04 09:57:00,3.43,62.0,6.08,warning
2026-01-04 09:58:00,3.66,63.5,6.6,warning
2026-01-04 09:59:00,3.3,60.0,6.52,warning
2026-01-04 10:00:00,3.32,63.1,5.92,warning
2026-01-04 10:01:00,3.36,66.5,6.57,warning
2026-01-04 10:02:00,3.49,67.0,5.88,warning
2026-01-04 10:03:00,3.3,61.0,6.68,warning
2026-01-04 10:04:00,3.64,59.8,6.71,warning
2026-01-04 10:05:00,3.38,65.0,6.2,warning
2026-01-04 10:06:00,3.44,60.8,6.73,warning
2026-01-04 10:07:00,3.36,61.9,6.59,warning
2026-01-04 10:08:00,3.57,64.3,6.52,warning
2026-01-04 10:09:00,3.38,61.2,6.47,warning
2026-01-04 10:10:00,3.52,61.7,6.47,warning
2026-01-04 10:11:00,3.16,63.7,6.51,warning
2026-01-04 10:12:00,3.67,62.1,6.03,warning
2026-01-04 10:13:00,3.4,61.6,6.65,warning
2026-01-04 10:14:00,3.05,62.2,6.6,warning
2026-01-04 10:15:00,3.34,62.3,6.31,warning
2026-01-04 10:16:00,3.32,61.1,6.29,warning
2026-01-04 10:17:00,3.61,60.3,6.24,warning
2026-01-04 10:18:00,3.82,64.5,6.0,warning
2026-01-04 10:19:00,3.32,62.7,6.55,warning
2026-01-04 10:20:00,3.17,65.0,6.68,warning
2026-01-04 10:21:00,3.57,65.5,6.58,warning
2026-01-04 10:22:00,3.56,66.0,6.75,warning
2026-01-04 10:23:00,3.3,63.7,6.31,warning
2026-01-04 10:24:00,3.57,63.3,6.13,warning
2026-01-04 10:25:00,3.45,62.8,6.36,warning
2026-01-04 10:26:00,3.54,64.2,6.47,warning
2026-01-04 10:27:00,3.52,65.6,6.59,warning
2026-01-04 10:28:00,3.51,59.8,6.64,warning
2026-01-04 10:29:00,3.54,65.4,6.49,warning
2026-01-04 10:30:00,3.11,57.9,6.66,warning
2026-01-04 10:31:00,3.36,63.3,6.5,warning
2026-01-04 10:32:00,3.44,62.0,6.26,warning
2026-01-04 10:33:00,3.47,60.7,6.38,warning
2026-01-04 10:34:00,3.41,61.6,6.71,warning
2026-01-04 10:35:00,3.45,64.8,6.86,warning
2026-01-04 10:36:00,3.65,63.6,6.56,warning
2026-01-04 10:37:00,3.65,62.4,6.72,warning
2026-01-04 10:38:00,3.6,61.3,6.7,warning
2026-01-04 10:39:00,3.5,62.0,6.36,warning
2026-01-04 10:40:00,3.51,64.7,6.7,warning
2026-01-04 10:41:00,3.55,63.7,6.8,warning
2026-01-04 10:42:00,3.45,59.5,6.81,warning
2026-01-04 10:43:00,3.38,60.5,6.03,warning
2026-01-04 10:44:00,3.6,58.2,6.29,warning
2026-01-04 10:45:00,3.6,64.1,6.32,warning
2026-01-04 10:46:00,3.46,60.1,6.35,warning
2026-01-04 10:47:00,3.54,61.0,6.42,warning
2026-01-04 10:48:00,3.19,65.1,6.61,warning
2026-01-04 10:49:00,3.64,65.5,6.28,warning
2026-01-04 10:50:00,3.41,57.6,7.27,warning
2026-01-04 10:51:00,3.46,64.9,6.18,warning
2026-01-04 10:52:00,3.69,67.0,6.47,warning
2026-01-04 10:53:00,3.28,62.0,5.93,warning
2026-01-04 10:54:00,3.48,64.4,6.48,warning
2026-01-04 10:55:00,3.43,63.7,6.64,warning
2026-01-04 10:56:00,3.16,62.6,7.1,warning
2026-01-04 10:57:00,3.22,62.1,6.97,warning
2026-01-04 10:58:00,3.71,61.1,6.54,warning
2026-01-04 10:59:00,3.49,60.5,6.47,warning
2026-01-04 11:00:00,3.43,62.7,6.3,warning
2026-01-04 11:01:00,3.24,62.3,6.92,warning
2026-01-04 11:02:00,3.51,61.6,6.68,warning
2026-01-04 11:03:00,3.46,67.1,6.49,warning
2026-01-04 11:04:00,3.63,60.5,6.62,warning
2026-01-04 11:05:00,3.55,62.3,6.37,warning
2026-01-04 11:06:00,3.37,63.1,6.65,warning
2026-01-04 11:07:00,3.47,63.1,6.48,warning
2026-01-04 11:08:00,3.51,61.9,6.5,warning
2026-01-04 11:09:00,4.03,63.2,6.66,critical
2026-01-04 11:10:00,3.58,61.8,6.82,warning
2026-01-04 11:11:00,3.44,65.1,6.41,warning
2026-01-04 11:12:00,3.3,63.4,6.22,warning
2026-01-04 11:13:00,3.6,59.5,6.42,warning
2026-01-04 11:14:00,3.21,69.5,6.08,warning
2026-01-04 11:15:00,3.5,65.3,6.76,warning
2026-01-04 11:16:00,3.67,61.7,6.84,warning
2026-01-04 11:17:00,3.68,63.0,6.56,warning
2026-01-04 11:18:00,3.44,60.2,6.81,warning
2026-01-04 11:19:00,3.76,60.3,6.46,warning
2026-01-04 11:20:00,3.47,62.4,6.52,warning
2026-01-04 11:21:00,3.69,60.6,6.29,warning
2026-01-04 11:22:00,3.75,61.4,6.19,warning
2026-01-04 11:23:00,3.4,61.7,6.89,warning
2026-01-04 11:24:00,3.69,65.4,6.71,warning
2026-01-04 11:25:00,3.69,60.8,6.45,warning
2026-01-04 11:26:00,3.31,62.0,6.67,warning
2026-01-04 11:27:00,3.53,65.8,6.22,warning
2026-01-04 11:28:00,3.6,59.4,6.53,warning
2026-01-04 11:29:00,3.65,62.0,6.64,warning
2026-01-04 11:30:00,3.31,58.4,6.64,warning
2026-01-04 11:31:00,3.85,60.1,6.81,warning
2026-01-04 11:32:00,3.51,59.2,6.22,warning
2026-01-04 11:33:00,3.51,61.6,6.18,warning
2026-01-04 11:34:00,3.17,60.5,6.56,warning
2026-01-04 11:35:00,3.51,61.3,6.56,warning
2026-01-04 11:36:00,3.72,63.6,6.48,warning
2026-01-04 11:37:00,3.69,60.2,6.45,warning
2026-01-04 11:38:00,3.47,59.5,6.4,warning
2026-01-04 11:39:00,3.09,67.4,6.28,warning
2026-01-04 11:40:00,3.83,62.7,6.65,warning
2026-01-04 11:41:00,3.41,63.2,6.67,warning
2026-01-04 11:42:00,3.64,64.6,6.42,warning
2026-01-04 11:43:00,3.42,58.7,6.64,warning
2026-01-04 11:44:00,3.73,66.7,6.59,warning
2026-01-04 11:45:00,3.36,58.4,6.77,warning
2026-01-04 11:46:00,3.15,61.8,6.46,warning
2026-01-04 11:47:00,3.5,62.8,6.55,warning
2026-01-04 11:48:00,3.03,62.7,5.96,warning
2026-01-04 11:49:00,3.66,61.3,5.98,warning
2026-01-04 11:50:00,3.35,61.3,6.81,warning
2026-01-04 11:51:00,3.56,63.6,6.81,warning
2026-01-04 11:52:00,3.5,64.6,6.69,warning
2026-01-04 11:53:00,3.26,66.4,6.16,warning
2026-01-04 11:54:00,3.7,58.9,6.67,warning
2026-01-04 11:55:00,3.89,62.2,6.45,warning
2026-01-04 11:56:00,3.64,61.9,6.97,warning
2026-01-04 11:57:00,3.56,61.9,6.38,warning
2026-01-04 11:58:00,3.33,61.2,6.43,warning
2026-01-04 11:59:00,3.42,61.1,7.04,warning
2026-01-04 12:00:00,3.31,63.1,6.67,warning
2026-01-04 12:01:00,3.65,62.6,6.46,warning
2026-01-04 12:02:00,3.61,63.4,6.46,warning
2026-01-04 12:03:00,3.21,61.6,6.24,warning
2026-01-04 12:04:00,3.39,62.9,6.61,warning
2026-01-04 12:05:00,3.88,61.5,6.72,warning
2026-01-04 12:06:00,3.58,66.0,6.67,warning
2026-01-04 12:07:00,3.32,58.5,6.6,warning
2026-01-04 12:08:00,3.42,60.4,6.21,warning
2026-01-04 12:09:00,3.56,66.6,6.42,warning
2026-01-04 12:10:00,3.64,62.6,6.2,warning
2026-01-04 12:11:00,3.67,60.1,6.53,warning
2026-01-04 12:12:00,3.46,65.1,6.26,warning
2026-01-04 12:13:00,3.6,60.7,6.4,warning
2026-01-04 12:14:00,2.8,68.1,6.66,warning
2026-01-04 12:15:00,3.37,60.0,6.4,warning
2026-01-04 12:16:00,3.67,58.1,6.49,warning
2026-01-04 12:17:00,3.88,60.0,6.55,warning
2026-01-04 12:18:00,3.97,64.5,6.56,warning
2026-01-04 12:19:00,3.63,61.9,6.85,warning
2026-01-04 12:20:00,3.45,58.0,6.43,warning
2026-01-04 12:21:00,3.34,62.2,6.47,warning
2026-01-04 12:22:00,3.77,64.6,6.6,warning
2026-01-04 12:23:00,3.53,60.3,5.99,warning
2026-01-04 12:24:00,3.55,64.9,6.51,warning
2026-01-04 12:25:00,3.43,64.1,6.51,warning
2026-01-04 12:26:00,3.87,66.0,6.77,warning
2026-01-04 12:27:00,3.69,59.7,6.7,warning
2026-01-04 12:28:00,3.61,64.5,6.66,warning
2026-01-04 12:29:00,3.63,69.7,6.52,warning
2026-01-04 12:30:00,3.72,61.8,6.73,warning
2026-01-04 12:31:00,3.72,63.9,6.95,warning
2026-01-04 12:32:00,3.36,61.8,6.59,warning
2026-01-04 12:33:00,3.71,63.4,6.86,warning
2026-01-04 12:34:00,3.4,60.1,6.61,warning
2026-01-04 12:35:00,3.52,64.3,6.53,warning
2026-01-04 12:36:00,3.47,62.8,6.55,warning
2026-01-04 12:37:00,3.48,62.5,6.44,warning
2026-01-04 12:38:00,3.71,63.5,7.1,warning
2026-01-04 12:39:00,3.57,61.6,7.21,warning
2026-01-04 12:40:00,3.62,65.5,6.69,warning
2026-01-04 12:41:00,3.67,64.4,6.27,warning
2026-01-04 12:42:00,3.61,59.7,6.5,warning
2026-01-04 12:43:00,3.4,63.9,6.63,warning
2026-01-04 12:44:00,3.64,63.8,6.39,warning
2026-01-04 12:45:00,3.49,65.4,6.81,warning
2026-01-04 12:46:00,3.31,59.2,6.36,warning
2026-01-04 12:47:00,3.75,66.1,6.31,warning
2026-01-04 12:48:00,3.61,67.7,6.65,warning
2026-01-04 12:49:00,3.83,65.6,6.32,warning
2026-01-04 12:50:00,3.51,63.2,6.57,warning
2026-01-04 12:51:00,3.73,64.1,5.81,warning
2026-01-04 12:52:00,3.28,57.6,6.59,warning
2026-01-04 12:53:00,3.59,63.8,6.31,warning
2026-01-04 12:54:00,3.68,64.9,6.23,warning
2026-01-04 12:55:00,3.25,63.1,7.0,warning
2026-01-04 12:56:00,3.89,64.5,6.37,warning
2026-01-04 12:57:00,3.73,62.0,6.36,warning
2026-01-04 12:58:00,3.12,63.4,6.39,warning
2026-01-04 12:59:00,3.57,57.4,6.59,warning
2026-01-04 13:00:00,3.06,65.9,6.68,warning
2026-01-04 13:01:00,3.5,64.6,6.31,warning
2026-01-04 13:02:00,3.57,65.2,5.78,warning
2026-01-04 13:03:00,3.46,63.1,6.5,warning
2026-01-04 13:04:00,3.84,60.4,6.4,warning
2026-01-04 13:05:00,3.17,67.0,6.49,warning
2026-01-04 13:06:00,3.47,63.1,6.71,warning
2026-01-04 13:07:00,3.62,69.8,6.67,warning
2026-01-04 13:08:00,3.46,61.8,6.46,warning
2026-01-04 13:09:00,3.25,63.3,6.75,warning
2026-01-04 13:10:00,3.43,61.2,6.93,warning
2026-01-04 13:11:00,3.27,58.1,6.27,warning
2026-01-04 13:12:00,3.25,64.2,6.47,warning
2026-01-04 13:13:00,3.51,66.1,6.38,warning
2026-01-04 13:14:00,3.71,67.0,6.44,warning
2026-01-04 13:15:00,3.71,62.6,6.79,warning
2026-01-04 13:16:00,3.24,59.1,6.46,warning
2026-01-04 13:17:00,3.38,62.0,6.5,warning
2026-01-04 13:18:00,3.7,62.3,6.35,warning
2026-01-04 13:19:00,3.49,61.4,6.33,warning
2026-01-04 13:20:00,3.24,63.5,6.42,warning
2026-01-04 13:21:00,3.75,59.7,6.43,warning
2026-01-04 13:22:00,3.92,60.9,6.5,warning
2026-01-04 13:23:00,3.32,59.9,6.95,warning
2026-01-04 13:24:00,3.6,63.6,6.14,warning
2026-01-04 13:25:00,3.63,66.2,6.85,warning
2026-01-04 13:26:00,3.7,60.5,6.64,warning
2026-01-04 13:27:00,3.7,58.8,6.28,warning
2026-01-04 13:28:00,3.74,65.5,6.18,warning
2026-01-04 13:29:00,3.72,63.6,6.76,warning
2026-01-04 13:30:00,3.44,65.0,6.78,warning
2026-01-04 13:31:00,3.5,63.4,6.4,warning
2026-01-04 13:32:00,3.9,63.1,6.34,warning
2026-01-04 13:33:00,3.42,63.7,6.76,warning
2026-01-04 13:34:00,3.3,68.0,6.64,warning
2026-01-04 13:35:00,3.66,63.1,6.57,warning
2026-01-04 13:36:00,3.54,65.9,6.57,warning
2026-01-04 13:37:00,3.72,62.3,6.62,warning
2026-01-04 13:38:00,3.41,66.4,6.36,warning
2026-01-04 13:39:00,3.5,62.6,6.48,warning
2026-01-04 13:40:00,3.71,62.6,6.92,warning
2026-01-04 13:41:00,3.41,63.8,6.38,warning
2026-01-04 13:42:00,3.66,63.4,6.53,warning
2026-01-04 13:43:00,3.81,61.8,6.72,warning
2026-01-04 13:44:00,3.42,63.7,6.27,warning
2026-01-04 13:45:00,3.44,63.2,7.03,warning
2026-01-04 13:46:00,3.59,67.6,6.63,warning
2026-01-04 13:47:00,3.5,67.3,6.68,warning
2026-01-04 13:48:00,3.45,64.6,6.5,warning
2026-01-04 13:49:00,3.18,65.8,6.85,warning
2026-01-04 13:50:00,3.94,64.5,6.51,warning
2026-01-04 13:51:00,3.74,65.6,6.99,warning
2026-01-04 13:52:00,3.57,63.1,6.4,warning
2026-01-04 13:53:00,3.68,59.6,6.77,warning
2026-01-04 13:54:00,3.69,65.0,6.61,warning
2026-01-04 13:55:00,3.88,65.7,6.43,warning
2026-01-04 13:56:00,3.46,61.3,6.72,warning
2026-01-04 13:57:00,3.38,66.2,6.91,warning
2026-01-04 13:58:00,3.4,63.1,6.58,warning
2026-01-04 13:59:00,3.76,67.6,6.16,warning
2026-01-04 14:00:00,3.52,62.9,6.23,warning
2026-01-04 14:01:00,3.48,64.6,6.51,warning
2026-01-04 14:02:00,3.27,70.7,6.65,warning
2026-01-04 14:03:00,3.6,60.8,6.65,warning
2026-01-04 14:04:00,3.55,58.8,6.31,warning
2026-01-04 14:05:00,3.74,68.4,6.67,warning
2026-01-04 14:06:00,3.8,63.2,6.56,warning
2026-01-04 14:07:00,3.8,67.7,6.91,warning
2026-01-04 14:08:00,3.37,63.4,6.65,warning
2026-01-04 14:09:00,3.53,64.6,6.79,warning
2026-01-04 14:10:00,3.79,67.8,6.5,warning
2026-01-04 14:11:00,3.31,64.5,7.06,warning
2026-01-04 14:12:00,3.49,65.3,6.76,warning
2026-01-04 14:13:00,3.63,63.6,6.36,warning
2026-01-04 14:14:00,3.13,60.9,6.49,warning
2026-01-04 14:15:00,3.81,63.4,6.46,warning
2026-01-04 14:16:00,3.41,65.3,6.93,warning
2026-01-04 14:17:00,3.8,65.2,6.22,warning
2026-01-04 14:18:00,3.52,68.5,6.87,warning
2026-01-04 14:19:00,3.28,63.5,6.68,warning
2026-01-04 14:20:00,3.44,57.9,6.61,warning
2026-01-04 14:21:00,3.43,61.7,6.5,warning
2026-01-04 14:22:00,3.56,63.7,6.37,warning
2026-01-04 14:23:00,3.55,59.3,6.67,warning
2026-01-04 14:24:00,3.02,63.0,6.82,warning
2026-01-04 14:25:00,3.38,65.5,6.88,warning
2026-01-04 14:26:00,2.93,63.3,5.87,normal
2026-01-04 14:27:00,3.57,63.7,5.97,warning
2026-01-04 14:28:00,3.98,64.4,6.38,warning
2026-01-04 14:29:00,3.89,59.2,6.29,warning
2026-01-04 14:30:00,3.14,68.2,6.68,warning
2026-01-04 14:31:00,3.73,64.5,6.74,warning
2026-01-04 14:32:00,3.61,64.4,6.62,warning
2026-01-04 14:33:00,3.48,63.6,6.67,warning
2026-01-04 14:34:00,3.62,60.1,6.26,warning
2026-01-04 14:35:00,3.81,63.0,6.74,warning
2026-01-04 14:36:00,3.38,60.1,6.39,warning
2026-01-04 14:37:00,3.55,62.1,6.92,warning
2026-01-04 14:38:00,3.64,68.4,6.7,warning
2026-01-04 14:39:00,3.12,66.4,6.22,warning
2026-01-04 14:40:00,3.65,61.9,7.14,warning
2026-01-04 14:41:00,3.89,62.0,6.57,warning
2026-01-04 14:42:00,3.65,66.0,6.61,warning
2026-01-04 14:43:00,3.4,62.0,6.6,warning
2026-01-04 14:44:00,3.85,64.9,6.41,warning
2026-01-04 14:45:00,3.73,62.9,6.83,warning
2026-01-04 14:46:00,4.11,62.9,6.8,critical
2026-01-04 14:47:00,3.45,63.6,6.61,warning
2026-01-04 14:48:00,3.57,70.0,6.53,warning
2026-01-04 14:49:00,3.72,59.0,6.71,warning
2026-01-04 14:50:00,3.83,62.5,5.98,warning
2026-01-04 14:51:00,3.6,63.9,6.79,warning
2026-01-04 14:52:00,4.01,62.9,6.39,critical
2026-01-04 14:53:00,3.37,64.4,6.73,warning
2026-01-04 14:54:00,3.5,65.8,6.72,warning
2026-01-04 14:55:00,3.62,61.6,6.49,warning
2026-01-04 14:56:00,3.12,64.5,6.61,warning
2026-01-04 14:57:00,3.65,65.2,6.71,warning
2026-01-04 14:58:00,3.59,64.0,6.26,warning
2026-01-04 14:59:00,3.49,64.1,6.43,warning
2026-01-04 15:00:00,3.78,62.3,6.66,warning
2026-01-04 15:01:00,3.63,65.8,6.84,warning
2026-01-04 15:02:00,3.75,58.7,6.91,warning
2026-01-04 15:03:00,3.92,62.7,6.67,warning
2026-01-04 15:04:00,3.43,59.1,6.43,warning
2026-01-04 15:05:00,3.5,63.1,6.37,warning
2026-01-04 15:06:00,3.47,63.9,6.42,warning
2026-01-04 15:07:00,3.72,65.7,7.21,warning
2026-01-04 15:08:00,3.84,64.6,6.46,warning
2026-01-04 15:09:00,3.67,64.8,6.49,warning
2026-01-04 15:10:00,3.77,60.5,6.55,warning
2026-01-04 15:11:00,3.73,63.3,6.56,warning
2026-01-04 15:12:00,3.59,61.9,6.91,warning
2026-01-04 15:13:00,3.41,64.8,6.72,warning
2026-01-04 15:14:00,3.43,64.2,6.39,warning
2026-01-04 15:15:00,3.9,61.2,6.45,warning
2026-01-04 15:16:00,3.37,60.6,7.02,warning
2026-01-04 15:17:00,3.73,64.4,6.45,warning
2026-01-04 15:18:00,3.8,62.0,6.82,warning
2026-01-04 15:19:00,3.45,62.4,6.81,warning
2026-01-04 15:20:00,3.79,65.6,6.36,warning
2026-01-04 15:21:00,3.53,64.5,6.41,warning
2026-01-04 15:22:00,3.9,58.1,6.43,warning
2026-01-04 15:23:00,3.52,57.0,6.27,warning
2026-01-04 15:24:00,3.75,64.2,7.02,warning
2026-01-04 15:25:00,3.93,65.2,6.7,warning
2026-01-04 15:26:00,3.64,57.5,6.27,warning
2026-01-04 15:27:00,3.64,65.6,6.7,warning
2026-01-04 15:28:00,3.45,66.5,6.99,warning
2026-01-04 15:29:00,3.81,66.6,6.48,warning
2026-01-04 15:30:00,3.84,64.5,6.75,warning
2026-01-04 15:31:00,3.7,63.8,6.41,warning
2026-01-04 15:32:00,3.61,66.6,6.52,warning
2026-01-04 15:33:00,3.81,66.0,6.55,warning
2026-01-04 15:34:00,3.91,63.3,7.0,warning
2026-01-04 15:35:00,3.71,64.1,6.41,warning
2026-01-04 15:36:00,3.61,63.7,6.31,warning
2026-01-04 15:37:00,3.59,62.2,6.78,warning
2026-01-04 15:38:00,3.89,61.1,7.06,warning
2026-01-04 15:39:00,3.6,61.7,6.82,warning
2026-01-04 15:40:00,3.54,64.0,6.53,warning
2026-01-04 15:41:00,3.47,66.0,6.56,warning
2026-01-04 15:42:00,3.34,65.6,6.33,warning
2026-01-04 15:43:00,3.4,67.2,6.33,warning
2026-01-04 15:44:00,3.17,65.8,6.56,warning
2026-01-04 15:45:00,3.59,63.4,6.69,warning
2026-01-04 15:46:00,3.48,67.9,6.26,warning
2026-01-04 15:47:00,3.72,65.8,6.44,warning
2026-01-04 15:48:00,3.43,66.8,6.39,warning
2026-01-04 15:49:00,3.51,66.5,6.64,warning
2026-01-04 15:50:00,3.28,68.6,6.5,warning
2026-01-04 15:51:00,3.56,64.9,6.79,warning
2026-01-04 15:52:00,4.03,60.1,6.84,critical
2026-01-04 15:53:00,3.79,63.9,6.83,warning
2026-01-04 15:54:00,3.82,60.8,7.07,warning
2026-01-04 15:55:00,3.33,61.5,6.57,warning
2026-01-04 15:56:00,4.02,63.5,6.63,critical
2026-01-04 15:57:00,3.93,63.6,6.34,warning
2026-01-04 15:58:00,3.56,67.7,6.66,warning
2026-01-04 15:59:00,4.03,66.2,6.48,critical
2026-01-04 16:00:00,3.65,62.2,6.47,warning
2026-01-04 16:01:00,4.54,66.9,6.86,critical
2026-01-04 16:02:00,3.52,68.3,6.92,warning
2026-01-04 16:03:00,4.02,68.9,6.27,critical
2026-01-04 16:04:00,3.42,61.8,6.41,warning
2026-01-04 16:05:00,3.71,62.9,7.16,warning
2026-01-04 16:06:00,4.02,64.3,7.13,critical
2026-01-04 16:07:00,3.94,63.2,6.14,warning
2026-01-04 16:08:00,3.6,62.8,6.7,warning
2026-01-04 16:09:00,3.66,64.5,6.78,warning
2026-01-04 16:10:00,3.4,65.4,6.54,warning
2026-01-04 16:11:00,3.69,66.8,6.34,warning
2026-01-04 16:12:00,3.59,64.1,6.52,warning
2026-01-04 16:13:00,3.83,62.6,6.51,warning
2026-01-04 16:14:00,3.51,67.1,6.52,warning
2026-01-04 16:15:00,3.74,69.4,6.63,warning
2026-01-04 16:16:00,3.87,68.6,6.91,warning
2026-01-04 16:17:00,3.65,66.0,6.33,warning
2026-01-04 16:18:00,3.49,62.9,7.21,warning
2026-01-04 16:19:00,3.49,62.4,6.39,warning
2026-01-04 16:20:00,3.76,64.8,6.92,warning
2026-01-04 16:21:00,3.79,61.0,6.45,warning
2026-01-04 16:22:00,3.92,64.0,6.95,warning
2026-01-04 16:23:00,3.62,62.1,6.58,warning
2026-01-04 16:24:00,3.46,63.1,6.7,warning
2026-01-04 16:25:00,3.76,60.5,6.65,warning
2026-01-04 16:26:00,3.54,62.9,6.69,warning
2026-01-04 16:27:00,3.54,68.0,6.95,warning
2026-01-04 16:28:00,3.89,63.3,6.41,warning
2026-01-04 16:29:00,3.67,64.1,6.5,warning
2026-01-04 16:30:00,3.42,64.4,6.55,warning
2026-01-04 16:31:00,3.79,66.2,6.93,warning
2026-01-04 16:32:00,3.4,65.5,6.47,warning
2026-01-04 16:33:00,3.41,63.5,6.92,warning
2026-01-04 16:34:00,3.58,68.5,6.79,warning
2026-01-04 16:35:00,3.58,67.5,6.77,warning
2026-01-04 16:36:00,3.47,69.2,6.72,warning
2026-01-04 16:37:00,3.66,62.4,6.95,warning
2026-01-04 16:38:00,3.76,66.1,6.53,warning
2026-01-04 16:39:00,3.83,66.9,6.49,warning
2026-01-04 16:40:00,3.38,66.0,6.27,warning
2026-01-04 16:41:00,3.69,63.5,6.97,warning
2026-01-04 16:42:00,3.58,67.4,6.53,warning
2026-01-04 16:43:00,3.86,69.8,6.39,warning
2026-01-04 16:44:00,3.72,71.5,6.68,warning
2026-01-04 16:45:00,3.68,66.6,6.67,warning
2026-01-04 16:46:00,3.32,67.5,6.16,warning
2026-01-04 16:47:00,3.58,67.6,6.57,warning
2026-01-04 16:48:00,3.53,66.8,6.45,warning
2026-01-04 16:49:00,3.42,65.3,6.62,warning
2026-01-04 16:50:00,3.42,66.2,6.78,warning
2026-01-04 16:51:00,3.59,63.9,6.78,warning
2026-01-04 16:52:00,3.9,64.0,6.83,warning
2026-01-04 16:53:00,3.78,66.9,6.68,warning
2026-01-04 16:54:00,3.48,63.5,6.75,warning
2026-01-04 16:55:00,4.03,63.5,6.87,critical
2026-01-04 16:56:00,3.6,65.0,7.05,warning
2026-01-04 16:57:00,3.82,61.6,6.53,warning
2026-01-04 16:58:00,3.92,65.1,6.38,warning
2026-01-04 16:59:00,3.51,66.5,6.92,warning
2026-01-04 17:00:00,3.67,70.9,6.88,warning
2026-01-04 17:01:00,3.62,62.7,6.43,warning
2026-01-04 17:02:00,3.74,63.5,7.09,warning
2026-01-04 17:03:00,3.97,66.3,6.38,warning
2026-01-04 17:04:00,3.54,67.9,6.53,warning
2026-01-04 17:05:00,3.9,65.9,6.69,warning
2026-01-04 17:06:00,3.53,64.5,6.72,warning
2026-01-04 17:07:00,3.88,62.5,6.61,warning
2026-01-04 17:08:00,3.68,66.4,6.45,warning
2026-01-04 17:09:00,3.41,66.5,6.3,warning
2026-01-04 17:10:00,3.93,64.4,6.29,warning
2026-01-04 17:11:00,3.58,65.7,6.54,warning
2026-01-04 17:12:00,3.68,66.6,6.63,warning
2026-01-04 17:13:00,3.49,64.1,7.03,warning
2026-01-04 17:14:00,4.01,59.8,6.95,critical
2026-01-04 17:15:00,3.73,67.1,6.54,warning
2026-01-04 17:16:00,3.32,66.3,6.44,warning
2026-01-04 17:17:00,3.4,61.5,6.83,warning
2026-01-04 17:18:00,3.71,66.8,6.85,warning
2026-01-04 17:19:00,3.6,64.7,6.55,warning
2026-01-04 17:20:00,3.64,62.4,6.78,warning
2026-01-04 17:21:00,3.9,62.8,7.0,warning
2026-01-04 17:22:00,3.7,65.5,6.26,warning
2026-01-04 17:23:00,3.32,65.2,6.88,warning
2026-01-04 17:24:00,3.55,69.0,6.87,warning
2026-01-04 17:25:00,3.5,65.0,7.3,warning
2026-01-04 17:26:00,3.43,66.2,6.6,warning
2026-01-04 17:27:00,3.83,68.1,6.59,warning
2026-01-04 17:28:00,3.91,70.4,6.7,warning
2026-01-04 17:29:00,3.84,63.4,6.69,warning
2026-01-04 17:30:00,3.65,66.9,6.99,warning
2026-01-04 17:31:00,3.66,68.7,7.07,warning
2026-01-04 17:32:00,3.86,63.6,6.53,warning
2026-01-04 17:33:00,3.52,67.3,6.38,warning
2026-01-04 17:34:00,3.82,62.2,6.89,warning
2026-01-04 17:35:00,3.69,68.3,6.97,warning
2026-01-04 17:36:00,3.98,68.6,6.72,warning
2026-01-04 17:37:00,3.46,62.3,6.17,warning
2026-01-04 17:38:00,3.47,65.1,6.55,warning
2026-01-04 17:39:00,3.65,66.2,6.61,warning
2026-01-04 17:40:00,3.47,64.8,6.47,warning
2026-01-04 17:41:00,3.64,68.3,6.62,warning
2026-01-04 17:42:00,4.05,68.6,6.55,critical
2026-01-04 17:43:00,3.47,64.9,6.98,warning
2026-01-04 17:44:00,3.59,67.3,6.99,warning
2026-01-04 17:45:00,3.54,63.3,6.87,warning
2026-01-04 17:46:00,3.72,63.3,6.61,warning
2026-01-04 17:47:00,3.68,61.1,6.89,warning
2026-01-04 17:48:00,3.6,58.1,6.69,warning
2026-01-04 17:49:00,3.55,69.3,6.55,warning
2026-01-04 17:50:00,3.48,66.3,6.53,warning
2026-01-04 17:51:00,3.54,66.3,6.44,warning
2026-01-04 17:52:00,3.4,69.4,6.84,warning
2026-01-04 17:53:00,3.64,65.0,6.82,warning
2026-01-04 17:54:00,3.89,63.2,6.79,warning
2026-01-04 17:55:00,3.6,64.6,6.74,warning
2026-01-04 17:56:00,3.7,66.9,6.82,warning
2026-01-04 17:57:00,3.4,61.7,6.61,warning
2026-01-04 17:58:00,4.06,63.0,6.65,critical
2026-01-04 17:59:00,3.59,63.7,6.74,warning
2026-01-04 18:00:00,3.98,66.2,6.5,warning
2026-01-04 18:01:00,4.25,65.3,6.56,critical
2026-01-04 18:02:00,3.98,63.9,7.12,warning
2026-01-04 18:03:00,3.53,68.7,6.75,warning
2026-01-04 18:04:00,3.96,69.9,6.42,warning
2026-01-04 18:05:00,3.96,61.6,6.44,warning
2026-01-04 18:06:00,3.54,66.4,6.71,warning
2026-01-04 18:07:00,3.67,65.5,6.85,warning
2026-01-04 18:08:00,3.84,67.9,7.16,warning
2026-01-04 18:09:00,3.7,63.9,6.86,warning
2026-01-04 18:10:00,3.48,63.5,6.96,warning
2026-01-04 18:11:00,3.68,62.2,6.33,warning
2026-01-04 18:12:00,3.72,68.0,6.99,warning
2026-01-04 18:13:00,3.73,70.2,6.68,warning
2026-01-04 18:14:00,3.68,58.8,6.6,warning
2026-01-04 18:15:00,3.88,69.1,6.5,warning
2026-01-04 18:16:00,3.8,67.8,6.71,warning
2026-01-04 18:17:00,3.25,65.8,6.9,warning
2026-01-04 18:18:00,3.52,64.6,6.42,warning
2026-01-04 18:19:00,3.2,67.8,6.71,warning
2026-01-04 18:20:00,4.03,67.4,6.62,critical
2026-01-04 18:21:00,3.69,66.7,6.95,warning
2026-01-04 18:22:00,3.78,68.0,6.64,warning
2026-01-04 18:23:00,3.51,65.1,6.76,warning
2026-01-04 18:24:00,3.47,61.9,6.82,warning
2026-01-04 18:25:00,3.63,64.9,6.62,warning
2026-01-04 18:26:00,4.02,68.4,6.4,critical
2026-01-04 18:27:00,3.61,67.4,6.86,warning
2026-01-04 18:28:00,3.71,62.4,6.54,warning
2026-01-04 18:29:00,3.61,66.0,7.14,warning
2026-01-04 18:30:00,3.58,62.7,6.69,warning
2026-01-04 18:31:00,3.92,61.7,7.08,warning
2026-01-04 18:32:00,3.68,63.5,6.32,warning
2026-01-04 18:33:00,3.86,64.9,6.76,warning
2026-01-04 18:34:00,3.54,64.5,6.6,warning
2026-01-04 18:35:00,3.7,63.7,6.33,warning
2026-01-04 18:36:00,4.26,61.9,6.76,critical
2026-01-04 18:37:00,3.36,60.4,6.74,warning
2026-01-04 18:38:00,3.75,68.5,6.82,warning
2026-01-04 18:39:00,3.69,63.0,7.09,warning
2026-01-04 18:40:00,3.91,62.2,6.73,warning
2026-01-04 18:41:00,3.75,64.5,6.91,warning
2026-01-04 18:42:00,3.89,64.9,6.65,warning
2026-01-04 18:43:00,4.02,67.7,6.74,critical
2026-01-04 18:44:00,3.4,66.2,6.9,warning
2026-01-04 18:45:00,3.17,66.0,6.62,warning
2026-01-04 18:46:00,3.68,63.1,6.69,warning
2026-01-04 18:47:00,4.0,64.3,6.97,warning
2026-01-04 18:48:00,3.56,67.3,6.72,warning
2026-01-04 18:49:00,3.8,65.4,6.89,warning
2026-01-04 18:50:00,3.21,61.9,6.83,warning
2026-01-04 18:51:00,3.32,64.1,6.71,warning
2026-01-04 18:52:00,3.56,63.7,6.79,warning
2026-01-04 18:53:00,3.93,63.1,6.58,warning
2026-01-04 18:54:00,3.58,59.4,6.76,warning
2026-01-04 18:55:00,3.91,68.0,6.51,warning
2026-01-04 18:56:00,3.48,65.5,6.94,warning
2026-01-04 18:57:00,3.76,66.2,7.01,warning
2026-01-04 18:58:00,3.58,64.9,7.14,warning
2026-01-04 18:59:00,3.69,62.3,6.56,warning
2026-01-04 19:00:00,3.54,66.4,6.51,warning
2026-01-04 19:01:00,3.78,63.7,6.2,warning
2026-01-04 19:02:00,3.79,65.9,6.86,warning
2026-01-04 19:03:00,3.6,63.6,6.83,warning
2026-01-04 19:04:00,4.04,65.5,6.84,critical
2026-01-04 19:05:00,3.67,61.7,6.97,warning
2026-01-04 19:06:00,3.91,67.3,6.69,warning
2026-01-04 19:07:00,3.85,67.8,7.14,warning
2026-01-04 19:08:00,3.93,65.7,6.41,warning
2026-01-04 19:09:00,3.77,66.2,6.91,warning
2026-01-04 19:10:00,4.01,65.3,7.26,critical
2026-01-04 19:11:00,3.38,66.6,6.54,warning
2026-01-04 19:12:00,3.35,65.1,6.37,warning
2026-01-04 19:13:00,3.7,65.7,7.02,warning
2026-01-04 19:14:00,3.44,67.9,6.76,warning
2026-01-04 19:15:00,3.94,64.5,6.4,warning
2026-01-04 19:16:00,3.49,62.4,6.86,warning
2026-01-04 19:17:00,4.03,64.2,6.9,critical
2026-01-04 19:18:00,3.43,66.1,6.91,warning
2026-01-04 19:19:00,3.45,65.1,6.92,warning
2026-01-04 19:20:00,3.15,69.0,6.83,warning
2026-01-04 19:21:00,3.88,64.6,6.31,warning
2026-01-04 19:22:00,3.85,65.4,6.75,warning
2026-01-04 19:23:00,3.96,67.5,7.22,warning
2026-01-04 19:24:00,3.77,63.9,6.7,warning
2026-01-04 19:25:00,3.83,68.2,6.38,warning
2026-01-04 19:26:00,3.74,69.7,6.68,warning
2026-01-04 19:27:00,3.93,66.9,6.98,warning
2026-01-04 19:28:00,3.58,63.7,6.75,warning
2026-01-04 19:29:00,3.44,65.0,6.81,warning
2026-01-04 19:30:00,4.1,66.7,6.9,critical
2026-01-04 19:31:00,3.98,63.3,6.7,warning
2026-01-04 19:32:00,4.23,65.5,7.03,critical
2026-01-04 19:33:00,3.94,62.0,6.82,warning
2026-01-04 19:34:00,3.78,66.5,6.56,warning
2026-01-04 19:35:00,3.52,64.5,6.72,warning
2026-01-04 19:36:00,3.99,70.3,7.1,warning
2026-01-04 19:37:00,3.92,63.2,6.65,warning
2026-01-04 19:38:00,3.79,64.2,6.89,warning
2026-01-04 19:39:00,3.89,67.1,7.01,warning
2026-01-04 19:40:00,3.57,68.1,6.58,warning
2026-01-04 19:41:00,3.56,67.1,7.05,warning
2026-01-04 19:42:00,3.85,65.8,6.83,warning
2026-01-04 19:43:00,3.78,63.0,6.44,warning
2026-01-04 19:44:00,3.74,66.0,6.76,warning
2026-01-04 19:45:00,3.89,65.2,6.89,warning
2026-01-04 19:46:00,3.72,70.4,6.77,warning
2026-01-04 19:47:00,4.22,66.7,6.7,critical
2026-01-04 19:48:00,3.57,62.2,6.51,warning
2026-01-04 19:49:00,3.58,66.8,6.62,warning
2026-01-04 19:50:00,3.79,69.0,6.73,warning
2026-01-04 19:51:00,4.17,62.9,6.72,critical
2026-01-04 19:52:00,3.65,68.2,6.2,warning
2026-01-04 19:53:00,3.47,65.6,7.14,warning
2026-01-04 19:54:00,3.8,62.5,6.46,warning
2026-01-04 19:55:00,4.09,64.3,6.52,critical
2026-01-04 19:56:00,4.05,68.4,7.08,critical
2026-01-04 19:57:00,3.57,62.1,6.79,warning
2026-01-04 19:58:00,3.83,66.8,7.13,warning
2026-01-04 19:59:00,3.41,68.0,6.49,warning
2026-01-04 20:00:00,3.93,64.7,6.56,warning
2026-01-04 20:01:00,3.64,62.3,6.77,warning
2026-01-04 20:02:00,3.61,67.9,6.92,warning
2026-01-04 20:03:00,4.1,66.8,6.89,critical
2026-01-04 20:04:00,4.04,64.3,6.39,critical
2026-01-04 20:05:00,3.8,62.4,7.38,warning
2026-01-04 20:06:00,4.05,71.3,6.78,critical
2026-01-04 20:07:00,3.87,64.8,6.98,warning
2026-01-04 20:08:00,3.52,59.6,6.57,warning
2026-01-04 20:09:00,3.47,69.6,7.22,warning
2026-01-04 20:10:00,3.48,69.2,7.0,warning
2026-01-04 20:11:00,3.45,65.0,6.62,warning
2026-01-04 20:12:00,3.92,62.9,6.74,warning
2026-01-04 20:13:00,3.63,67.2,6.71,warning
2026-01-04 20:14:00,3.66,65.4,7.28,warning
2026-01-04 20:15:00,3.68,63.4,6.91,warning
2026-01-04 20:16:00,3.74,62.4,7.33,warning
2026-01-04 20:17:00,3.7,65.0,6.81,warning
2026-01-04 20:18:00,4.12,61.8,6.84,critical
2026-01-04 20:19:00,4.19,66.3,6.46,critical
2026-01-04 20:20:00,3.65,66.5,7.1,warning
2026-01-04 20:21:00,3.7,68.1,6.41,warning
2026-01-04 20:22:00,3.48,64.8,7.13,warning
2026-01-04 20:23:00,3.79,66.8,6.84,warning
2026-01-04 20:24:00,3.99,64.5,6.94,warning
2026-01-04 20:25:00,3.61,71.0,6.57,warning
2026-01-04 20:26:00,3.6,67.4,6.79,warning
2026-01-04 20:27:00,3.84,66.6,6.5,warning
2026-01-04 20:28:00,4.1,68.3,7.11,critical
2026-01-04 20:29:00,3.67,67.1,6.82,warning
2026-01-04 20:30:00,4.0,69.0,6.82,warning
2026-01-04 20:31:00,3.47,70.5,6.91,warning
2026-01-04 20:32:00,3.65,67.1,6.4,warning
2026-01-04 20:33:00,3.99,62.4,6.72,warning
2026-01-04 20:34:00,3.83,68.7,6.8,warning
2026-01-04 20:35:00,3.9,66.0,6.77,warning
2026-01-04 20:36:00,3.8,65.6,6.36,warning
2026-01-04 20:37:00,3.63,66.7,6.72,warning
2026-01-04 20:38:00,3.75,65.3,6.56,warning
2026-01-04 20:39:00,3.68,65.4,6.78,warning
2026-01-04 20:40:00,3.86,65.7,6.52,warning
2026-01-04 20:41:00,3.5,72.6,6.5,warning
2026-01-04 20:42:00,3.68,67.4,6.87,warning
2026-01-04 20:43:00,3.89,65.1,6.84,warning
2026-01-04 20:44:00,3.79,65.4,6.84,warning
2026-01-04 20:45:00,3.99,66.1,6.78,warning
2026-01-04 20:46:00,4.0,68.6,7.18,warning
2026-01-04 20:47:00,3.43,68.5,6.93,warning
2026-01-04 20:48:00,3.61,66.8,7.05,warning
2026-01-04 20:49:00,3.62,67.3,7.0,warning
2026-01-04 20:50:00,3.57,65.9,6.86,warning
2026-01-04 20:51:00,3.63,64.0,6.75,warning
2026-01-04 20:52:00,3.95,67.8,6.57,warning
2026-01-04 20:53:00,3.92,64.1,6.38,warning
2026-01-04 20:54:00,3.71,69.0,6.95,warning
2026-01-04 20:55:00,3.79,65.2,6.69,warning
2026-01-04 20:56:00,3.81,63.6,6.7,warning
2026-01-04 20:57:00,3.75,62.9,6.58,warning
2026-01-04 20:58:00,3.87,66.3,6.71,warning
2026-01-04 20:59:00,3.61,70.2,6.58,warning
2026-01-04 21:00:00,3.84,65.1,6.8,warning
2026-01-04 21:01:00,3.88,62.9,6.79,warning
2026-01-04 21:02:00,4.03,70.7,6.76,critical
2026-01-04 21:03:00,3.8,71.8,7.08,warning
2026-01-04 21:04:00,3.67,64.8,7.03,warning
2026-01-04 21:05:00,3.59,69.0,6.88,warning
2026-01-04 21:06:00,3.9,65.7,6.64,warning
2026-01-04 21:07:00,4.09,65.7,6.69,critical
2026-01-04 21:08:00,3.78,66.8,6.54,warning
2026-01-04 21:09:00,3.68,64.8,7.01,warning
2026-01-04 21:10:00,3.62,61.9,6.3,warning
2026-01-04 21:11:00,3.5,69.7,6.8,warning
2026-01-04 21:12:00,3.9,67.7,6.81,warning
2026-01-04 21:13:00,3.78,69.0,6.83,warning
2026-01-04 21:14:00,4.08,67.9,6.64,critical
2026-01-04 21:15:00,3.7,64.6,7.1,warning
2026-01-04 21:16:00,3.72,64.4,6.88,warning
2026-01-04 21:17:00,3.78,67.1,7.27,warning
2026-01-04 21:18:00,3.98,66.5,6.45,warning
2026-01-04 21:19:00,3.7,68.2,6.51,warning
2026-01-04 21:20:00,4.23,66.4,6.81,critical
2026-01-04 21:21:00,3.67,67.7,6.51,warning
2026-01-04 21:22:00,4.23,69.7,7.05,critical
2026-01-04 21:23:00,3.52,66.9,7.1,warning
2026-01-04 21:24:00,3.92,63.9,6.64,warning
2026-01-04 21:25:00,3.71,64.9,7.18,warning
2026-01-04 21:26:00,3.42,68.1,6.48,warning
2026-01-04 21:27:00,3.61,61.4,6.67,warning
2026-01-04 21:28:00,4.11,67.1,6.5,critical
2026-01-04 21:29:00,4.01,69.5,6.83,critical
2026-01-04 21:30:00,4.21,68.5,6.98,critical
2026-01-04 21:31:00,3.65,68.0,6.86,warning
2026-01-04 21:32:00,3.91,64.8,6.84,warning
2026-01-04 21:33:00,3.64,61.1,7.06,warning
2026-01-04 21:34:00,3.51,66.8,6.89,warning
2026-01-04 21:35:00,3.87,65.8,6.88,warning
2026-01-04 21:36:00,3.9,68.3,7.24,warning
2026-01-04 21:37:00,3.86,66.7,6.58,warning
2026-01-04 21:38:00,3.9,68.2,6.76,warning
2026-01-04 21:39:00,3.92,65.8,6.98,warning
2026-01-04 21:40:00,3.99,68.8,6.84,warning
2026-01-04 21:41:00,3.6,65.0,6.96,warning
2026-01-04 21:42:00,4.3,65.7,6.93,critical
2026-01-04 21:43:00,3.7,64.1,6.64,warning
2026-01-04 21:44:00,3.4,69.9,6.25,warning
2026-01-04 21:45:00,3.76,63.6,6.59,warning
2026-01-04 21:46:00,4.09,67.1,6.57,critical
2026-01-04 21:47:00,3.7,64.7,6.8,warning
2026-01-04 21:48:00,3.85,71.3,6.34,warning
2026-01-04 21:49:00,3.81,65.8,7.05,warning
2026-01-04 21:50:00,3.89,68.1,6.9,warning
2026-01-04 21:51:00,3.63,69.6,7.02,warning
2026-01-04 21:52:00,4.0,69.8,6.92,warning
2026-01-04 21:53:00,4.11,67.6,6.76,critical
2026-01-04 21:54:00,3.82,66.6,6.69,warning
2026-01-04 21:55:00,4.14,67.4,6.84,critical
2026-01-04 21:56:00,3.9,74.1,6.54,warning
2026-01-04 21:57:00,3.65,63.2,6.76,warning
2026-01-04 21:58:00,3.87,65.5,6.68,warning
2026-01-04 21:59:00,3.85,65.4,6.9,warning
2026-01-04 22:00:00,4.04,68.4,7.04,critical
2026-01-04 22:01:00,4.04,67.4,6.78,critical
2026-01-04 22:02:00,3.67,65.7,6.69,warning
2026-01-04 22:03:00,3.97,67.6,7.0,warning
2026-01-04 22:04:00,3.59,70.3,6.72,warning
2026-01-04 22:05:00,3.6,65.6,7.44,warning
2026-01-04 22:06:00,3.75,65.9,6.78,warning
2026-01-04 22:07:00,3.79,64.8,6.86,warning
2026-01-04 22:08:00,4.04,67.5,6.55,critical
2026-01-04 22:09:00,3.76,65.3,6.84,warning
2026-01-04 22:10:00,4.09,66.4,6.8,critical
2026-01-04 22:11:00,4.18,68.9,6.97,critical
2026-01-04 22:12:00,4.22,68.0,6.33,critical
2026-01-04 22:13:00,3.99,62.8,6.94,warning
2026-01-04 22:14:00,3.48,65.6,6.74,warning
2026-01-04 22:15:00,3.67,65.9,7.09,warning
2026-01-04 22:16:00,3.69,68.1,6.59,warning
2026-01-04 22:17:00,3.79,67.6,6.58,warning
2026-01-04 22:18:00,3.57,68.0,7.11,warning
2026-01-04 22:19:00,3.81,65.6,6.87,warning
2026-01-04 22:20:00,3.84,67.4,6.2,warning
2026-01-04 22:21:00,3.62,64.7,6.87,warning
2026-01-04 22:22:00,3.87,68.4,6.9,warning
2026-01-04 22:23:00,3.57,70.4,7.15,warning
2026-01-04 22:24:00,3.58,67.7,6.68,warning
2026-01-04 22:25:00,3.86,69.5,7.37,warning
2026-01-04 22:26:00,3.98,67.6,6.75,warning
2026-01-04 22:27:00,3.87,70.2,6.82,warning
2026-01-04 22:28:00,3.66,62.8,6.96,warning
2026-01-04 22:29:00,3.88,65.2,7.09,warning
2026-01-04 22:30:00,3.75,66.5,6.83,warning
2026-01-04 22:31:00,3.77,67.5,7.12,warning
2026-01-04 22:32:00,3.61,68.1,6.88,warning
2026-01-04 22:33:00,3.87,69.1,6.85,warning
2026-01-04 22:34:00,3.93,68.7,6.71,warning
2026-01-04 22:35:00,3.9,66.3,6.8,warning
2026-01-04 22:36:00,3.77,68.1,6.86,warning
2026-01-04 22:37:00,3.92,66.9,6.44,warning
2026-01-04 22:38:00,3.85,67.1,6.9,warning
2026-01-04 22:39:00,3.72,63.9,7.0,warning
2026-01-04 22:40:00,3.79,67.4,6.77,warning
2026-01-04 22:41:00,3.84,65.8,6.6,warning
2026-01-04 22:42:00,3.94,65.4,6.88,warning
2026-01-04 22:43:00,3.92,65.5,6.54,warning
2026-01-04 22:44:00,4.33,65.6,7.0,critical
2026-01-04 22:45:00,4.23,68.9,6.77,critical
2026-01-04 22:46:00,3.83,64.9,7.06,warning
2026-01-04 22:47:00,3.96,65.7,6.58,warning
2026-01-04 22:48:00,3.58,69.4,6.87,warning
2026-01-04 22:49:00,3.89,64.9,6.48,warning
2026-01-04 22:50:00,4.04,67.1,7.07,critical
2026-01-04 22:51:00,3.77,66.4,7.02,warning
2026-01-04 22:52:00,3.99,69.0,6.77,warning
2026-01-04 22:53:00,3.97,69.8,6.82,warning
2026-01-04 22:54:00,3.74,70.4,6.68,warning
2026-01-04 22:55:00,3.97,66.9,6.39,warning
2026-01-04 22:56:00,4.07,60.1,6.35,critical
2026-01-04 22:57:00,3.95,68.4,6.69,warning
2026-01-04 22:58:00,3.88,60.7,7.03,warning
2026-01-04 22:59:00,3.9,66.9,6.85,warning
2026-01-04 23:00:00,3.95,67.0,6.38,warning
2026-01-04 23:01:00,4.29,70.1,6.53,critical
2026-01-04 23:02:00,3.78,66.5,7.12,warning
2026-01-04 23:03:00,3.42,65.8,6.41,warning
2026-01-04 23:04:00,3.8,65.9,6.87,warning
2026-01-04 23:05:00,3.73,65.2,7.01,warning
2026-01-04 23:06:00,3.94,68.5,6.81,warning
2026-01-04 23:07:00,3.74,66.8,6.98,warning
2026-01-04 23:08:00,3.42,68.1,6.93,warning
2026-01-04 23:09:00,3.87,66.7,6.21,warning
2026-01-04 23:10:00,3.77,71.6,6.86,warning
2026-01-04 23:11:00,3.79,67.2,6.94,warning
2026-01-04 23:12:00,3.99,66.6,6.96,warning
2026-01-04 23:13:00,4.19,69.7,7.44,critical
2026-01-04 23:14:00,3.73,71.3,6.66,warning
2026-01-04 23:15:00,3.93,69.0,6.73,warning
2026-01-04 23:16:00,3.88,69.4,6.68,warning
2026-01-04 23:17:00,4.19,63.7,7.34,critical
2026-01-04 23:18:00,4.06,66.9,6.76,critical
2026-01-04 23:19:00,3.76,66.8,6.85,warning
2026-01-04 23:20:00,4.11,72.1,6.91,critical
2026-01-04 23:21:00,3.69,65.8,6.82,warning
2026-01-04 23:22:00,3.66,64.2,7.39,warning
2026-01-04 23:23:00,3.92,65.1,7.07,warning
2026-01-04 23:24:00,3.63,64.5,6.66,warning
2026-01-04 23:25:00,4.19,66.6,6.25,critical
2026-01-04 23:26:00,4.11,66.5,6.4,critical
2026-01-04 23:27:00,3.8,68.5,6.96,warning
2026-01-04 23:28:00,4.22,65.1,6.88,critical
2026-01-04 23:29:00,3.72,63.4,7.09,warning
2026-01-04 23:30:00,3.96,68.0,6.97,warning
2026-01-04 23:31:00,3.73,64.7,6.88,warning
2026-01-04 23:32:00,4.1,71.3,7.07,critical
2026-01-04 23:33:00,3.87,67.9,6.87,warning
2026-01-04 23:34:00,3.66,67.3,6.53,warning
2026-01-04 23:35:00,3.84,71.4,7.07,warning
2026-01-04 23:36:00,3.68,67.1,6.66,warning
2026-01-04 23:37:00,3.86,69.9,7.03,warning
2026-01-04 23:38:00,4.37,70.3,6.92,critical
2026-01-04 23:39:00,4.01,66.8,6.59,critical
2026-01-04 23:40:00,4.13,69.8,6.81,critical
2026-01-04 23:41:00,3.93,70.4,7.08,warning
2026-01-04 23:42:00,3.58,67.9,6.83,warning
2026-01-04 23:43:00,4.09,69.9,7.2,critical
2026-01-04 23:44:00,3.65,65.4,7.15,warning
2026-01-04 23:45:00,3.75,63.5,7.01,warning
2026-01-04 23:46:00,3.76,71.8,6.95,warning
2026-01-04 23:47:00,3.91,66.4,7.27,warning
2026-01-04 23:48:00,3.95,66.3,6.68,warning
2026-01-04 23:49:00,3.86,64.9,7.13,warning
2026-01-04 23:50:00,3.51,67.0,7.03,warning
2026-01-04 23:51:00,3.94,65.6,7.04,warning
2026-01-04 23:52:00,3.7,67.3,7.04,warning
2026-01-04 23:53:00,3.97,65.7,7.18,warning
2026-01-04 23:54:00,3.89,69.3,7.26,warning
2026-01-04 23:55:00,4.1,70.2,6.93,critical
2026-01-04 23:56:00,4.04,68.0,6.58,critical
2026-01-04 23:57:00,3.94,68.1,7.02,warning
2026-01-04 23:58:00,3.85,65.5,7.04,warning
2026-01-04 23:59:00,3.62,71.1,6.82,warning
2026-01-05 00:00:00,3.93,68.8,7.03,warning
2026-01-05 00:01:00,3.6,69.5,6.96,warning
2026-01-05 00:02:00,3.75,65.6,6.8,warning
2026-01-05 00:03:00,3.62,71.8,7.25,warning
2026-01-05 00:04:00,3.97,66.9,6.83,warning
2026-01-05 00:05:00,4.03,71.9,6.74,critical
2026-01-05 00:06:00,3.66,71.4,6.44,warning
2026-01-05 00:07:00,3.68,66.9,6.49,warning
2026-01-05 00:08:00,4.11,69.6,6.74,critical
2026-01-05 00:09:00,4.14,71.1,6.86,critical
2026-01-05 00:10:00,3.8,73.2,7.07,warning
2026-01-05 00:11:00,3.94,70.9,6.96,warning
2026-01-05 00:12:00,3.79,67.7,7.15,warning
2026-01-05 00:13:00,3.49,66.8,7.23,warning
2026-01-05 00:14:00,3.78,71.4,7.24,warning
2026-01-05 00:15:00,3.87,66.1,6.82,warning
2026-01-05 00:16:00,4.42,72.2,6.92,critical
2026-01-05 00:17:00,3.77,67.8,6.95,warning
2026-01-05 00:18:00,3.64,67.8,7.22,warning
2026-01-05 00:19:00,3.53,69.6,7.23,warning
2026-01-05 00:20:00,3.78,71.8,6.72,warning
2026-01-05 00:21:00,3.98,66.8,6.81,warning
2026-01-05 00:22:00,3.77,69.3,7.1,warning
2026-01-05 00:23:00,3.88,64.2,6.99,warning
2026-01-05 00:24:00,3.98,67.1,7.36,warning
2026-01-05 00:25:00,3.58,62.1,6.71,warning
2026-01-05 00:26:00,4.04,65.0,6.65,critical
2026-01-05 00:27:00,4.08,68.8,6.99,critical
2026-01-05 00:28:00,4.05,66.6,6.8,critical
2026-01-05 00:29:00,4.06,64.3,6.36,critical
2026-01-05 00:30:00,3.81,70.0,6.96,warning
2026-01-05 00:31:00,4.07,62.6,6.97,critical
2026-01-05 00:32:00,4.03,64.3,7.11,critical
2026-01-05 00:33:00,3.87,75.3,6.35,warning
2026-01-05 00:34:00,4.17,66.7,6.49,critical
2026-01-05 00:35:00,3.79,68.4,7.16,warning
2026-01-05 00:36:00,4.24,71.2,6.66,critical
2026-01-05 00:37:00,4.12,68.7,6.74,critical
2026-01-05 00:38:00,3.86,65.9,6.91,warning
2026-01-05 00:39:00,3.75,65.1,7.02,warning
2026-01-05 00:40:00,4.03,67.2,7.24,critical
2026-01-05 00:41:00,3.85,67.0,7.07,warning
2026-01-05 00:42:00,3.87,67.9,6.27,warning
2026-01-05 00:43:00,3.91,63.2,6.6,warning
2026-01-05 00:44:00,3.64,65.1,6.77,warning
2026-01-05 00:45:00,3.81,69.4,6.96,warning
2026-01-05 00:46:00,3.52,68.0,6.98,warning
2026-01-05 00:47:00,3.84,67.6,6.95,warning
2026-01-05 00:48:00,4.06,63.8,6.84,critical
2026-01-05 00:49:00,4.21,71.3,7.12,critical
2026-01-05 00:50:00,4.01,71.9,7.38,critical
2026-01-05 00:51:00,3.88,65.4,6.84,warning
2026-01-05 00:52:00,4.53,63.9,6.79,critical
2026-01-05 00:53:00,3.62,68.1,6.61,warning
2026-01-05 00:54:00,3.89,62.9,7.06,warning
2026-01-05 00:55:00,4.15,66.8,6.87,critical
2026-01-05 00:56:00,3.88,68.3,6.9,warning
2026-01-05 00:57:00,4.06,70.9,6.71,critical
2026-01-05 00:58:00,3.85,70.1,6.55,warning
2026-01-05 00:59:00,3.52,68.4,7.03,warning
2026-01-05 01:00:00,3.77,66.4,6.72,warning
2026-01-05 01:01:00,3.74,69.6,6.62,warning
2026-01-05 01:02:00,3.86,65.6,6.55,warning
2026-01-05 01:03:00,4.09,66.6,6.96,critical
2026-01-05 01:04:00,3.61,66.0,7.1,warning
2026-01-05 01:05:00,4.43,62.9,6.86,critical
2026-01-05 01:06:00,4.0,66.3,7.13,warning
2026-01-05 01:07:00,3.74,68.3,6.78,warning
2026-01-05 01:08:00,4.16,66.2,6.83,critical
2026-01-05 01:09:00,4.1,65.3,6.93,critical
2026-01-05 01:10:00,3.55,65.2,7.01,warning
2026-01-05 01:11:00,3.72,66.5,7.04,warning
2026-01-05 01:12:00,3.8,70.0,6.97,warning
2026-01-05 01:13:00,4.0,71.0,7.0,warning
2026-01-05 01:14:00,4.23,70.2,6.79,critical
2026-01-05 01:15:00,4.18,68.6,6.82,critical
2026-01-05 01:16:00,3.97,70.7,7.03,warning
2026-01-05 01:17:00,4.28,70.7,7.05,critical
2026-01-05 01:18:00,3.71,67.5,6.94,warning
2026-01-05 01:19:00,4.06,69.6,6.96,critical
2026-01-05 01:20:00,3.94,69.8,6.71,warning
2026-01-05 01:21:00,4.26,62.9,7.28,critical
2026-01-05 01:22:00,3.91,70.5,7.01,warning
2026-01-05 01:23:00,3.99,69.4,7.12,warning
2026-01-05 01:24:00,3.86,70.6,6.65,warning
2026-01-05 01:25:00,3.92,70.1,7.17,warning
2026-01-05 01:26:00,4.02,67.0,7.15,critical
2026-01-05 01:27:00,3.79,72.4,6.9,warning
2026-01-05 01:28:00,3.62,65.0,6.94,warning
2026-01-05 01:29:00,3.95,72.9,6.67,warning
2026-01-05 01:30:00,3.93,65.4,6.8,warning
2026-01-05 01:31:00,4.26,65.2,7.07,critical
2026-01-05 01:32:00,4.0,68.0,7.06,warning
2026-01-05 01:33:00,3.69,72.2,7.41,warning
2026-01-05 01:34:00,3.94,74.1,6.83,warning
2026-01-05 01:35:00,4.01,71.6,6.81,critical
2026-01-05 01:36:00,3.65,64.0,7.44,warning
2026-01-05 01:37:00,3.82,67.6,6.65,warning
2026-01-05 01:38:00,4.12,66.1,6.81,critical
2026-01-05 01:39:00,3.99,65.4,6.89,warning
2026-01-05 01:40:00,4.21,69.2,6.96,critical
2026-01-05 01:41:00,3.97,67.1,7.43,warning
2026-01-05 01:42:00,3.77,68.6,6.96,warning
2026-01-05 01:43:00,4.13,70.9,6.92,critical
2026-01-05 01:44:00,3.99,68.9,6.36,warning
2026-01-05 01:45:00,3.61,66.6,6.79,warning
2026-01-05 01:46:00,3.69,70.0,6.93,warning
2026-01-05 01:47:00,3.89,65.0,6.92,warning
2026-01-05 01:48:00,3.41,67.7,6.95,warning
2026-01-05 01:49:00,3.98,64.2,6.99,warning
2026-01-05 01:50:00,3.73,66.1,7.11,warning
2026-01-05 01:51:00,4.34,68.3,6.73,critical
2026-01-05 01:52:00,3.97,70.5,7.09,warning
2026-01-05 01:53:00,4.49,66.4,7.0,critical
2026-01-05 01:54:00,4.25,71.9,6.45,critical
2026-01-05 01:55:00,3.94,71.9,7.66,warning
2026-01-05 01:56:00,4.08,67.3,6.69,critical
2026-01-05 01:57:00,4.38,70.0,6.73,critical
2026-01-05 01:58:00,3.9,69.0,7.08,warning
2026-01-05 01:59:00,3.76,66.7,6.53,warning
2026-01-05 02:00:00,4.15,67.4,7.06,critical
2026-01-05 02:01:00,4.23,68.8,6.91,critical
2026-01-05 02:02:00,3.98,68.4,7.25,warning
2026-01-05 02:03:00,4.0,66.9,7.2,warning
2026-01-05 02:04:00,4.19,64.9,7.33,critical
2026-01-05 02:05:00,4.02,69.0,7.19,critical
2026-01-05 02:06:00,3.83,70.6,6.85,warning
2026-01-05 02:07:00,3.65,65.8,7.09,warning
2026-01-05 02:08:00,3.76,72.3,7.24,warning
2026-01-05 02:09:00,4.21,68.6,7.01,critical
2026-01-05 02:10:00,3.71,70.8,7.04,warning
2026-01-05 02:11:00,4.06,72.5,6.79,critical
2026-01-05 02:12:00,3.92,69.1,6.71,warning
2026-01-05 02:13:00,3.91,69.5,6.87,warning
2026-01-05 02:14:00,4.21,64.5,7.23,critical
2026-01-05 02:15:00,4.08,66.9,6.72,critical
2026-01-05 02:16:00,3.53,66.3,7.21,warning
2026-01-05 02:17:00,3.94,71.2,6.79,warning
2026-01-05 02:18:00,4.09,66.5,6.71,critical
2026-01-05 02:19:00,3.93,66.7,6.56,warning
2026-01-05 02:20:00,3.91,68.6,7.27,warning
2026-01-05 02:21:00,4.14,71.4,7.13,critical
2026-01-05 02:22:00,4.02,65.3,6.99,critical
2026-01-05 02:23:00,4.07,72.0,7.12,critical
2026-01-05 02:24:00,4.2,65.8,6.87,critical
2026-01-05 02:25:00,4.04,71.3,6.92,critical
2026-01-05 02:26:00,3.94,70.1,6.67,warning
2026-01-05 02:27:00,4.28,66.2,6.47,critical
2026-01-05 02:28:00,3.96,72.7,7.1,warning
2026-01-05 02:29:00,4.11,68.5,6.92,critical
2026-01-05 02:30:00,3.65,62.8,7.0,warning
2026-01-05 02:31:00,4.22,69.3,7.11,critical
2026-01-05 02:32:00,4.27,69.3,6.93,critical
2026-01-05 02:33:00,3.79,73.5,7.09,warning
2026-01-05 02:34:00,3.77,65.5,7.27,warning
2026-01-05 02:35:00,3.75,73.1,6.27,warning
2026-01-05 02:36:00,4.24,69.7,6.99,critical
2026-01-05 02:37:00,3.92,73.2,7.14,warning
2026-01-05 02:38:00,3.78,64.2,7.0,warning
2026-01-05 02:39:00,3.96,64.7,6.95,warning
2026-01-05 02:40:00,3.85,68.5,7.14,warning
2026-01-05 02:41:00,4.26,70.8,6.78,critical
2026-01-05 02:42:00,4.04,68.7,6.63,critical
2026-01-05 02:43:00,4.04,73.1,6.97,critical
2026-01-05 02:44:00,3.64,68.6,6.66,warning
2026-01-05 02:45:00,4.14,69.8,6.92,critical
2026-01-05 02:46:00,3.9,68.0,6.97,warning
2026-01-05 02:47:00,3.81,65.1,7.25,warning
2026-01-05 02:48:00,3.89,69.0,7.04,warning
2026-01-05 02:49:00,4.03,65.6,6.55,critical
2026-01-05 02:50:00,3.85,69.5,6.78,warning
2026-01-05 02:51:00,3.89,73.9,6.5,warning
2026-01-05 02:52:00,3.82,73.3,6.96,warning
2026-01-05 02:53:00,3.83,71.5,6.98,warning
2026-01-05 02:54:00,3.9,69.1,6.8,warning
2026-01-05 02:55:00,3.76,68.3,6.72,warning
2026-01-05 02:56:00,3.97,69.5,7.18,warning
2026-01-05 02:57:00,4.19,67.6,7.09,critical
2026-01-05 02:58:00,4.07,69.4,6.85,critical
2026-01-05 02:59:00,3.76,69.9,6.54,warning
2026-01-05 03:00:00,3.92,62.2,6.64,warning
2026-01-05 03:01:00,3.8,71.4,7.14,warning
2026-01-05 03:02:00,3.86,70.5,7.19,warning
2026-01-05 03:03:00,3.94,65.2,6.92,warning
2026-01-05 03:04:00,3.95,65.6,7.06,warning
2026-01-05 03:05:00,4.03,69.8,7.04,critical
2026-01-05 03:06:00,4.12,68.2,7.02,critical
2026-01-05 03:07:00,3.89,67.2,7.31,warning
2026-01-05 03:08:00,3.57,70.9,6.82,warning
2026-01-05 03:09:00,3.82,69.3,6.6,warning
2026-01-05 03:10:00,3.81,66.6,6.92,warning
2026-01-05 03:11:00,3.81,72.7,7.43,warning
2026-01-05 03:12:00,3.57,70.1,7.19,warning
2026-01-05 03:13:00,4.09,67.1,6.92,critical
2026-01-05 03:14:00,3.83,67.7,6.67,warning
2026-01-05 03:15:00,3.95,65.0,6.93,warning
2026-01-05 03:16:00,3.73,69.2,6.81,warning
2026-01-05 03:17:00,4.04,71.4,7.38,critical
2026-01-05 03:18:00,3.47,66.6,6.9,warning
2026-01-05 03:19:00,4.07,64.6,6.73,critical
2026-01-05 03:20:00,4.01,69.0,7.07,critical
2026-01-05 03:21:00,4.07,69.6,7.03,critical
2026-01-05 03:22:00,3.99,70.4,6.42,warning
2026-01-05 03:23:00,4.29,63.3,6.71,critical
2026-01-05 03:24:00,3.94,70.5,6.23,warning
2026-01-05 03:25:00,3.98,70.8,7.23,warning
2026-01-05 03:26:00,3.84,68.0,6.83,warning
2026-01-05 03:27:00,3.91,66.2,6.76,warning
2026-01-05 03:28:00,4.07,69.1,7.11,critical
2026-01-05 03:29:00,4.03,70.6,7.2,critical
2026-01-05 03:30:00,3.64,66.7,6.93,warning
2026-01-05 03:31:00,3.98,67.1,7.21,warning
2026-01-05 03:32:00,4.38,69.3,7.01,critical
2026-01-05 03:33:00,4.16,64.2,6.99,critical
2026-01-05 03:34:00,4.18,67.2,6.68,critical
2026-01-05 03:35:00,3.95,68.7,6.76,warning
2026-01-05 03:36:00,4.41,67.7,6.7,critical
2026-01-05 03:37:00,3.97,71.1,6.99,warning
2026-01-05 03:38:00,4.09,66.7,7.36,critical
2026-01-05 03:39:00,4.1,71.5,7.08,critical
2026-01-05 03:40:00,4.16,66.7,6.87,critical
2026-01-05 03:41:00,4.26,72.8,6.7,critical
2026-01-05 03:42:00,4.04,67.8,6.82,critical
2026-01-05 03:43:00,4.05,71.7,7.1,critical
2026-01-05 03:44:00,3.93,70.2,6.9,warning
2026-01-05 03:45:00,4.08,72.4,6.47,critical
2026-01-05 03:46:00,4.15,65.1,7.3,critical
2026-01-05 03:47:00,3.87,65.9,7.17,warning
2026-01-05 03:48:00,4.07,66.4,6.68,critical
2026-01-05 03:49:00,3.96,65.9,6.73,warning
2026-01-05 03:50:00,4.02,66.5,7.1,critical
2026-01-05 03:51:00,4.29,68.6,7.03,critical
2026-01-05 03:52:00,4.4,66.0,7.29,critical
2026-01-05 03:53:00,4.21,71.1,7.32,critical
2026-01-05 03:54:00,4.05,67.5,7.27,critical
2026-01-05 03:55:00,4.22,71.7,7.01,critical
2026-01-05 03:56:00,3.86,69.5,7.23,warning
2026-01-05 03:57:00,4.2,67.9,7.08,critical
2026-01-05 03:58:00,3.74,71.5,6.8,warning
2026-01-05 03:59:00,4.16,66.1,7.26,critical
2026-01-05 04:00:00,4.06,67.1,7.17,critical
2026-01-05 04:01:00,3.88,70.9,6.93,warning
2026-01-05 04:02:00,3.66,66.6,6.89,warning
2026-01-05 04:03:00,4.28,71.3,7.41,critical
2026-01-05 04:04:00,4.33,67.7,6.96,critical
2026-01-05 04:05:00,3.92,67.4,6.54,warning
2026-01-05 04:06:00,4.0,65.8,6.99,warning
2026-01-05 04:07:00,4.43,67.8,7.05,critical
2026-01-05 04:08:00,4.19,69.8,7.08,critical
2026-01-05 04:09:00,3.93,68.5,6.76,warning
2026-01-05 04:10:00,4.17,64.7,7.25,critical
2026-01-05 04:11:00,3.73,71.5,6.92,warning
2026-01-05 04:12:00,3.76,70.5,7.24,warning
2026-01-05 04:13:00,3.92,70.9,6.44,warning
2026-01-05 04:14:00,3.74,72.3,6.95,warning
2026-01-05 04:15:00,3.64,67.4,6.78,warning
2026-01-05 04:16:00,3.98,68.2,7.05,warning
2026-01-05 04:17:00,3.99,72.5,7.11,warning
2026-01-05 04:18:00,4.1,72.0,6.91,critical
2026-01-05 04:19:00,3.76,72.1,7.04,warning
2026-01-05 04:20:00,4.04,67.6,6.86,critical
2026-01-05 04:21:00,4.18,71.6,7.21,critical
2026-01-05 04:22:00,4.17,70.6,7.04,critical
2026-01-05 04:23:00,3.98,72.2,6.92,warning
2026-01-05 04:24:00,4.09,67.1,6.85,critical
2026-01-05 04:25:00,3.97,67.2,7.21,warning
2026-01-05 04:26:00,3.74,69.4,7.05,warning
2026-01-05 04:27:00,3.65,68.1,7.08,warning
2026-01-05 04:28:00,4.1,68.7,7.18,critical
2026-01-05 04:29:00,3.99,69.2,7.08,warning
2026-01-05 04:30:00,4.2,67.5,6.89,critical
2026-01-05 04:31:00,3.88,68.4,7.37,warning
2026-01-05 04:32:00,4.13,66.4,6.87,critical
2026-01-05 04:33:00,4.09,67.0,6.84,critical
2026-01-05 04:34:00,4.29,67.7,7.26,critical
2026-01-05 04:35:00,4.27,67.4,6.8,critical
2026-01-05 04:36:00,3.96,66.5,7.05,warning
2026-01-05 04:37:00,3.98,70.1,7.37,warning
2026-01-05 04:38:00,4.18,70.5,6.53,critical
2026-01-05 04:39:00,4.11,73.6,6.27,critical
2026-01-05 04:40:00,4.16,68.9,6.81,critical
2026-01-05 04:41:00,4.18,73.5,7.21,critical
2026-01-05 04:42:00,3.95,66.9,7.06,warning
2026-01-05 04:43:00,4.2,68.3,6.95,critical
2026-01-05 04:44:00,4.59,72.0,7.31,critical
2026-01-05 04:45:00,3.73,67.5,7.04,warning
2026-01-05 04:46:00,3.82,73.3,7.38,warning
2026-01-05 04:47:00,3.92,73.8,7.02,warning
2026-01-05 04:48:00,4.54,69.7,7.17,critical
2026-01-05 04:49:00,4.3,72.5,7.15,critical
2026-01-05 04:50:00,4.0,70.6,6.82,warning
2026-01-05 04:51:00,4.06,66.6,6.58,critical
2026-01-05 04:52:00,4.04,72.5,7.26,critical
2026-01-05 04:53:00,4.01,73.7,6.88,critical
2026-01-05 04:54:00,3.64,63.9,6.73,warning
2026-01-05 04:55:00,4.19,67.8,7.14,critical
2026-01-05 04:56:00,4.36,66.6,7.15,critical
2026-01-05 04:57:00,4.14,67.2,7.37,critical
2026-01-05 04:58:00,3.97,68.4,7.56,warning
2026-01-05 04:59:00,4.13,71.7,7.37,critical
2026-01-05 05:00:00,3.9,72.5,6.9,warning
2026-01-05 05:01:00,3.92,68.7,6.88,warning
2026-01-05 05:02:00,4.2,70.1,6.91,critical
2026-01-05 05:03:00,4.17,68.7,6.95,critical
2026-01-05 05:04:00,4.04,70.6,7.13,critical
2026-01-05 05:05:00,3.96,71.5,6.98,warning
2026-01-05 05:06:00,3.9,65.8,7.28,warning
2026-01-05 05:07:00,4.04,70.0,7.3,critical
2026-01-05 05:08:00,3.94,66.0,7.05,warning
2026-01-05 05:09:00,4.1,68.8,7.4,critical
2026-01-05 05:10:00,3.54,72.3,7.23,warning
2026-01-05 05:11:00,4.13,61.1,7.36,critical
2026-01-05 05:12:00,3.83,68.2,6.99,warning
2026-01-05 05:13:00,4.12,71.1,7.26,critical
2026-01-05 05:14:00,4.2,70.1,7.14,critical
2026-01-05 05:15:00,3.82,67.6,7.26,warning
2026-01-05 05:16:00,4.21,71.3,6.91,critical
2026-01-05 05:17:00,4.22,66.6,7.31,critical
2026-01-05 05:18:00,3.99,73.7,6.66,warning
2026-01-05 05:19:00,4.39,68.6,6.94,critical
2026-01-05 05:20:00,4.08,67.8,7.02,critical
2026-01-05 05:21:00,3.89,67.8,7.16,warning
2026-01-05 05:22:00,3.86,67.6,6.7,warning
2026-01-05 05:23:00,3.94,72.8,6.83,warning
2026-01-05 05:24:00,3.9,70.0,6.95,warning
2026-01-05 05:25:00,4.49,69.2,7.13,critical
2026-01-05 05:26:00,4.23,71.9,7.1,critical
2026-01-05 05:27:00,4.01,74.6,7.02,critical
2026-01-05 05:28:00,3.96,68.0,6.61,warning
2026-01-05 05:29:00,4.21,63.7,7.04,critical
2026-01-05 05:30:00,4.0,75.2,6.59,warning
2026-01-05 05:31:00,3.87,69.3,7.0,warning
2026-01-05 05:32:00,3.94,69.4,6.73,warning
2026-01-05 05:33:00,4.12,63.8,7.04,critical
2026-01-05 05:34:00,3.93,72.2,7.49,warning
2026-01-05 05:35:00,3.98,73.1,6.97,warning
2026-01-05 05:36:00,3.86,74.0,7.18,warning
2026-01-05 05:37:00,4.05,71.4,7.12,critical
2026-01-05 05:38:00,4.04,66.3,6.98,critical
2026-01-05 05:39:00,4.17,69.3,7.28,critical
2026-01-05 05:40:00,4.13,67.5,6.72,critical
2026-01-05 05:41:00,4.02,68.3,7.13,critical
2026-01-05 05:42:00,3.91,68.1,7.31,warning
2026-01-05 05:43:00,4.08,67.9,7.06,critical
2026-01-05 05:44:00,4.33,70.4,7.2,critical
2026-01-05 05:45:00,3.9,72.3,7.63,warning
2026-01-05 05:46:00,3.9,66.7,7.1,warning
2026-01-05 05:47:00,4.23,69.5,6.79,critical
2026-01-05 05:48:00,4.03,71.2,6.95,critical
2026-01-05 05:49:00,4.18,72.6,7.11,critical
2026-01-05 05:50:00,4.05,71.8,6.84,critical
2026-01-05 05:51:00,3.86,69.1,6.93,warning
2026-01-05 05:52:00,3.9,74.3,7.6,warning
2026-01-05 05:53:00,3.99,70.0,7.01,warning
2026-01-05 05:54:00,4.28,73.0,6.61,critical
2026-01-05 05:55:00,4.15,66.5,7.5,critical
2026-01-05 05:56:00,4.15,67.7,7.0,critical
2026-01-05 05:57:00,4.0,71.1,7.32,warning
2026-01-05 05:58:00,3.83,74.4,7.46,warning
2026-01-05 05:59:00,3.88,70.0,7.49,warning
2026-01-05 06:00:00,4.31,68.9,7.26,critical
2026-01-05 06:01:00,4.66,70.1,6.9,critical
2026-01-05 06:02:00,4.1,70.4,6.93,critical
2026-01-05 06:03:00,4.15,66.7,6.9,critical
2026-01-05 06:04:00,4.21,65.4,7.29,critical
2026-01-05 06:05:00,3.66,65.5,6.94,warning
2026-01-05 06:06:00,4.12,73.1,7.08,critical
2026-01-05 06:07:00,4.01,71.3,6.85,critical
2026-01-05 06:08:00,4.09,66.8,7.08,critical
2026-01-05 06:09:00,4.04,67.8,7.11,critical
2026-01-05 06:10:00,4.1,72.8,6.66,critical
2026-01-05 06:11:00,4.05,68.0,7.28,critical
2026-01-05 06:12:00,4.22,71.1,6.89,critical
2026-01-05 06:13:00,4.24,66.0,6.63,critical
2026-01-05 06:14:00,3.81,69.8,7.24,warning
2026-01-05 06:15:00,3.47,73.2,7.1,warning
2026-01-05 06:16:00,3.75,70.1,7.34,warning
2026-01-05 06:17:00,4.19,72.6,6.73,critical
2026-01-05 06:18:00,3.99,67.6,7.5,warning
2026-01-05 06:19:00,4.2,77.0,6.95,critical
2026-01-05 06:20:00,3.93,69.6,7.41,warning
2026-01-05 06:21:00,4.0,70.2,7.09,warning
2026-01-05 06:22:00,4.08,68.3,7.04,critical
2026-01-05 06:23:00,4.04,69.9,7.31,critical
2026-01-05 06:24:00,4.42,67.8,6.97,critical
2026-01-05 06:25:00,3.91,70.4,6.94,warning
2026-01-05 06:26:00,4.12,72.7,6.44,critical
2026-01-05 06:27:00,4.17,68.8,7.19,critical
2026-01-05 06:28:00,3.9,73.0,7.3,warning
2026-01-05 06:29:00,4.19,72.0,6.89,critical
2026-01-05 06:30:00,3.95,71.9,6.88,warning
2026-01-05 06:31:00,4.36,69.2,7.2,critical
2026-01-05 06:32:00,4.5,68.2,7.09,critical
2026-01-05 06:33:00,4.29,72.4,6.99,critical
2026-01-05 06:34:00,3.97,69.4,7.44,warning
2026-01-05 06:35:00,4.02,70.2,6.97,critical
2026-01-05 06:36:00,4.22,70.4,6.83,critical
2026-01-05 06:37:00,3.89,65.0,6.87,warning
2026-01-05 06:38:00,4.24,73.3,7.25,critical
2026-01-05 06:39:00,4.19,69.7,7.27,critical
2026-01-05 06:40:00,4.14,74.6,7.06,critical
2026-01-05 06:41:00,4.35,72.2,7.26,critical
2026-01-05 06:42:00,3.68,72.4,7.05,warning
2026-01-05 06:43:00,3.99,66.4,7.08,warning
2026-01-05 06:44:00,4.09,66.8,6.71,critical
2026-01-05 06:45:00,4.18,72.3,7.13,critical
2026-01-05 06:46:00,4.31,69.9,7.07,critical
2026-01-05 06:47:00,3.9,66.2,7.55,warning
2026-01-05 06:48:00,4.31,66.6,7.12,critical
2026-01-05 06:49:00,4.06,69.4,6.98,critical
2026-01-05 06:50:00,4.16,72.2,7.19,critical
2026-01-05 06:51:00,4.06,69.7,7.32,critical
2026-01-05 06:52:00,4.18,70.3,7.08,critical
2026-01-05 06:53:00,4.16,69.0,7.29,critical
2026-01-05 06:54:00,3.87,69.1,7.24,warning
2026-01-05 06:55:00,3.86,66.2,7.1,warning
2026-01-05 06:56:00,3.75,66.9,7.28,warning
2026-01-05 06:57:00,4.05,73.4,6.79,critical
2026-01-05 06:58:00,4.07,71.2,6.8,critical
2026-01-05 06:59:00,4.3,71.4,6.69,critical
2026-01-05 07:00:00,4.08,71.1,6.94,critical
2026-01-05 07:01:00,3.79,70.9,7.64,warning
2026-01-05 07:02:00,4.01,74.1,6.9,critical
2026-01-05 07:03:00,4.13,72.1,7.09,critical
2026-01-05 07:04:00,4.03,72.0,7.57,critical
2026-01-05 07:05:00,4.15,68.9,7.05,critical
2026-01-05 07:06:00,4.6,70.6,6.94,critical
2026-01-05 07:07:00,3.86,65.7,7.18,warning
2026-01-05 07:08:00,4.23,69.2,7.09,critical
2026-01-05 07:09:00,3.86,70.6,7.22,warning
2026-01-05 07:10:00,3.99,74.5,6.89,warning
2026-01-05 07:11:00,4.15,72.4,7.08,critical
2026-01-05 07:12:00,4.06,66.7,7.44,critical
2026-01-05 07:13:00,4.06,71.6,7.26,critical
2026-01-05 07:14:00,3.97,69.8,7.43,warning
2026-01-05 07:15:00,3.87,75.6,6.91,warning
2026-01-05 07:16:00,3.86,70.6,7.65,warning
2026-01-05 07:17:00,3.72,69.9,7.22,warning
2026-01-05 07:18:00,4.11,71.2,6.92,critical
2026-01-05 07:19:00,3.98,69.9,6.82,warning
2026-01-05 07:20:00,4.09,69.3,6.98,critical
2026-01-05 07:21:00,4.16,65.8,7.04,critical
2026-01-05 07:22:00,4.56,67.6,7.42,critical
2026-01-05 07:23:00,4.11,68.8,6.77,critical
2026-01-05 07:24:00,4.13,74.0,7.01,critical
2026-01-05 07:25:00,4.09,72.9,7.19,critical
2026-01-05 07:26:00,3.79,70.6,7.48,warning
2026-01-05 07:27:00,4.1,63.5,7.2,critical
2026-01-05 07:28:00,4.06,65.8,6.68,critical
2026-01-05 07:29:00,4.3,68.5,6.88,critical
2026-01-05 07:30:00,4.1,68.8,7.13,critical
2026-01-05 07:31:00,4.07,67.4,6.98,critical
2026-01-05 07:32:00,4.19,70.5,7.09,critical
2026-01-05 07:33:00,4.49,72.2,7.32,critical
2026-01-05 07:34:00,4.07,70.9,7.0,critical
2026-01-05 07:35:00,4.26,70.1,7.16,critical
2026-01-05 07:36:00,4.14,70.4,7.84,critical
2026-01-05 07:37:00,3.98,68.7,7.28,warning
2026-01-05 07:38:00,3.99,69.7,6.84,warning
2026-01-05 07:39:00,4.21,71.7,7.03,critical
2026-01-05 07:40:00,4.25,65.8,6.93,critical
2026-01-05 07:41:00,4.08,67.5,6.67,critical
2026-01-05 07:42:00,4.05,72.2,7.43,critical
2026-01-05 07:43:00,4.0,72.3,7.27,warning
2026-01-05 07:44:00,4.36,69.6,6.66,critical
2026-01-05 07:45:00,4.13,67.9,6.93,critical
2026-01-05 07:46:00,4.05,69.6,7.15,critical
2026-01-05 07:47:00,4.25,69.6,7.21,critical
2026-01-05 07:48:00,4.12,72.8,7.07,critical
2026-01-05 07:49:00,4.1,69.6,7.07,critical
2026-01-05 07:50:00,3.96,68.3,7.31,warning
2026-01-05 07:51:00,3.9,69.7,7.37,warning
2026-01-05 07:52:00,4.05,72.6,6.97,critical
2026-01-05 07:53:00,3.91,66.5,7.44,warning
2026-01-05 07:54:00,3.89,72.4,6.87,warning
2026-01-05 07:55:00,4.38,76.0,6.7,critical
2026-01-05 07:56:00,3.9,72.5,7.25,warning
2026-01-05 07:57:00,4.27,69.1,7.62,critical
2026-01-05 07:58:00,4.14,67.5,7.06,critical
2026-01-05 07:59:00,3.88,74.5,6.95,warning
2026-01-05 08:00:00,4.22,69.4,6.97,critical
2026-01-05 08:01:00,3.74,72.1,7.45,warning
2026-01-05 08:02:00,3.94,66.7,7.32,warning
2026-01-05 08:03:00,3.79,73.6,6.9,warning
2026-01-05 08:04:00,3.9,71.2,6.86,warning
2026-01-05 08:05:00,3.98,71.5,6.52,warning
2026-01-05 08:06:00,4.45,70.7,6.8,critical
2026-01-05 08:07:00,3.92,73.1,7.27,warning
2026-01-05 08:08:00,4.4,68.9,7.2,critical
2026-01-05 08:09:00,4.21,72.4,7.41,critical
2026-01-05 08:10:00,3.98,70.3,6.97,warning
2026-01-05 08:11:00,4.12,72.4,6.71,critical
2026-01-05 08:12:00,4.35,67.8,7.05,critical
2026-01-05 08:13:00,4.38,71.5,7.21,critical
2026-01-05 08:14:00,3.89,68.0,7.36,warning
2026-01-05 08:15:00,4.01,69.4,7.37,critical
2026-01-05 08:16:00,3.92,71.3,7.14,warning
2026-01-05 08:17:00,4.13,69.4,6.98,critical
2026-01-05 08:18:00,3.91,71.9,6.96,warning
2026-01-05 08:19:00,4.32,70.1,6.87,critical
2026-01-05 08:20:00,4.08,69.7,7.38,critical
2026-01-05 08:21:00,4.06,70.0,7.48,critical
2026-01-05 08:22:00,4.23,74.9,7.45,critical
2026-01-05 08:23:00,3.95,73.2,7.51,warning
2026-01-05 08:24:00,4.44,73.2,7.37,critical
2026-01-05 08:25:00,4.07,68.6,7.04,critical
2026-01-05 08:26:00,3.8,74.1,7.06,warning
2026-01-05 08:27:00,4.39,67.7,7.4,critical
2026-01-05 08:28:00,4.04,67.5,7.54,critical
2026-01-05 08:29:00,4.36,71.3,7.14,critical
2026-01-05 08:30:00,4.22,71.2,6.94,critical
2026-01-05 08:31:00,4.05,75.7,7.8,critical
2026-01-05 08:32:00,4.45,72.0,7.05,critical
2026-01-05 08:33:00,3.98,68.9,7.0,warning
2026-01-05 08:34:00,4.57,75.3,7.32,critical
2026-01-05 08:35:00,3.95,73.0,7.08,warning
2026-01-05 08:36:00,3.71,71.5,6.93,warning
2026-01-05 08:37:00,3.98,70.2,7.01,warning
2026-01-05 08:38:00,4.13,70.6,6.67,critical
2026-01-05 08:39:00,4.44,68.4,6.9,critical
2026-01-05 08:40:00,4.07,70.6,7.51,critical
2026-01-05 08:41:00,4.19,72.2,7.21,critical
2026-01-05 08:42:00,4.19,71.6,6.66,critical
2026-01-05 08:43:00,4.09,73.7,8.13,critical
2026-01-05 08:44:00,3.9,71.9,7.0,warning
2026-01-05 08:45:00,4.55,67.5,7.3,critical
2026-01-05 08:46:00,3.86,70.1,7.13,warning
2026-01-05 08:47:00,4.36,68.2,7.31,critical
2026-01-05 08:48:00,4.15,71.6,7.38,critical
2026-01-05 08:49:00,3.89,72.9,7.0,warning
2026-01-05 08:50:00,4.36,71.7,7.09,critical
2026-01-05 08:51:00,4.03,73.0,7.46,critical
2026-01-05 08:52:00,4.04,68.1,7.32,critical
2026-01-05 08:53:00,3.86,67.6,6.88,warning
2026-01-05 08:54:00,4.06,67.6,6.66,critical
2026-01-05 08:55:00,3.92,72.5,6.83,warning
2026-01-05 08:56:00,4.08,75.8,7.14,critical
2026-01-05 08:57:00,4.22,68.6,7.69,critical
2026-01-05 08:58:00,4.04,70.4,7.48,critical
2026-01-05 08:59:00,4.11,71.1,7.08,critical
2026-01-05 09:00:00,4.1,71.9,7.29,critical
2026-01-05 09:01:00,4.02,69.0,7.0,critical
2026-01-05 09:02:00,3.87,67.0,7.23,warning
2026-01-05 09:03:00,4.34,73.2,6.56,critical
2026-01-05 09:04:00,4.1,68.2,7.19,critical
2026-01-05 09:05:00,4.07,72.5,7.15,critical
2026-01-05 09:06:00,3.77,68.6,7.15,warning
2026-01-05 09:07:00,4.17,67.5,6.77,critical
2026-01-05 09:08:00,4.17,67.5,6.74,critical
2026-01-05 09:09:00,4.07,69.8,6.94,critical
2026-01-05 09:10:00,4.01,71.1,6.98,critical
2026-01-05 09:11:00,4.17,70.1,7.2,critical
2026-01-05 09:12:00,4.33,73.1,7.48,critical
2026-01-05 09:13:00,4.32,71.6,7.05,critical
2026-01-05 09:14:00,4.08,68.9,7.16,critical
2026-01-05 09:15:00,4.3,69.2,7.15,critical
2026-01-05 09:16:00,4.02,71.6,7.02,critical
2026-01-05 09:17:00,4.01,69.4,7.28,critical
2026-01-05 09:18:00,4.14,70.0,7.22,critical
2026-01-05 09:19:00,4.08,73.9,6.92,critical
2026-01-05 09:20:00,4.12,67.6,7.07,critical
2026-01-05 09:21:00,3.82,73.0,7.35,warning
2026-01-05 09:22:00,4.32,71.2,6.94,critical
2026-01-05 09:23:00,4.0,74.9,7.52,warning
2026-01-05 09:24:00,4.19,69.8,7.5,critical
2026-01-05 09:25:00,4.02,71.7,7.5,critical
2026-01-05 09:26:00,4.0,73.2,7.29,warning
2026-01-05 09:27:00,4.16,68.6,6.98,critical
2026-01-05 09:28:00,4.22,67.6,7.2,critical
2026-01-05 09:29:00,4.27,73.6,6.82,critical
2026-01-05 09:30:00,4.43,75.4,7.27,critical
2026-01-05 09:31:00,3.96,70.3,7.15,warning
2026-01-05 09:32:00,4.22,71.2,7.24,critical
2026-01-05 09:33:00,4.15,71.8,7.05,critical
2026-01-05 09:34:00,4.1,69.7,7.65,critical
2026-01-05 09:35:00,4.46,72.6,7.5,critical
2026-01-05 09:36:00,4.33,71.6,6.79,critical
2026-01-05 09:37:00,4.12,70.4,6.89,critical
2026-01-05 09:38:00,3.87,72.4,7.25,warning
2026-01-05 09:39:00,3.94,69.3,7.46,warning
2026-01-05 09:40:00,3.99,71.6,7.12,warning
2026-01-05 09:41:00,4.27,69.1,7.19,critical
2026-01-05 09:42:00,4.21,71.8,7.19,critical
2026-01-05 09:43:00,4.24,76.7,7.81,critical
2026-01-05 09:44:00,4.04,65.4,7.32,critical
2026-01-05 09:45:00,4.21,73.9,7.24,critical
2026-01-05 09:46:00,4.19,74.1,7.49,critical
2026-01-05 09:47:00,3.9,69.2,7.15,warning
2026-01-05 09:48:00,4.19,70.7,7.28,critical
2026-01-05 09:49:00,4.37,75.6,7.32,critical
2026-01-05 09:50:00,4.0,70.9,7.16,warning
2026-01-05 09:51:00,4.28,72.3,7.69,critical
2026-01-05 09:52:00,4.08,72.3,7.76,critical
2026-01-05 09:53:00,4.06,71.7,6.94,critical
2026-01-05 09:54:00,4.19,69.4,7.44,critical
2026-01-05 09:55:00,4.21,69.0,7.39,critical
2026-01-05 09:56:00,4.21,73.7,6.89,critical
2026-01-05 09:57:00,4.25,73.3,7.07,critical
2026-01-05 09:58:00,3.93,71.2,7.49,warning
2026-01-05 09:59:00,4.41,70.3,6.86,critical
2026-01-05 10:00:00,4.09,70.2,7.29,critical
2026-01-05 10:01:00,4.16,69.5,7.46,critical
2026-01-05 10:02:00,4.21,72.4,6.75,critical
2026-01-05 10:03:00,3.7,67.8,7.06,warning
2026-01-05 10:04:00,4.3,65.5,7.58,critical
2026-01-05 10:05:00,4.22,74.8,6.96,critical
2026-01-05 10:06:00,4.28,71.6,7.39,critical
2026-01-05 10:07:00,4.14,72.6,7.46,critical
2026-01-05 10:08:00,4.05,72.0,6.71,critical
2026-01-05 10:09:00,4.33,76.3,6.87,critical
2026-01-05 10:10:00,4.17,73.6,7.19,critical
2026-01-05 10:11:00,4.22,70.4,7.08,critical
2026-01-05 10:12:00,4.17,71.5,6.89,critical
2026-01-05 10:13:00,4.17,75.3,7.08,critical
2026-01-05 10:14:00,3.94,71.1,7.01,warning
2026-01-05 10:15:00,3.92,71.8,7.01,warning
2026-01-05 10:16:00,4.06,71.8,6.81,critical
2026-01-05 10:17:00,3.84,73.1,6.71,warning
2026-01-05 10:18:00,3.99,67.0,7.07,warning
2026-01-05 10:19:00,4.28,71.7,7.79,critical
2026-01-05 10:20:00,4.41,69.1,6.89,critical
2026-01-05 10:21:00,4.73,74.1,7.34,critical
2026-01-05 10:22:00,4.21,72.2,6.82,critical
2026-01-05 10:23:00,4.22,71.7,6.97,critical
2026-01-05 10:24:00,4.08,75.3,7.16,critical
2026-01-05 10:25:00,4.61,67.2,7.06,critical
2026-01-05 10:26:00,3.88,68.5,6.99,warning
2026-01-05 10:27:00,4.26,72.2,7.02,critical
2026-01-05 10:28:00,3.75,75.2,7.12,warning
2026-01-05 10:29:00,3.97,72.2,7.25,warning
2026-01-05 10:30:00,4.13,71.9,6.91,critical
2026-01-05 10:31:00,4.35,69.1,7.04,critical
2026-01-05 10:32:00,4.33,74.6,7.59,critical
2026-01-05 10:33:00,4.41,70.7,6.81,critical
2026-01-05 10:34:00,4.48,75.0,7.03,critical
2026-01-05 10:35:00,4.38,70.7,7.57,critical
2026-01-05 10:36:00,4.1,76.5,7.39,critical
2026-01-05 10:37:00,4.56,70.4,7.3,critical
2026-01-05 10:38:00,4.01,73.7,7.42,critical
2026-01-05 10:39:00,4.68,72.8,7.38,critical
2026-01-05 10:40:00,4.11,73.0,7.11,critical
2026-01-05 10:41:00,4.22,72.0,7.11,critical
2026-01-05 10:42:00,4.21,70.7,7.11,critical
2026-01-05 10:43:00,4.42,72.1,7.29,critical
2026-01-05 10:44:00,3.91,72.7,7.33,warning
2026-01-05 10:45:00,4.12,76.8,6.63,critical
2026-01-05 10:46:00,4.36,73.4,7.34,critical
2026-01-05 10:47:00,4.24,73.0,7.42,critical
2026-01-05 10:48:00,4.06,72.4,7.16,critical
2026-01-05 10:49:00,3.99,73.5,7.06,warning
2026-01-05 10:50:00,3.91,70.3,7.01,warning
2026-01-05 10:51:00,4.41,72.1,7.55,critical
2026-01-05 10:52:00,4.07,73.9,7.92,critical
2026-01-05 10:53:00,4.28,73.8,7.38,critical
2026-01-05 10:54:00,3.92,73.2,7.28,warning
2026-01-05 10:55:00,4.16,69.5,7.38,critical
2026-01-05 10:56:00,4.01,77.0,7.24,critical
2026-01-05 10:57:00,3.96,70.4,7.14,warning
2026-01-05 10:58:00,4.69,69.5,7.18,critical
2026-01-05 10:59:00,4.1,73.0,7.08,critical
2026-01-05 11:00:00,3.98,71.2,7.14,warning
2026-01-05 11:01:00,4.09,70.4,7.51,critical
2026-01-05 11:02:00,4.15,68.9,7.1,critical
2026-01-05 11:03:00,4.22,68.4,7.62,critical
2026-01-05 11:04:00,4.39,75.3,7.31,critical
2026-01-05 11:05:00,3.79,75.6,7.0,warning
2026-01-05 11:06:00,4.06,72.2,7.56,critical
2026-01-05 11:07:00,4.42,74.0,7.14,critical
2026-01-05 11:08:00,4.15,72.7,7.18,critical
2026-01-05 11:09:00,4.39,73.9,7.36,critical
2026-01-05 11:10:00,3.71,72.1,7.19,warning
2026-01-05 11:11:00,4.25,69.9,6.88,critical
2026-01-05 11:12:00,4.31,70.9,7.36,critical
2026-01-05 11:13:00,4.08,75.4,7.47,critical
2026-01-05 11:14:00,4.28,71.3,7.43,critical
2026-01-05 11:15:00,4.3,72.4,7.48,critical
2026-01-05 11:16:00,4.5,68.7,6.96,critical
2026-01-05 11:17:00,4.06,68.1,7.2,critical
2026-01-05 11:18:00,4.34,71.8,7.09,critical
2026-01-05 11:19:00,4.45,72.2,7.31,critical
2026-01-05 11:20:00,4.45,71.6,7.74,critical
2026-01-05 11:21:00,4.13,76.9,6.98,critical
2026-01-05 11:22:00,4.32,70.3,7.5,critical
2026-01-05 11:23:00,4.13,72.6,7.06,critical
2026-01-05 11:24:00,4.41,70.3,7.64,critical
2026-01-05 11:25:00,4.02,68.5,7.46,critical
2026-01-05 11:26:00,4.1,71.9,7.14,critical
2026-01-05 11:27:00,3.96,71.7,7.54,warning
2026-01-05 11:28:00,4.42,72.5,7.5,critical
2026-01-05 11:29:00,4.01,71.1,7.32,critical
2026-01-05 11:30:00,4.2,71.3,6.93,critical
2026-01-05 11:31:00,3.81,74.0,7.29,warning
2026-01-05 11:32:00,4.41,70.8,7.05,critical
2026-01-05 11:33:00,4.23,74.1,7.17,critical
2026-01-05 11:34:00,4.39,69.4,7.19,critical
2026-01-05 11:35:00,4.21,75.0,7.28,critical
2026-01-05 11:36:00,4.58,68.6,7.26,critical
2026-01-05 11:37:00,4.26,73.5,7.03,critical
2026-01-05 11:38:00,4.57,72.0,6.96,critical
2026-01-05 11:39:00,4.23,71.2,7.93,critical
2026-01-05 11:40:00,4.44,72.1,7.2,critical
2026-01-05 11:41:00,4.42,74.5,6.5,critical
2026-01-05 11:42:00,4.36,72.1,6.9,critical
2026-01-05 11:43:00,4.41,77.6,7.37,critical
2026-01-05 11:44:00,4.45,76.5,7.02,critical
2026-01-05 11:45:00,3.86,73.7,7.17,warning
2026-01-05 11:46:00,3.96,71.8,7.42,warning
2026-01-05 11:47:00,4.2,70.1,7.18,critical
2026-01-05 11:48:00,4.23,67.2,7.2,critical
2026-01-05 11:49:00,3.97,73.7,6.84,warning
2026-01-05 11:50:00,4.44,71.0,7.1,critical
2026-01-05 11:51:00,4.29,69.9,7.31,critical
2026-01-05 11:52:00,4.09,70.7,7.34,critical
2026-01-05 11:53:00,4.01,68.9,7.3,critical
2026-01-05 11:54:00,4.23,72.5,7.32,critical
2026-01-05 11:55:00,4.25,73.6,7.26,critical
2026-01-05 11:56:00,3.84,67.7,7.72,warning
2026-01-05 11:57:00,4.24,74.5,7.15,critical
2026-01-05 11:58:00,4.23,71.0,7.86,critical
2026-01-05 11:59:00,4.29,70.8,6.83,critical
2026-01-05 12:00:00,4.64,71.7,7.43,critical
2026-01-05 12:01:00,4.41,71.0,7.41,critical
2026-01-05 12:02:00,4.12,69.7,7.53,critical
2026-01-05 12:03:00,4.21,73.4,7.34,critical
2026-01-05 12:04:00,4.37,68.3,7.1,critical
2026-01-05 12:05:00,4.18,70.1,7.35,critical
2026-01-05 12:06:00,4.48,75.5,7.16,critical
2026-01-05 12:07:00,4.3,73.3,7.4,critical
2026-01-05 12:08:00,4.07,76.7,7.48,critical
2026-01-05 12:09:00,4.44,75.2,7.38,critical
2026-01-05 12:10:00,4.04,71.8,6.83,critical
2026-01-05 12:11:00,4.33,71.8,7.24,critical
2026-01-05 12:12:00,4.49,71.1,7.18,critical
2026-01-05 12:13:00,4.25,67.6,7.18,critical
2026-01-05 12:14:00,3.75,70.8,7.46,warning
2026-01-05 12:15:00,4.34,70.7,7.26,critical
2026-01-05 12:16:00,4.03,72.2,7.98,critical
2026-01-05 12:17:00,4.62,72.4,7.29,critical
2026-01-05 12:18:00,4.05,70.2,7.34,critical
2026-01-05 12:19:00,4.14,74.5,7.64,critical
2026-01-05 12:20:00,4.32,72.5,6.83,critical
2026-01-05 12:21:00,4.4,69.4,7.15,critical
2026-01-05 12:22:00,4.44,74.8,7.13,critical
2026-01-05 12:23:00,4.17,70.5,6.95,critical
2026-01-05 12:24:00,4.13,68.2,7.42,critical
2026-01-05 12:25:00,4.33,73.7,7.01,critical
2026-01-05 12:26:00,4.01,72.4,7.27,critical
2026-01-05 12:27:00,4.22,71.6,7.68,critical
2026-01-05 12:28:00,4.34,77.2,7.57,critical
2026-01-05 12:29:00,4.6,69.6,7.4,critical
2026-01-05 12:30:00,4.17,68.2,7.63,critical
2026-01-05 12:31:00,4.2,69.7,7.15,critical
2026-01-05 12:32:00,4.1,70.6,7.2,critical
2026-01-05 12:33:00,4.6,70.7,7.67,critical
2026-01-05 12:34:00,4.43,73.3,7.44,critical
2026-01-05 12:35:00,4.26,75.6,7.4,critical
2026-01-05 12:36:00,3.93,73.1,7.45,warning
2026-01-05 12:37:00,4.2,72.7,7.11,critical
2026-01-05 12:38:00,3.98,68.5,6.88,warning
2026-01-05 12:39:00,4.39,66.2,7.09,critical
2026-01-05 12:40:00,4.11,71.7,6.8,critical
2026-01-05 12:41:00,4.34,69.2,7.54,critical
2026-01-05 12:42:00,4.14,72.2,7.26,critical
2026-01-05 12:43:00,4.31,72.5,7.16,critical
2026-01-05 12:44:00,4.33,73.6,7.07,critical
2026-01-05 12:45:00,4.35,75.4,7.44,critical
2026-01-05 12:46:00,4.45,72.9,7.03,critical
2026-01-05 12:47:00,4.1,73.2,7.5,critical
2026-01-05 12:48:00,4.82,74.9,6.97,critical
2026-01-05 12:49:00,4.11,78.1,7.21,critical
2026-01-05 12:50:00,4.27,70.0,7.66,critical
2026-01-05 12:51:00,4.37,70.5,7.02,critical
2026-01-05 12:52:00,4.33,72.6,7.47,critical
2026-01-05 12:53:00,4.38,71.8,7.13,critical
2026-01-05 12:54:00,4.24,71.1,7.23,critical
2026-01-05 12:55:00,4.27,70.2,7.43,critical
2026-01-05 12:56:00,4.19,70.4,7.18,critical
2026-01-05 12:57:00,4.32,72.7,7.37,critical
2026-01-05 12:58:00,4.45,75.8,7.34,critical
2026-01-05 12:59:00,4.06,71.8,7.02,critical
2026-01-05 13:00:00,4.61,77.5,7.43,critical
2026-01-05 13:01:00,4.44,73.1,7.36,critical
2026-01-05 13:02:00,3.95,72.3,7.05,warning
2026-01-05 13:03:00,4.33,72.4,7.76,critical
2026-01-05 13:04:00,4.46,73.3,7.21,critical
2026-01-05 13:05:00,4.61,72.5,7.36,critical
2026-01-05 13:06:00,4.28,71.5,7.28,critical
2026-01-05 13:07:00,3.88,68.7,7.36,warning
2026-01-05 13:08:00,4.59,73.4,7.09,critical
2026-01-05 13:09:00,3.99,74.5,7.13,warning
2026-01-05 13:10:00,4.4,73.6,7.39,critical
2026-01-05 13:11:00,4.28,73.5,7.25,critical
2026-01-05 13:12:00,4.15,70.2,6.68,critical
2026-01-05 13:13:00,4.24,76.4,7.46,critical
2026-01-05 13:14:00,4.32,70.8,7.53,critical
2026-01-05 13:15:00,4.25,76.5,7.03,critical
2026-01-05 13:16:00,4.13,70.5,6.91,critical
2026-01-05 13:17:00,4.09,72.9,7.1,critical
2026-01-05 13:18:00,3.51,75.3,6.86,warning
2026-01-05 13:19:00,4.4,72.7,7.81,critical
2026-01-05 13:20:00,4.48,71.4,7.1,critical
2026-01-05 13:21:00,4.58,69.0,7.33,critical
2026-01-05 13:22:00,4.26,71.8,7.37,critical
2026-01-05 13:23:00,4.32,73.8,7.32,critical
2026-01-05 13:24:00,4.37,72.9,7.12,critical
2026-01-05 13:25:00,4.28,70.9,7.09,critical
2026-01-05 13:26:00,4.22,72.4,7.29,critical
2026-01-05 13:27:00,4.47,71.4,7.33,critical
2026-01-05 13:28:00,4.31,71.2,7.3,critical
2026-01-05 13:29:00,4.49,73.2,7.34,critical
2026-01-05 13:30:00,4.14,77.6,7.12,critical
2026-01-05 13:31:00,3.95,74.9,7.26,warning
2026-01-05 13:32:00,4.23,71.4,7.75,critical
2026-01-05 13:33:00,4.36,74.1,7.33,critical
2026-01-05 13:34:00,4.34,76.2,7.22,critical
2026-01-05 13:35:00,4.0,74.9,7.41,warning
2026-01-05 13:36:00,4.31,73.9,7.2,critical
2026-01-05 13:37:00,4.29,72.4,7.14,critical
2026-01-05 13:38:00,4.53,69.2,7.88,critical
2026-01-05 13:39:00,4.47,68.3,7.23,critical
2026-01-05 13:40:00,4.26,73.8,7.04,critical
2026-01-05 13:41:00,4.3,72.5,7.11,critical
2026-01-05 13:42:00,4.12,75.1,6.87,critical
2026-01-05 13:43:00,4.39,74.8,7.24,critical
2026-01-05 13:44:00,4.3,75.7,7.12,critical
2026-01-05 13:45:00,4.17,71.6,7.58,critical
2026-01-05 13:46:00,4.55,69.3,7.54,critical
2026-01-05 13:47:00,4.46,76.7,7.39,critical
2026-01-05 13:48:00,4.29,75.7,7.47,critical
2026-01-05 13:49:00,4.74,75.2,7.33,critical
2026-01-05 13:50:00,4.06,71.4,6.94,critical
2026-01-05 13:51:00,4.25,75.2,7.29,critical
2026-01-05 13:52:00,4.5,73.7,7.2,critical
2026-01-05 13:53:00,4.31,74.0,7.33,critical
2026-01-05 13:54:00,4.33,70.9,7.19,critical
2026-01-05 13:55:00,4.75,75.9,6.93,critical
2026-01-05 13:56:00,3.82,73.1,7.52,warning
2026-01-05 13:57:00,4.19,75.4,7.31,critical
2026-01-05 13:58:00,4.27,74.8,7.17,critical
2026-01-05 13:59:00,4.24,74.6,7.29,critical
2026-01-05 14:00:00,4.68,74.6,7.46,critical
2026-01-05 14:01:00,4.29,75.1,7.22,critical
2026-01-05 14:02:00,4.36,70.6,7.56,critical
2026-01-05 14:03:00,4.36,77.9,7.9,critical
2026-01-05 14:04:00,4.45,73.1,7.07,critical
2026-01-05 14:05:00,4.48,73.5,7.44,critical
2026-01-05 14:06:00,4.65,70.9,7.07,critical
2026-01-05 14:07:00,4.26,75.0,7.44,critical
2026-01-05 14:08:00,4.13,74.8,7.0,critical
2026-01-05 14:09:00,4.14,72.7,7.17,critical
2026-01-05 14:10:00,4.48,73.7,7.75,critical
2026-01-05 14:11:00,4.26,72.7,7.61,critical
2026-01-05 14:12:00,4.29,76.7,7.44,critical
2026-01-05 14:13:00,3.84,75.9,7.54,warning
2026-01-05 14:14:00,4.5,68.2,7.14,critical
2026-01-05 14:15:00,4.19,70.9,7.74,critical
2026-01-05 14:16:00,4.31,72.9,7.45,critical
2026-01-05 14:17:00,4.42,64.7,7.15,critical
2026-01-05 14:18:00,4.03,74.0,7.24,critical
2026-01-05 14:19:00,4.31,67.8,7.23,critical
2026-01-05 14:20:00,4.53,76.6,7.49,critical
2026-01-05 14:21:00,4.04,76.2,7.49,critical
2026-01-05 14:22:00,4.29,68.0,7.55,critical
2026-01-05 14:23:00,4.19,73.9,7.33,critical
2026-01-05 14:24:00,4.62,72.7,7.31,critical
2026-01-05 14:25:00,4.63,71.4,7.52,critical
2026-01-05 14:26:00,4.27,70.6,7.31,critical
2026-01-05 14:27:00,4.45,76.5,7.68,critical
2026-01-05 14:28:00,4.26,70.6,7.23,critical
2026-01-05 14:29:00,4.08,72.5,7.23,critical
2026-01-05 14:30:00,4.46,67.6,7.13,critical
2026-01-05 14:31:00,4.17,76.1,7.04,critical
2026-01-05 14:32:00,4.36,72.8,7.58,critical
2026-01-05 14:33:00,4.44,73.4,7.18,critical
2026-01-05 14:34:00,3.95,73.7,7.45,warning
2026-01-05 14:35:00,4.0,70.0,7.38,warning
2026-01-05 14:36:00,4.39,70.7,7.17,critical
2026-01-05 14:37:00,3.95,76.6,6.99,warning
2026-01-05 14:38:00,4.43,73.1,7.64,critical
2026-01-05 14:39:00,4.16,73.3,6.9,critical
2026-01-05 14:40:00,3.93,74.7,6.87,warning
2026-01-05 14:41:00,4.28,75.7,7.51,critical
2026-01-05 14:42:00,4.19,69.2,7.45,critical
2026-01-05 14:43:00,4.59,71.5,7.12,critical
2026-01-05 14:44:00,4.22,74.6,7.63,critical
2026-01-05 14:45:00,4.07,69.5,7.91,critical
2026-01-05 14:46:00,4.29,73.8,7.15,critical
2026-01-05 14:47:00,4.42,75.6,7.4,critical
2026-01-05 14:48:00,4.67,72.4,7.26,critical
2026-01-05 14:49:00,4.37,74.4,7.38,critical
2026-01-05 14:50:00,4.07,74.0,7.23,critical
2026-01-05 14:51:00,4.21,73.3,7.09,critical
2026-01-05 14:52:00,4.1,66.7,7.76,critical
2026-01-05 14:53:00,4.44,73.0,7.16,critical
2026-01-05 14:54:00,3.75,71.4,7.51,warning
2026-01-05 14:55:00,4.52,74.9,7.37,critical
2026-01-05 14:56:00,4.59,72.4,7.6,critical
2026-01-05 14:57:00,4.25,71.1,7.08,critical
2026-01-05 14:58:00,4.12,74.9,7.14,critical
2026-01-05 14:59:00,4.12,75.1,7.41,critical
2026-01-05 15:00:00,4.52,74.6,7.14,critical
2026-01-05 15:01:00,4.35,73.6,7.1,critical
2026-01-05 15:02:00,4.11,71.6,7.84,critical
2026-01-05 15:03:00,4.25,76.4,7.21,critical
2026-01-05 15:04:00,4.51,75.6,7.57,critical
2026-01-05 15:05:00,4.41,76.8,7.43,critical
2026-01-05 15:06:00,4.68,69.3,7.42,critical
2026-01-05 15:07:00,4.39,71.0,7.48,critical
2026-01-05 15:08:00,4.04,71.7,6.83,critical
2026-01-05 15:09:00,4.65,72.8,7.88,critical
2026-01-05 15:10:00,4.5,74.5,7.19,critical
2026-01-05 15:11:00,4.13,74.7,7.32,critical
2026-01-05 15:12:00,4.07,69.6,7.1,critical
2026-01-05 15:13:00,4.7,78.9,7.39,critical
2026-01-05 15:14:00,4.37,72.5,7.1,critical
2026-01-05 15:15:00,4.61,78.1,7.11,critical
2026-01-05 15:16:00,4.32,72.3,7.23,critical
2026-01-05 15:17:00,4.58,70.1,7.46,critical
2026-01-05 15:18:00,4.48,73.1,7.56,critical
2026-01-05 15:19:00,4.37,76.5,6.96,critical
2026-01-05 15:20:00,4.27,73.2,6.67,critical
2026-01-05 15:21:00,4.12,71.4,7.58,critical
2026-01-05 15:22:00,4.2,71.4,7.55,critical
2026-01-05 15:23:00,4.02,68.3,7.25,critical
2026-01-05 15:24:00,4.05,69.9,7.49,critical
2026-01-05 15:25:00,4.52,75.4,7.62,critical
2026-01-05 15:26:00,4.59,68.1,7.46,critical
2026-01-05 15:27:00,4.24,71.6,7.48,critical
2026-01-05 15:28:00,4.0,69.1,7.5,warning
2026-01-05 15:29:00,4.44,73.8,7.12,critical
2026-01-05 15:30:00,4.49,75.2,7.37,critical
2026-01-05 15:31:00,4.11,72.4,7.56,critical
2026-01-05 15:32:00,4.61,72.7,7.28,critical
2026-01-05 15:33:00,4.31,74.2,7.2,critical
2026-01-05 15:34:00,3.77,76.5,7.8,warning
2026-01-05 15:35:00,4.23,70.9,7.31,critical
2026-01-05 15:36:00,4.31,76.0,7.36,critical
2026-01-05 15:37:00,4.19,70.2,7.57,critical
2026-01-05 15:38:00,4.47,76.2,7.11,critical
2026-01-05 15:39:00,4.72,69.2,7.53,critical
2026-01-05 15:40:00,3.97,71.6,7.74,warning
2026-01-05 15:41:00,4.52,72.2,7.22,critical
2026-01-05 15:42:00,4.37,74.9,7.66,critical
2026-01-05 15:43:00,4.26,69.5,7.39,critical
2026-01-05 15:44:00,4.26,70.3,7.43,critical
2026-01-05 15:45:00,4.31,74.4,7.13,critical
2026-01-05 15:46:00,4.45,70.3,7.15,critical
2026-01-05 15:47:00,4.31,78.0,7.55,critical
2026-01-05 15:48:00,4.57,77.1,8.26,critical
2026-01-05 15:49:00,4.36,77.2,7.61,critical
2026-01-05 15:50:00,4.55,78.1,7.25,critical
2026-01-05 15:51:00,4.26,74.4,7.31,critical
2026-01-05 15:52:00,4.42,77.5,7.24,critical
2026-01-05 15:53:00,4.3,74.1,7.3,critical
2026-01-05 15:54:00,3.97,72.2,7.53,warning
2026-01-05 15:55:00,4.65,70.8,7.07,critical
2026-01-05 15:56:00,4.36,68.5,7.25,critical
2026-01-05 15:57:00,4.01,77.1,7.17,critical
2026-01-05 15:58:00,4.69,76.5,7.2,critical
2026-01-05 15:59:00,4.15,73.2,7.33,critical
2026-01-05 16:00:00,4.43,71.7,7.55,critical
2026-01-05 16:01:00,4.41,72.8,7.18,critical
2026-01-05 16:02:00,4.32,71.7,7.38,critical
2026-01-05 16:03:00,4.38,74.4,7.8,critical
2026-01-05 16:04:00,4.34,76.2,7.42,critical
2026-01-05 16:05:00,4.32,73.4,7.35,critical
2026-01-05 16:06:00,4.42,71.3,7.0,critical
2026-01-05 16:07:00,4.49,76.0,7.55,critical
2026-01-05 16:08:00,4.4,75.7,7.54,critical
2026-01-05 16:09:00,4.52,71.6,7.09,critical
2026-01-05 16:10:00,4.29,73.7,7.3,critical
2026-01-05 16:11:00,3.99,78.1,7.3,warning
2026-01-05 16:12:00,4.4,76.9,6.78,critical
2026-01-05 16:13:00,4.26,72.8,7.28,critical
2026-01-05 16:14:00,4.33,77.4,7.54,critical
2026-01-05 16:15:00,4.56,73.9,7.02,critical
2026-01-05 16:16:00,3.95,70.0,7.46,warning
2026-01-05 16:17:00,4.38,73.3,7.28,critical
2026-01-05 16:18:00,4.77,71.7,7.6,critical
2026-01-05 16:19:00,4.37,73.7,7.66,critical
2026-01-05 16:20:00,4.66,73.2,7.57,critical
2026-01-05 16:21:00,4.44,73.8,7.42,critical
2026-01-05 16:22:00,4.23,73.1,7.23,critical
2026-01-05 16:23:00,4.55,73.6,7.05,critical
2026-01-05 16:24:00,4.23,65.8,7.25,critical
2026-01-05 16:25:00,4.38,73.5,7.87,critical
2026-01-05 16:26:00,4.49,75.2,6.96,critical
2026-01-05 16:27:00,4.3,72.6,7.18,critical
2026-01-05 16:28:00,4.21,69.3,7.06,critical
2026-01-05 16:29:00,4.55,73.5,7.25,critical
2026-01-05 16:30:00,4.37,76.8,7.38,critical
2026-01-05 16:31:00,4.48,71.8,7.22,critical
2026-01-05 16:32:00,4.45,78.6,7.73,critical
2026-01-05 16:33:00,4.49,74.3,7.73,critical
2026-01-05 16:34:00,4.54,68.2,7.11,critical
2026-01-05 16:35:00,4.45,69.4,7.15,critical
2026-01-05 16:36:00,4.24,73.3,7.31,critical
2026-01-05 16:37:00,4.32,76.0,7.31,critical
2026-01-05 16:38:00,4.3,70.6,7.64,critical
2026-01-05 16:39:00,4.25,71.2,7.43,critical
2026-01-05 16:40:00,4.23,72.6,7.44,critical
2026-01-05 16:41:00,4.32,79.7,7.36,critical
2026-01-05 16:42:00,4.5,69.1,7.17,critical
2026-01-05 16:43:00,4.16,71.6,7.49,critical
2026-01-05 16:44:00,4.59,74.8,7.33,critical
2026-01-05 16:45:00,4.26,76.8,7.9,critical
2026-01-05 16:46:00,4.41,76.3,7.47,critical
2026-01-05 16:47:00,4.53,71.1,7.26,critical
2026-01-05 16:48:00,4.46,77.0,7.18,critical
2026-01-05 16:49:00,3.98,72.8,7.64,warning
2026-01-05 16:50:00,4.07,71.1,7.42,critical
2026-01-05 16:51:00,4.36,75.5,7.08,critical
2026-01-05 16:52:00,4.32,77.0,7.09,critical
2026-01-05 16:53:00,4.68,71.4,7.6,critical
2026-01-05 16:54:00,4.31,71.2,7.26,critical
2026-01-05 16:55:00,4.5,74.0,7.67,critical
2026-01-05 16:56:00,4.68,71.1,7.07,critical
2026-01-05 16:57:00,4.13,71.8,7.66,critical
2026-01-05 16:58:00,4.5,72.7,7.39,critical
2026-01-05 16:59:00,4.67,78.8,7.45,critical
2026-01-05 17:00:00,3.86,74.8,7.62,warning
2026-01-05 17:01:00,4.44,75.9,7.48,critical
2026-01-05 17:02:00,4.14,71.9,7.31,critical
2026-01-05 17:03:00,4.6,72.2,7.51,critical
2026-01-05 17:04:00,4.45,78.1,7.38,critical
2026-01-05 17:05:00,4.04,75.7,7.93,critical
2026-01-05 17:06:00,4.54,72.1,7.12,critical
2026-01-05 17:07:00,4.2,79.1,7.31,critical
2026-01-05 17:08:00,4.26,73.7,7.32,critical
2026-01-05 17:09:00,4.71,71.6,7.69,critical
2026-01-05 17:10:00,4.42,77.2,7.79,critical
2026-01-05 17:11:00,4.41,73.4,7.41,critical
2026-01-05 17:12:00,4.38,70.0,7.78,critical
2026-01-05 17:13:00,4.45,71.3,6.88,critical
2026-01-05 17:14:00,3.93,76.1,7.24,warning
2026-01-05 17:15:00,4.31,75.4,7.27,critical
2026-01-05 17:16:00,4.51,74.4,7.38,critical
2026-01-05 17:17:00,4.08,72.1,7.55,critical
2026-01-05 17:18:00,4.26,77.2,7.99,critical
2026-01-05 17:19:00,4.53,77.9,7.58,critical
2026-01-05 17:20:00,4.29,74.7,7.9,critical
2026-01-05 17:21:00,4.3,71.6,7.12,critical
2026-01-05 17:22:00,4.36,71.7,7.82,critical
2026-01-05 17:23:00,4.45,76.7,7.33,critical
2026-01-05 17:24:00,4.17,71.0,7.18,critical
2026-01-05 17:25:00,4.47,75.5,7.55,critical
2026-01-05 17:26:00,4.11,74.2,7.15,critical
2026-01-05 17:27:00,4.48,75.4,7.11,critical
2026-01-05 17:28:00,4.6,80.1,7.61,critical
2026-01-05 17:29:00,4.37,73.5,7.35,critical
2026-01-05 17:30:00,4.25,74.9,7.12,critical
2026-01-05 17:31:00,4.03,74.8,7.41,critical
2026-01-05 17:32:00,4.29,71.1,7.48,critical
2026-01-05 17:33:00,4.21,73.9,7.85,critical
2026-01-05 17:34:00,4.54,70.9,7.09,critical
2026-01-05 17:35:00,4.44,70.9,6.91,critical
2026-01-05 17:36:00,4.51,75.1,7.52,critical
2026-01-05 17:37:00,4.46,74.2,7.24,critical
2026-01-05 17:38:00,4.51,78.1,7.28,critical
2026-01-05 17:39:00,4.21,71.5,7.19,critical
2026-01-05 17:40:00,4.45,69.0,7.52,critical
2026-01-05 17:41:00,4.54,69.8,7.17,critical
2026-01-05 17:42:00,4.43,74.0,7.54,critical
2026-01-05 17:43:00,4.38,77.5,7.33,critical
2026-01-05 17:44:00,4.22,71.7,7.6,critical
2026-01-05 17:45:00,4.42,76.0,7.57,critical
2026-01-05 17:46:00,4.01,71.5,7.16,critical
2026-01-05 17:47:00,4.25,73.3,7.66,critical
2026-01-05 17:48:00,4.65,73.7,7.35,critical
2026-01-05 17:49:00,4.27,74.6,7.47,critical
2026-01-05 17:50:00,4.58,76.4,6.84,critical
2026-01-05 17:51:00,4.39,77.9,7.31,critical
2026-01-05 17:52:00,4.64,73.6,7.46,critical
2026-01-05 17:53:00,4.19,71.7,7.6,critical
2026-01-05 17:54:00,4.59,74.5,7.11,critical
2026-01-05 17:55:00,4.43,77.6,7.85,critical
2026-01-05 17:56:00,4.36,70.3,7.63,critical
2026-01-05 17:57:00,4.36,76.8,7.49,critical
2026-01-05 17:58:00,4.24,74.6,7.75,critical
2026-01-05 17:59:00,4.39,71.9,7.02,critical
2026-01-05 18:00:00,4.27,73.4,7.63,critical
2026-01-05 18:01:00,4.2,78.4,7.09,critical
2026-01-05 18:02:00,4.89,78.8,7.46,critical
2026-01-05 18:03:00,4.09,74.3,7.33,critical
2026-01-05 18:04:00,4.17,75.2,7.22,critical
2026-01-05 18:05:00,4.28,74.0,7.28,critical
2026-01-05 18:06:00,4.84,73.2,7.53,critical
2026-01-05 18:07:00,4.45,75.4,7.53,critical
2026-01-05 18:08:00,4.6,75.2,7.48,critical
2026-01-05 18:09:00,4.44,74.2,7.2,critical
2026-01-05 18:10:00,4.41,75.1,7.53,critical
2026-01-05 18:11:00,4.46,74.0,7.41,critical
2026-01-05 18:12:00,4.32,75.3,7.37,critical
2026-01-05 18:13:00,4.46,77.1,7.25,critical
2026-01-05 18:14:00,4.55,74.6,7.93,critical
2026-01-05 18:15:00,4.38,76.3,7.43,critical
2026-01-05 18:16:00,4.15,73.3,7.65,critical
2026-01-05 18:17:00,4.34,69.0,7.42,critical
2026-01-05 18:18:00,4.21,74.9,7.82,critical
2026-01-05 18:19:00,4.58,78.4,7.29,critical
2026-01-05 18:20:00,4.4,72.0,7.26,critical
2026-01-05 18:21:00,4.25,71.3,7.77,critical
2026-01-05 18:22:00,4.01,78.0,7.74,critical
2026-01-05 18:23:00,4.53,71.8,7.04,critical
2026-01-05 18:24:00,4.32,76.2,7.43,critical
2026-01-05 18:25:00,4.22,77.5,7.85,critical
2026-01-05 18:26:00,4.39,74.9,7.06,critical
2026-01-05 18:27:00,4.35,75.9,7.52,critical
2026-01-05 18:28:00,4.33,74.0,7.32,critical
2026-01-05 18:29:00,4.38,75.7,6.94,critical
2026-01-05 18:30:00,4.42,75.5,7.29,critical
2026-01-05 18:31:00,4.34,73.5,7.32,critical
2026-01-05 18:32:00,4.44,75.0,6.91,critical
2026-01-05 18:33:00,4.57,74.0,7.92,critical
2026-01-05 18:34:00,4.2,72.5,7.39,critical
2026-01-05 18:35:00,4.52,69.8,7.23,critical
2026-01-05 18:36:00,4.56,72.3,7.78,critical
2026-01-05 18:37:00,4.35,72.5,7.59,critical
2026-01-05 18:38:00,4.76,75.8,7.75,critical
2026-01-05 18:39:00,4.78,72.4,7.67,critical
2026-01-05 18:40:00,4.14,75.8,7.42,critical
2026-01-05 18:41:00,4.69,77.7,7.58,critical
2026-01-05 18:42:00,4.5,76.0,7.46,critical
2026-01-05 18:43:00,4.43,78.4,7.83,critical
2026-01-05 18:44:00,4.41,75.3,7.46,critical
2026-01-05 18:45:00,4.12,73.9,7.84,critical
2026-01-05 18:46:00,4.29,80.0,7.74,critical
2026-01-05 18:47:00,4.52,76.2,7.21,critical
2026-01-05 18:48:00,4.39,78.4,7.29,critical
2026-01-05 18:49:00,4.66,71.3,7.15,critical
2026-01-05 18:50:00,4.83,74.8,7.31,critical
2026-01-05 18:51:00,4.72,77.9,7.68,critical
2026-01-05 18:52:00,4.33,74.1,7.52,critical
2026-01-05 18:53:00,4.59,73.5,7.49,critical
2026-01-05 18:54:00,4.5,78.0,7.64,critical
2026-01-05 18:55:00,4.15,74.3,7.22,critical
2026-01-05 18:56:00,4.56,77.1,7.47,critical
2026-01-05 18:57:00,4.4,75.0,7.5,critical
2026-01-05 18:58:00,4.32,71.8,6.94,critical
2026-01-05 18:59:00,4.7,76.1,7.54,critical
2026-01-05 19:00:00,4.7,71.7,7.02,critical
2026-01-05 19:01:00,4.53,75.6,7.02,critical
2026-01-05 19:02:00,4.52,73.9,7.25,critical
2026-01-05 19:03:00,4.39,68.8,7.3,critical
2026-01-05 19:04:00,4.31,76.3,7.41,critical
2026-01-05 19:05:00,4.58,68.5,7.24,critical
2026-01-05 19:06:00,4.56,74.1,7.66,critical
2026-01-05 19:07:00,4.09,76.7,7.29,critical
2026-01-05 19:08:00,4.31,77.4,7.74,critical
2026-01-05 19:09:00,4.66,80.0,7.77,critical
2026-01-05 19:10:00,4.3,75.3,7.37,critical
2026-01-05 19:11:00,4.86,77.7,7.41,critical
2026-01-05 19:12:00,4.63,71.9,7.52,critical
2026-01-05 19:13:00,4.27,70.7,7.65,critical
2026-01-05 19:14:00,4.64,76.1,7.41,critical
2026-01-05 19:15:00,4.2,72.0,7.22,critical
2026-01-05 19:16:00,4.41,77.6,7.72,critical
2026-01-05 19:17:00,4.13,73.2,7.28,critical
2026-01-05 19:18:00,3.95,76.4,7.4,warning
2026-01-05 19:19:00,4.44,78.3,7.48,critical
2026-01-05 19:20:00,4.37,76.4,7.73,critical
2026-01-05 19:21:00,4.52,76.7,7.42,critical
2026-01-05 19:22:00,4.44,75.3,7.27,critical
2026-01-05 19:23:00,4.35,78.4,7.96,critical
2026-01-05 19:24:00,4.78,71.7,7.11,critical
2026-01-05 19:25:00,4.22,75.4,6.76,critical
2026-01-05 19:26:00,4.35,78.5,7.71,critical
2026-01-05 19:27:00,4.36,73.9,7.61,critical
2026-01-05 19:28:00,4.65,73.7,7.41,critical
2026-01-05 19:29:00,4.35,71.7,7.41,critical
2026-01-05 19:30:00,4.41,71.9,7.63,critical
2026-01-05 19:31:00,4.56,76.8,7.27,critical
2026-01-05 19:32:00,4.07,76.2,7.3,critical
2026-01-05 19:33:00,4.29,71.9,7.4,critical
2026-01-05 19:34:00,4.78,73.8,7.19,critical
2026-01-05 19:35:00,4.6,75.5,6.94,critical
2026-01-05 19:36:00,4.6,80.4,6.82,critical
2026-01-05 19:37:00,4.22,68.0,7.45,critical
2026-01-05 19:38:00,4.67,75.4,7.82,critical
2026-01-05 19:39:00,4.64,79.4,7.76,critical
2026-01-05 19:40:00,4.39,75.3,7.25,critical
2026-01-05 19:41:00,4.42,75.3,7.45,critical
2026-01-05 19:42:00,4.74,74.3,7.24,critical
2026-01-05 19:43:00,4.3,76.8,7.12,critical
2026-01-05 19:44:00,4.43,78.5,7.55,critical
2026-01-05 19:45:00,4.46,75.1,7.22,critical
2026-01-05 19:46:00,4.3,74.7,7.54,critical
2026-01-05 19:47:00,4.66,75.4,7.81,critical
2026-01-05 19:48:00,4.8,77.2,7.78,critical
2026-01-05 19:49:00,4.28,72.3,7.6,critical
2026-01-05 19:50:00,4.21,74.5,7.67,critical
2026-01-05 19:51:00,4.76,74.6,7.31,critical
2026-01-05 19:52:00,4.54,72.5,7.43,critical
2026-01-05 19:53:00,4.48,75.1,7.5,critical
2026-01-05 19:54:00,4.31,73.4,7.29,critical
2026-01-05 19:55:00,4.15,76.1,7.7,critical
2026-01-05 19:56:00,4.64,74.6,7.28,critical
2026-01-05 19:57:00,4.63,76.8,7.53,critical
2026-01-05 19:58:00,4.83,75.2,7.42,critical
2026-01-05 19:59:00,4.4,71.3,7.65,critical
2026-01-05 20:00:00,4.46,76.5,7.94,critical
2026-01-05 20:01:00,4.4,69.4,7.6,critical
2026-01-05 20:02:00,4.51,73.4,7.58,critical
2026-01-05 20:03:00,4.64,72.9,7.41,critical
2026-01-05 20:04:00,4.78,73.5,7.5,critical
2026-01-05 20:05:00,3.96,71.6,7.52,warning
2026-01-05 20:06:00,4.73,71.9,7.5,critical
2026-01-05 20:07:00,4.41,77.7,7.18,critical
2026-01-05 20:08:00,4.57,73.7,7.54,critical
2026-01-05 20:09:00,4.5,74.7,7.6,critical
2026-01-05 20:10:00,4.49,75.0,7.4,critical
2026-01-05 20:11:00,4.5,75.9,7.24,critical
2026-01-05 20:12:00,4.42,72.7,7.48,critical
2026-01-05 20:13:00,4.37,77.3,7.66,critical
2026-01-05 20:14:00,4.3,75.3,7.65,critical
2026-01-05 20:15:00,4.45,73.5,7.21,critical
2026-01-05 20:16:00,4.66,77.6,7.44,critical
2026-01-05 20:17:00,4.64,67.9,7.82,critical
2026-01-05 20:18:00,4.46,75.7,7.41,critical
2026-01-05 20:19:00,4.77,72.7,7.86,critical
2026-01-05 20:20:00,4.57,76.9,7.41,critical
2026-01-05 20:21:00,4.23,77.7,7.57,critical
2026-01-05 20:22:00,4.76,74.9,7.39,critical
2026-01-05 20:23:00,4.77,80.2,7.49,critical
2026-01-05 20:24:00,4.34,77.4,7.43,critical
2026-01-05 20:25:00,4.61,74.8,7.88,critical
2026-01-05 20:26:00,4.35,76.6,7.37,critical
2026-01-05 20:27:00,4.44,74.4,7.68,critical
2026-01-05 20:28:00,4.68,76.8,7.47,critical
2026-01-05 20:29:00,4.52,77.7,7.73,critical
2026-01-05 20:30:00,3.96,74.8,7.44,warning
2026-01-05 20:31:00,4.63,75.3,7.68,critical
2026-01-05 20:32:00,4.28,76.1,7.72,critical
2026-01-05 20:33:00,4.2,81.7,7.79,critical
2026-01-05 20:34:00,4.5,73.4,7.45,critical
2026-01-05 20:35:00,4.51,76.6,7.87,critical
2026-01-05 20:36:00,4.4,76.9,7.18,critical
2026-01-05 20:37:00,4.42,76.4,7.67,critical
2026-01-05 20:38:00,4.35,74.4,7.86,critical
2026-01-05 20:39:00,4.73,76.0,6.94,critical
2026-01-05 20:40:00,5.0,75.5,7.42,critical
2026-01-05 20:41:00,4.4,76.5,7.6,critical
2026-01-05 20:42:00,4.69,73.2,7.42,critical
2026-01-05 20:43:00,4.91,76.1,7.46,critical
2026-01-05 20:44:00,4.31,76.8,7.76,critical
2026-01-05 20:45:00,4.68,74.9,7.59,critical
2026-01-05 20:46:00,4.84,78.2,7.31,critical
2026-01-05 20:47:00,3.99,76.3,7.7,warning
2026-01-05 20:48:00,4.29,75.5,7.44,critical
2026-01-05 20:49:00,4.53,74.2,7.83,critical
2026-01-05 20:50:00,4.53,73.4,7.73,critical
2026-01-05 20:51:00,4.25,78.8,7.75,critical
2026-01-05 20:52:00,4.78,75.2,7.38,critical
2026-01-05 20:53:00,4.52,75.4,7.34,critical
2026-01-05 20:54:00,4.4,74.7,7.21,critical
2026-01-05 20:55:00,4.64,75.5,7.43,critical
2026-01-05 20:56:00,4.29,72.7,7.99,critical
2026-01-05 20:57:00,4.38,77.1,7.55,critical
2026-01-05 20:58:00,3.95,80.1,7.68,critical
2026-01-05 20:59:00,4.36,75.6,7.22,critical
2026-01-05 21:00:00,4.88,73.4,7.38,critical
2026-01-05 21:01:00,4.36,75.8,7.85,critical
2026-01-05 21:02:00,4.87,74.7,7.61,critical
2026-01-05 21:03:00,4.53,73.2,8.12,critical
2026-01-05 21:04:00,4.78,76.1,7.91,critical
2026-01-05 21:05:00,4.76,75.9,7.59,critical
2026-01-05 21:06:00,4.82,73.3,7.93,critical
2026-01-05 21:07:00,4.47,79.5,7.51,critical
2026-01-05 21:08:00,4.58,75.6,7.38,critical
2026-01-05 21:09:00,4.46,79.1,6.94,critical
2026-01-05 21:10:00,4.27,73.9,7.25,critical
2026-01-05 21:11:00,4.82,78.9,7.66,critical
2026-01-05 21:12:00,4.39,79.1,7.12,critical
2026-01-05 21:13:00,4.95,74.0,7.45,critical
2026-01-05 21:14:00,4.43,73.0,8.0,critical
2026-01-05 21:15:00,4.68,78.8,7.21,critical
2026-01-05 21:16:00,4.55,77.0,7.59,critical
2026-01-05 21:17:00,4.29,78.4,7.55,critical
2026-01-05 21:18:00,4.33,71.1,7.67,critical
2026-01-05 21:19:00,5.01,73.2,7.56,critical
2026-01-05 21:20:00,4.74,72.6,7.4,critical
2026-01-05 21:21:00,4.35,78.2,7.85,critical
2026-01-05 21:22:00,4.55,73.7,7.41,critical
2026-01-05 21:23:00,4.4,73.3,7.5,critical
2026-01-05 21:24:00,4.64,77.0,7.52,critical
2026-01-05 21:25:00,4.53,75.6,7.2,critical
2026-01-05 21:26:00,4.56,74.3,7.19,critical
2026-01-05 21:27:00,4.6,74.3,7.58,critical
2026-01-05 21:28:00,4.69,73.4,7.55,critical
2026-01-05 21:29:00,4.16,79.7,7.19,critical
2026-01-05 21:30:00,4.42,79.2,7.47,critical
2026-01-05 21:31:00,4.29,77.6,7.7,critical
2026-01-05 21:32:00,4.4,74.5,7.42,critical
2026-01-05 21:33:00,4.49,71.1,7.48,critical
2026-01-05 21:34:00,4.88,73.6,7.38,critical
2026-01-05 21:35:00,4.29,77.4,7.83,critical
2026-01-05 21:36:00,4.76,72.7,7.65,critical
2026-01-05 21:37:00,4.82,77.1,7.65,critical
2026-01-05 21:38:00,4.44,76.4,7.84,critical
2026-01-05 21:39:00,4.6,72.8,7.42,critical
2026-01-05 21:40:00,4.77,76.7,7.56,critical
2026-01-05 21:41:00,4.42,78.9,7.95,critical
2026-01-05 21:42:00,4.78,79.5,7.44,critical
2026-01-05 21:43:00,4.43,75.5,7.54,critical
2026-01-05 21:44:00,4.82,78.8,7.67,critical
2026-01-05 21:45:00,4.25,71.7,7.59,critical
2026-01-05 21:46:00,4.71,75.7,8.01,critical
2026-01-05 21:47:00,4.32,72.9,7.37,critical
2026-01-05 21:48:00,4.39,77.3,7.43,critical
2026-01-05 21:49:00,4.23,78.2,7.09,critical
2026-01-05 21:50:00,4.32,71.9,7.59,critical
2026-01-05 21:51:00,4.57,80.8,7.76,critical
2026-01-05 21:52:00,4.82,76.7,7.29,critical
2026-01-05 21:53:00,4.56,77.5,7.71,critical
2026-01-05 21:54:00,4.44,77.2,7.3,critical
2026-01-05 21:55:00,4.33,73.2,7.54,critical
2026-01-05 21:56:00,4.3,74.9,7.76,critical
2026-01-05 21:57:00,4.33,74.7,7.56,critical
2026-01-05 21:58:00,4.59,74.8,7.74,critical
2026-01-05 21:59:00,4.66,78.9,7.52,critical
2026-01-05 22:00:00,4.44,74.3,7.62,critical
2026-01-05 22:01:00,4.47,74.6,7.43,critical
2026-01-05 22:02:00,4.4,76.5,7.19,critical
2026-01-05 22:03:00,4.6,77.7,7.4,critical
2026-01-05 22:04:00,4.93,76.1,7.15,critical
2026-01-05 22:05:00,4.49,76.2,7.66,critical
2026-01-05 22:06:00,4.49,73.5,7.27,critical
2026-01-05 22:07:00,4.41,74.7,7.26,critical
2026-01-05 22:08:00,4.4,77.7,7.96,critical
2026-01-05 22:09:00,4.7,79.3,7.79,critical
2026-01-05 22:10:00,4.71,75.2,7.58,critical
2026-01-05 22:11:00,4.46,75.5,7.56,critical
2026-01-05 22:12:00,4.69,77.2,7.51,critical
2026-01-05 22:13:00,4.56,77.2,7.71,critical
2026-01-05 22:14:00,4.24,73.4,7.82,critical
2026-01-05 22:15:00,4.54,75.1,7.48,critical
2026-01-05 22:16:00,4.5,77.5,7.27,critical
2026-01-05 22:17:00,4.55,76.8,7.65,critical
2026-01-05 22:18:00,4.59,77.4,7.41,critical
2026-01-05 22:19:00,4.36,82.3,7.47,critical
2026-01-05 22:20:00,4.51,77.8,7.95,critical
2026-01-05 22:21:00,4.44,73.7,7.24,critical
2026-01-05 22:22:00,4.87,73.6,7.54,critical
2026-01-05 22:23:00,4.36,72.6,7.48,critical
2026-01-05 22:24:00,4.36,74.5,8.05,critical
2026-01-05 22:25:00,4.64,78.5,7.76,critical
2026-01-05 22:26:00,4.53,75.1,7.62,critical
2026-01-05 22:27:00,4.59,74.8,7.59,critical
2026-01-05 22:28:00,4.41,75.8,7.47,critical
2026-01-05 22:29:00,4.3,70.3,7.32,critical
2026-01-05 22:30:00,4.92,75.4,7.75,critical
2026-01-05 22:31:00,4.13,73.7,7.22,critical
2026-01-05 22:32:00,4.52,82.3,7.67,critical
2026-01-05 22:33:00,4.9,75.6,7.9,critical
2026-01-05 22:34:00,4.97,76.0,7.42,critical
2026-01-05 22:35:00,4.29,75.5,7.58,critical
2026-01-05 22:36:00,4.96,73.0,7.57,critical
2026-01-05 22:37:00,4.2,75.2,7.64,critical
2026-01-05 22:38:00,4.66,77.7,7.66,critical
2026-01-05 22:39:00,4.68,76.4,7.3,critical
2026-01-05 22:40:00,4.19,74.9,7.53,critical
2026-01-05 22:41:00,4.81,76.0,7.51,critical
2026-01-05 22:42:00,4.64,75.6,7.76,critical
2026-01-05 22:43:00,4.96,81.8,7.59,critical
2026-01-05 22:44:00,4.63,80.3,7.52,critical
2026-01-05 22:45:00,4.7,73.5,7.49,critical
2026-01-05 22:46:00,4.79,74.5,7.53,critical
2026-01-05 22:47:00,4.25,81.3,7.88,critical
2026-01-05 22:48:00,4.6,77.6,7.66,critical
2026-01-05 22:49:00,4.84,75.0,7.75,critical
2026-01-05 22:50:00,4.78,79.4,7.0,critical
2026-01-05 22:51:00,4.45,73.8,7.6,critical
2026-01-05 22:52:00,4.16,71.2,8.11,critical
2026-01-05 22:53:00,4.69,76.7,7.66,critical
2026-01-05 22:54:00,4.6,78.9,7.41,critical
2026-01-05 22:55:00,4.61,77.0,7.31,critical
2026-01-05 22:56:00,4.82,75.3,7.82,critical
2026-01-05 22:57:00,4.59,80.5,7.31,critical
2026-01-05 22:58:00,4.35,74.1,7.6,critical
2026-01-05 22:59:00,4.88,80.4,6.99,critical
2026-01-05 23:00:00,4.62,68.4,7.77,critical
2026-01-05 23:01:00,4.79,76.3,7.59,critical
2026-01-05 23:02:00,4.59,74.5,7.68,critical
2026-01-05 23:03:00,4.53,78.8,7.54,critical
2026-01-05 23:04:00,4.4,72.6,7.11,critical
2026-01-05 23:05:00,4.84,75.3,7.66,critical
2026-01-05 23:06:00,4.93,75.0,7.42,critical
2026-01-05 23:07:00,4.55,76.5,8.05,critical
2026-01-05 23:08:00,4.89,78.0,7.94,critical
2026-01-05 23:09:00,4.54,77.2,7.5,critical
2026-01-05 23:10:00,4.32,79.5,7.71,critical
2026-01-05 23:11:00,4.58,76.5,7.2,critical
2026-01-05 23:12:00,4.38,77.3,7.44,critical
2026-01-05 23:13:00,4.53,76.2,7.41,critical
2026-01-05 23:14:00,4.38,72.5,7.54,critical
2026-01-05 23:15:00,4.7,72.4,7.57,critical
2026-01-05 23:16:00,4.63,74.0,7.93,critical
2026-01-05 23:17:00,4.5,76.3,7.54,critical
2026-01-05 23:18:00,4.23,79.1,7.34,critical
2026-01-05 23:19:00,4.53,78.0,7.95,critical
2026-01-05 23:20:00,4.36,75.4,7.93,critical
2026-01-05 23:21:00,4.67,78.2,7.32,critical
2026-01-05 23:22:00,4.51,76.1,7.37,critical
2026-01-05 23:23:00,4.25,75.3,7.92,critical
2026-01-05 23:24:00,4.59,80.0,7.63,critical
2026-01-05 23:25:00,4.43,79.8,7.64,critical
2026-01-05 23:26:00,4.78,73.9,7.84,critical
2026-01-05 23:27:00,4.8,77.3,7.38,critical
2026-01-05 23:28:00,4.58,78.1,7.64,critical
2026-01-05 23:29:00,4.71,79.1,7.42,critical
2026-01-05 23:30:00,4.35,76.5,7.5,critical
2026-01-05 23:31:00,4.74,73.9,7.84,critical
2026-01-05 23:32:00,4.86,76.6,7.6,critical
2026-01-05 23:33:00,4.43,75.3,7.48,critical
2026-01-05 23:34:00,4.88,76.5,7.26,critical
2026-01-05 23:35:00,4.64,78.7,7.58,critical
2026-01-05 23:36:00,4.88,78.6,7.33,critical
2026-01-05 23:37:00,4.48,77.2,7.17,critical
2026-01-05 23:38:00,4.66,72.3,7.85,critical
2026-01-05 23:39:00,4.77,77.9,7.42,critical
2026-01-05 23:40:00,4.62,75.4,7.33,critical
2026-01-05 23:41:00,4.52,78.4,7.6,critical
2026-01-05 23:42:00,4.88,78.6,7.76,critical
2026-01-05 23:43:00,4.27,76.0,7.33,critical
2026-01-05 23:44:00,4.56,75.0,7.5,critical
2026-01-05 23:45:00,4.81,77.9,7.84,critical
2026-01-05 23:46:00,4.27,76.9,7.84,critical
2026-01-05 23:47:00,4.9,72.8,7.51,critical
2026-01-05 23:48:00,4.8,76.2,7.37,critical
2026-01-05 23:49:00,4.28,74.4,7.17,critical
2026-01-05 23:50:00,4.61,79.0,7.28,critical
2026-01-05 23:51:00,4.65,78.9,7.6,critical
2026-01-05 23:52:00,4.27,77.7,7.58,critical
2026-01-05 23:53:00,4.57,75.4,7.62,critical
2026-01-05 23:54:00,4.7,82.7,7.63,critical
2026-01-05 23:55:00,4.9,77.7,7.57,critical
2026-01-05 23:56:00,4.63,73.7,7.67,critical
2026-01-05 23:57:00,4.2,74.6,7.63,critical
2026-01-05 23:58:00,4.84,80.4,7.54,critical
2026-01-05 23:59:00,4.63,79.3,7.27,critical
2026-01-06 00:00:00,4.68,74.7,7.56,critical
2026-01-06 00:01:00,4.51,77.9,7.74,critical
2026-01-06 00:02:00,4.78,77.7,7.64,critical
2026-01-06 00:03:00,4.97,73.0,8.03,critical
2026-01-06 00:04:00,4.54,78.3,7.52,critical
2026-01-06 00:05:00,4.46,78.0,7.86,critical
2026-01-06 00:06:00,4.7,75.5,8.51,critical
2026-01-06 00:07:00,4.84,79.2,7.52,critical
2026-01-06 00:08:00,4.48,76.2,7.87,critical
2026-01-06 00:09:00,4.41,74.2,7.74,critical
2026-01-06 00:10:00,4.67,74.9,7.33,critical
2026-01-06 00:11:00,4.89,77.8,7.26,critical
2026-01-06 00:12:00,4.35,76.0,7.79,critical
2026-01-06 00:13:00,4.73,79.7,7.23,critical
2026-01-06 00:14:00,4.65,80.5,7.94,critical
2026-01-06 00:15:00,4.68,82.8,7.76,critical
2026-01-06 00:16:00,4.82,77.0,7.41,critical
2026-01-06 00:17:00,4.43,77.4,7.56,critical
2026-01-06 00:18:00,4.26,74.4,7.53,critical
2026-01-06 00:19:00,4.76,76.9,7.59,critical
2026-01-06 00:20:00,4.41,77.0,7.94,critical
2026-01-06 00:21:00,4.64,73.2,7.3,critical
2026-01-06 00:22:00,4.73,76.4,7.59,critical
2026-01-06 00:23:00,4.49,78.2,7.54,critical
2026-01-06 00:24:00,4.58,74.8,7.84,critical
2026-01-06 00:25:00,4.57,78.5,7.31,critical
2026-01-06 00:26:00,4.96,80.2,7.14,critical
2026-01-06 00:27:00,4.45,78.2,7.28,critical
2026-01-06 00:28:00,4.59,78.1,7.57,critical
2026-01-06 00:29:00,4.72,75.3,7.05,critical
2026-01-06 00:30:00,4.81,79.4,8.24,critical
2026-01-06 00:31:00,4.17,78.9,7.12,critical
2026-01-06 00:32:00,4.97,78.2,7.38,critical
2026-01-06 00:33:00,4.77,75.6,7.69,critical
2026-01-06 00:34:00,4.66,81.4,8.07,critical
2026-01-06 00:35:00,4.5,79.7,7.71,critical
2026-01-06 00:36:00,4.34,75.3,8.2,critical
2026-01-06 00:37:00,4.69,79.5,7.57,critical
2026-01-06 00:38:00,4.51,77.1,7.55,critical
2026-01-06 00:39:00,4.32,74.5,7.8,critical
2026-01-06 00:40:00,4.54,77.1,7.68,critical
2026-01-06 00:41:00,4.68,79.9,7.35,critical
2026-01-06 00:42:00,4.74,79.0,7.87,critical
2026-01-06 00:43:00,4.34,77.7,8.05,critical
2026-01-06 00:44:00,4.6,78.3,7.82,critical
2026-01-06 00:45:00,4.42,81.7,7.75,critical
2026-01-06 00:46:00,4.73,72.9,7.82,critical
2026-01-06 00:47:00,4.73,81.2,7.55,critical
2026-01-06 00:48:00,4.43,75.4,7.5,critical
2026-01-06 00:49:00,4.4,80.3,7.96,critical
2026-01-06 00:50:00,4.59,76.1,7.17,critical
2026-01-06 00:51:00,4.77,81.3,7.47,critical
2026-01-06 00:52:00,4.6,78.2,8.06,critical
2026-01-06 00:53:00,4.67,77.6,7.67,critical
2026-01-06 00:54:00,4.34,73.5,7.43,critical
2026-01-06 00:55:00,4.83,76.3,7.5,critical
2026-01-06 00:56:00,4.52,76.8,8.05,critical
2026-01-06 00:57:00,4.6,75.2,7.64,critical
2026-01-06 00:58:00,4.98,75.9,7.33,critical
2026-01-06 00:59:00,4.53,77.5,7.8,critical
2026-01-06 01:00:00,4.83,74.6,7.39,critical
2026-01-06 01:01:00,4.57,78.9,7.32,critical
2026-01-06 01:02:00,4.51,75.7,7.87,critical
2026-01-06 01:03:00,4.74,79.5,7.97,critical
2026-01-06 01:04:00,4.57,74.3,7.34,critical
2026-01-06 01:05:00,4.27,76.1,7.54,critical
2026-01-06 01:06:00,4.79,77.3,7.51,critical
2026-01-06 01:07:00,4.61,74.6,7.89,critical
2026-01-06 01:08:00,4.48,74.4,7.84,critical
2026-01-06 01:09:00,4.75,72.9,7.85,critical
2026-01-06 01:10:00,4.49,76.3,7.68,critical
2026-01-06 01:11:00,4.75,78.4,7.62,critical
2026-01-06 01:12:00,4.55,78.3,7.61,critical
2026-01-06 01:13:00,5.0,78.7,7.41,critical
2026-01-06 01:14:00,4.54,77.4,7.96,critical
2026-01-06 01:15:00,4.92,76.3,7.4,critical
2026-01-06 01:16:00,4.43,77.9,8.21,critical
2026-01-06 01:17:00,4.75,73.3,7.46,critical
2026-01-06 01:18:00,4.51,75.3,7.54,critical
2026-01-06 01:19:00,4.71,79.0,7.91,critical
2026-01-06 01:20:00,4.75,72.4,7.38,critical
2026-01-06 01:21:00,4.61,77.7,7.86,critical
2026-01-06 01:22:00,4.65,77.5,7.7,critical
2026-01-06 01:23:00,4.59,77.6,7.92,critical
2026-01-06 01:24:00,4.63,77.3,7.63,critical
2026-01-06 01:25:00,4.9,74.6,8.09,critical
2026-01-06 01:26:00,4.41,75.7,7.83,critical
2026-01-06 01:27:00,4.85,73.9,7.37,critical
2026-01-06 01:28:00,4.7,83.2,7.96,critical
2026-01-06 01:29:00,4.6,71.3,7.67,critical
2026-01-06 01:30:00,4.72,76.4,7.43,critical
2026-01-06 01:31:00,4.68,75.0,8.11,critical
2026-01-06 01:32:00,4.95,79.0,7.67,critical
2026-01-06 01:33:00,4.51,77.4,8.06,critical
2026-01-06 01:34:00,4.82,77.9,7.88,critical
2026-01-06 01:35:00,4.76,78.4,7.89,critical
2026-01-06 01:36:00,4.75,79.6,7.69,critical
2026-01-06 01:37:00,4.6,76.1,7.48,critical
2026-01-06 01:38:00,4.33,75.2,7.41,critical
2026-01-06 01:39:00,4.55,81.4,7.61,critical
2026-01-06 01:40:00,4.7,78.1,8.05,critical
2026-01-06 01:41:00,4.54,76.9,7.62,critical
2026-01-06 01:42:00,4.88,80.8,7.77,critical
2026-01-06 01:43:00,4.9,77.9,7.61,critical
2026-01-06 01:44:00,4.89,78.7,7.47,critical
2026-01-06 01:45:00,4.85,77.0,7.57,critical
2026-01-06 01:46:00,4.83,77.3,7.75,critical
2026-01-06 01:47:00,4.79,75.5,7.75,critical
2026-01-06 01:48:00,4.92,75.1,7.77,critical
2026-01-06 01:49:00,4.49,80.1,7.91,critical
2026-01-06 01:50:00,4.58,83.0,7.93,critical
2026-01-06 01:51:00,4.8,79.2,7.9,critical
2026-01-06 01:52:00,4.46,78.0,7.75,critical
2026-01-06 01:53:00,4.58,78.7,7.96,critical
2026-01-06 01:54:00,4.57,77.4,7.45,critical
2026-01-06 01:55:00,4.3,79.5,7.65,critical
2026-01-06 01:56:00,4.67,75.1,7.61,critical
2026-01-06 01:57:00,4.88,77.6,7.67,critical
2026-01-06 01:58:00,4.7,74.5,7.82,critical
2026-01-06 01:59:00,4.41,75.2,7.4,critical
2026-01-06 02:00:00,4.63,76.7,7.66,critical
2026-01-06 02:01:00,4.48,80.1,7.87,critical
2026-01-06 02:02:00,4.63,76.4,7.52,critical
2026-01-06 02:03:00,4.6,74.1,7.42,critical
2026-01-06 02:04:00,4.83,78.4,8.07,critical
2026-01-06 02:05:00,4.6,76.7,7.56,critical
2026-01-06 02:06:00,4.6,76.0,7.73,critical
2026-01-06 02:07:00,4.67,76.4,7.98,critical
2026-01-06 02:08:00,5.04,80.6,7.8,critical
2026-01-06 02:09:00,4.82,82.3,7.85,critical
2026-01-06 02:10:00,4.55,78.6,7.82,critical
2026-01-06 02:11:00,4.47,76.9,7.94,critical
2026-01-06 02:12:00,4.3,74.5,7.62,critical
2026-01-06 02:13:00,4.74,74.3,7.64,critical
2026-01-06 02:14:00,4.9,77.8,7.9,critical
2026-01-06 02:15:00,4.55,75.7,7.88,critical
2026-01-06 02:16:00,4.74,74.7,7.47,critical
2026-01-06 02:17:00,4.98,75.4,7.9,critical
2026-01-06 02:18:00,4.57,77.7,7.74,critical
2026-01-06 02:19:00,4.25,74.1,7.69,critical
2026-01-06 02:20:00,4.53,80.2,7.27,critical
2026-01-06 02:21:00,4.78,74.3,7.58,critical
2026-01-06 02:22:00,4.46,82.5,7.34,critical
2026-01-06 02:23:00,4.65,73.4,8.07,critical
2026-01-06 02:24:00,4.75,78.1,8.04,critical
2026-01-06 02:25:00,4.7,78.3,7.71,critical
2026-01-06 02:26:00,4.79,76.5,7.62,critical
2026-01-06 02:27:00,4.84,78.5,7.65,critical
2026-01-06 02:28:00,4.39,81.5,7.51,critical
2026-01-06 02:29:00,4.87,78.2,7.35,critical
2026-01-06 02:30:00,4.93,78.4,8.01,critical
2026-01-06 02:31:00,4.64,79.5,7.24,critical
2026-01-06 02:32:00,4.58,74.6,7.58,critical
2026-01-06 02:33:00,4.77,76.3,7.89,critical
2026-01-06 02:34:00,4.51,80.0,8.0,critical
2026-01-06 02:35:00,4.88,77.0,7.15,critical
2026-01-06 02:36:00,4.79,77.5,7.43,critical
2026-01-06 02:37:00,4.57,81.4,7.39,critical
2026-01-06 02:38:00,4.77,78.4,7.59,critical
2026-01-06 02:39:00,4.81,81.9,7.61,critical
2026-01-06 02:40:00,4.63,79.4,7.91,critical
2026-01-06 02:41:00,4.66,77.1,7.13,critical
2026-01-06 02:42:00,4.53,75.0,7.85,critical
2026-01-06 02:43:00,4.63,77.2,7.68,critical
2026-01-06 02:44:00,4.51,81.8,8.01,critical
2026-01-06 02:45:00,5.01,79.6,7.68,critical
2026-01-06 02:46:00,5.01,76.2,7.47,critical
2026-01-06 02:47:00,4.56,79.2,7.49,critical
2026-01-06 02:48:00,4.65,73.9,7.8,critical
2026-01-06 02:49:00,4.38,75.6,7.99,critical
2026-01-06 02:50:00,4.92,78.8,7.75,critical
2026-01-06 02:51:00,4.58,76.0,7.6,critical
2026-01-06 02:52:00,4.38,78.6,7.7,critical
2026-01-06 02:53:00,4.5,81.9,7.84,critical
2026-01-06 02:54:00,4.83,76.7,7.69,critical
2026-01-06 02:55:00,4.81,78.3,8.09,critical
2026-01-06 02:56:00,4.65,76.7,7.85,critical
2026-01-06 02:57:00,4.44,80.3,7.36,critical
2026-01-06 02:58:00,4.82,76.3,7.81,critical
2026-01-06 02:59:00,4.87,78.4,7.39,critical
2026-01-06 03:00:00,4.51,76.2,7.22,critical
2026-01-06 03:01:00,4.92,78.3,7.41,critical
2026-01-06 03:02:00,4.98,76.2,7.75,critical
2026-01-06 03:03:00,4.53,72.9,7.35,critical
2026-01-06 03:04:00,4.6,80.2,7.78,critical
2026-01-06 03:05:00,4.72,73.0,8.01,critical
2026-01-06 03:06:00,4.74,77.7,7.98,critical
2026-01-06 03:07:00,4.94,80.9,7.63,critical
2026-01-06 03:08:00,4.49,80.5,7.35,critical
2026-01-06 03:09:00,5.08,78.1,7.43,critical
2026-01-06 03:10:00,4.45,74.8,7.73,critical
2026-01-06 03:11:00,4.69,75.0,7.61,critical
2026-01-06 03:12:00,4.42,79.5,7.68,critical
2026-01-06 03:13:00,4.62,74.8,7.62,critical
2026-01-06 03:14:00,4.61,78.9,7.74,critical
2026-01-06 03:15:00,4.86,76.9,7.23,critical
2026-01-06 03:16:00,4.9,75.7,7.42,critical
2026-01-06 03:17:00,4.69,78.8,7.57,critical
2026-01-06 03:18:00,4.59,77.1,8.05,critical
2026-01-06 03:19:00,4.7,75.7,7.46,critical
2026-01-06 03:20:00,4.65,78.7,7.82,critical
2026-01-06 03:21:00,4.73,76.0,7.59,critical
2026-01-06 03:22:00,4.85,75.3,7.58,critical
2026-01-06 03:23:00,4.82,80.3,7.65,critical
2026-01-06 03:24:00,4.62,74.8,7.83,critical
2026-01-06 03:25:00,4.97,84.6,7.8,critical
2026-01-06 03:26:00,4.69,75.8,7.23,critical
2026-01-06 03:27:00,4.74,84.0,8.02,critical
2026-01-06 03:28:00,4.93,78.8,7.79,critical
2026-01-06 03:29:00,4.22,80.1,7.56,critical
2026-01-06 03:30:00,4.57,77.4,7.62,critical
2026-01-06 03:31:00,4.56,78.2,7.57,critical
2026-01-06 03:32:00,4.73,74.5,7.65,critical
2026-01-06 03:33:00,4.49,76.6,7.74,critical
2026-01-06 03:34:00,4.39,76.1,7.85,critical
2026-01-06 03:35:00,4.43,82.6,8.01,critical
2026-01-06 03:36:00,4.61,76.2,7.76,critical
2026-01-06 03:37:00,4.42,73.2,7.59,critical
2026-01-06 03:38:00,4.68,78.5,7.56,critical
2026-01-06 03:39:00,4.96,74.5,7.43,critical
2026-01-06 03:40:00,4.81,75.3,7.41,critical
2026-01-06 03:41:00,4.74,75.6,7.68,critical
2026-01-06 03:42:00,4.57,76.1,7.19,critical
2026-01-06 03:43:00,4.74,75.1,7.67,critical
2026-01-06 03:44:00,4.61,77.7,7.67,critical
2026-01-06 03:45:00,4.75,76.4,8.02,critical
2026-01-06 03:46:00,4.34,77.7,7.92,critical
2026-01-06 03:47:00,4.81,75.8,7.51,critical
2026-01-06 03:48:00,4.51,79.8,7.53,critical
2026-01-06 03:49:00,4.77,79.0,8.31,critical
2026-01-06 03:50:00,4.78,76.3,7.35,critical
2026-01-06 03:51:00,4.66,78.0,7.16,critical
2026-01-06 03:52:00,4.57,79.1,7.58,critical
2026-01-06 03:53:00,4.91,74.4,7.89,critical
2026-01-06 03:54:00,4.9,80.7,7.33,critical
2026-01-06 03:55:00,4.78,76.7,7.37,critical
2026-01-06 03:56:00,4.64,76.1,7.95,critical
2026-01-06 03:57:00,4.82,75.5,7.54,critical
2026-01-06 03:58:00,4.64,78.2,7.97,critical
2026-01-06 03:59:00,4.86,78.5,7.65,critical
2026-01-06 04:00:00,4.37,81.6,7.61,critical
2026-01-06 04:01:00,5.03,78.9,8.23,critical
2026-01-06 04:02:00,4.84,74.8,7.57,critical
2026-01-06 04:03:00,4.69,76.2,7.63,critical
2026-01-06 04:04:00,4.45,78.4,7.78,critical
2026-01-06 04:05:00,4.52,83.2,7.74,critical
2026-01-06 04:06:00,4.56,74.3,7.74,critical
2026-01-06 04:07:00,4.67,80.4,7.69,critical
2026-01-06 04:08:00,4.49,82.6,7.83,critical
2026-01-06 04:09:00,4.67,78.8,7.84,critical
2026-01-06 04:10:00,4.44,78.8,7.61,critical
2026-01-06 04:11:00,4.83,76.6,7.57,critical
2026-01-06 04:12:00,5.06,81.5,6.9,critical
2026-01-06 04:13:00,4.96,78.3,7.55,critical
2026-01-06 04:14:00,4.53,76.1,7.56,critical
2026-01-06 04:15:00,4.5,75.1,7.47,critical
2026-01-06 04:16:00,4.79,78.6,7.87,critical
2026-01-06 04:17:00,4.72,75.2,7.85,critical
2026-01-06 04:18:00,4.53,80.1,7.44,critical
2026-01-06 04:19:00,4.59,77.6,7.9,critical
2026-01-06 04:20:00,4.77,78.5,8.2,critical
2026-01-06 04:21:00,4.36,75.9,7.46,critical
2026-01-06 04:22:00,4.38,76.7,7.9,critical
2026-01-06 04:23:00,4.61,77.7,7.3,critical
2026-01-06 04:24:00,4.57,77.4,7.89,critical
2026-01-06 04:25:00,4.4,77.4,8.0,critical
2026-01-06 04:26:00,4.64,73.2,8.05,critical
2026-01-06 04:27:00,4.88,80.7,7.3,critical
2026-01-06 04:28:00,5.04,76.6,7.61,critical
2026-01-06 04:29:00,4.59,80.9,7.69,critical
2026-01-06 04:30:00,4.83,78.7,7.71,critical
2026-01-06 04:31:00,4.55,83.1,7.37,critical
2026-01-06 04:32:00,4.82,79.5,8.02,critical
2026-01-06 04:33:00,5.01,78.2,7.87,critical
2026-01-06 04:34:00,5.09,78.4,7.47,critical
2026-01-06 04:35:00,4.66,75.3,7.83,critical
2026-01-06 04:36:00,4.95,78.3,7.33,critical
2026-01-06 04:37:00,4.94,74.2,7.35,critical
2026-01-06 04:38:00,4.7,79.2,7.84,critical
2026-01-06 04:39:00,4.73,83.0,7.76,critical
2026-01-06 04:40:00,4.95,80.6,7.42,critical
2026-01-06 04:41:00,4.71,83.9,7.61,critical
2026-01-06 04:42:00,4.61,79.1,7.62,critical
2026-01-06 04:43:00,4.58,77.4,8.1,critical
2026-01-06 04:44:00,4.72,75.3,7.36,critical
2026-01-06 04:45:00,5.18,78.1,7.85,critical
2026-01-06 04:46:00,4.59,79.5,8.11,critical
2026-01-06 04:47:00,4.61,79.8,7.39,critical
2026-01-06 04:48:00,5.15,79.3,7.64,critical
2026-01-06 04:49:00,4.69,77.4,7.63,critical
2026-01-06 04:50:00,4.26,78.4,7.71,critical
2026-01-06 04:51:00,4.84,77.4,7.55,critical
2026-01-06 04:52:00,4.74,74.7,7.78,critical
2026-01-06 04:53:00,4.37,81.5,7.92,critical
2026-01-06 04:54:00,4.56,80.4,7.78,critical
2026-01-06 04:55:00,4.55,73.7,7.83,critical
2026-01-06 04:56:00,4.59,81.5,7.75,critical
2026-01-06 04:57:00,4.61,83.2,7.89,critical
2026-01-06 04:58:00,4.02,77.5,7.4,critical
2026-01-06 04:59:00,4.59,78.4,7.84,critical
2026-01-06 05:00:00,4.8,81.4,7.91,critical
2026-01-06 05:01:00,4.87,79.3,8.07,critical
2026-01-06 05:02:00,4.69,78.0,7.27,critical
2026-01-06 05:03:00,4.96,78.6,8.49,critical
2026-01-06 05:04:00,4.67,79.0,7.89,critical
2026-01-06 05:05:00,4.53,79.7,7.76,critical
2026-01-06 05:06:00,4.69,81.7,7.53,critical
2026-01-06 05:07:00,4.81,82.4,7.58,critical
2026-01-06 05:08:00,4.69,84.7,7.87,critical
2026-01-06 05:09:00,4.65,80.8,7.61,critical
2026-01-06 05:10:00,4.44,82.3,7.48,critical
2026-01-06 05:11:00,5.25,77.6,8.29,critical
2026-01-06 05:12:00,4.48,81.4,7.88,critical
2026-01-06 05:13:00,4.92,81.3,7.63,critical
2026-01-06 05:14:00,4.5,78.7,7.81,critical
2026-01-06 05:15:00,4.66,79.5,7.84,critical
2026-01-06 05:16:00,4.58,79.8,7.69,critical
2026-01-06 05:17:00,4.62,80.8,7.56,critical
2026-01-06 05:18:00,4.67,79.1,8.1,critical
2026-01-06 05:19:00,4.8,80.2,7.69,critical
2026-01-06 05:20:00,4.74,78.8,7.83,critical
2026-01-06 05:21:00,4.7,82.2,7.67,critical
2026-01-06 05:22:00,4.42,85.8,7.68,critical
2026-01-06 05:23:00,5.02,82.4,8.0,critical
2026-01-06 05:24:00,4.72,79.6,7.44,critical
2026-01-06 05:25:00,5.16,76.8,7.7,critical
2026-01-06 05:26:00,4.78,78.7,7.6,critical
2026-01-06 05:27:00,5.04,81.3,7.84,critical
2026-01-06 05:28:00,4.68,81.6,7.65,critical
2026-01-06 05:29:00,5.08,79.2,8.07,critical
2026-01-06 05:30:00,4.74,79.1,8.07,critical
2026-01-06 05:31:00,5.2,82.9,7.99,critical
2026-01-06 05:32:00,4.88,77.7,7.84,critical
2026-01-06 05:33:00,4.58,79.9,7.88,critical
2026-01-06 05:34:00,4.38,79.1,7.87,critical
2026-01-06 05:35:00,4.75,79.9,7.43,critical
2026-01-06 05:36:00,4.61,81.6,7.77,critical
2026-01-06 05:37:00,4.84,77.6,7.77,critical
2026-01-06 05:38:00,4.31,81.1,8.22,critical
2026-01-06 05:39:00,4.56,76.7,7.88,critical
2026-01-06 05:40:00,5.07,79.0,7.46,critical
2026-01-06 05:41:00,4.73,76.4,7.6,critical
2026-01-06 05:42:00,4.71,76.7,7.58,critical
2026-01-06 05:43:00,4.79,79.6,7.42,critical
2026-01-06 05:44:00,4.85,78.1,7.95,critical
2026-01-06 05:45:00,4.93,77.7,7.93,critical
2026-01-06 05:46:00,4.61,82.4,7.57,critical
2026-01-06 05:47:00,4.84,78.6,7.52,critical
2026-01-06 05:48:00,4.95,77.5,7.35,critical
2026-01-06 05:49:00,4.2,76.9,8.12,critical
2026-01-06 05:50:00,5.03,77.3,7.68,critical
2026-01-06 05:51:00,4.68,75.8,7.54,critical
2026-01-06 05:52:00,4.97,80.4,7.84,critical
2026-01-06 05:53:00,4.51,79.4,7.2,critical
2026-01-06 05:54:00,4.95,79.8,7.44,critical
2026-01-06 05:55:00,5.1,74.6,7.91,critical
2026-01-06 05:56:00,4.89,76.0,7.77,critical
2026-01-06 05:57:00,4.45,72.0,7.51,critical
2026-01-06 05:58:00,4.66,80.7,7.8,critical
2026-01-06 05:59:00,4.8,76.6,7.65,critical
2026-01-06 06:00:00,4.59,76.1,7.63,critical
2026-01-06 06:01:00,4.8,77.7,7.7,critical
2026-01-06 06:02:00,4.92,77.9,7.45,critical
2026-01-06 06:03:00,4.89,79.8,7.86,critical
2026-01-06 06:04:00,4.91,80.3,7.79,critical
2026-01-06 06:05:00,5.26,76.0,7.64,critical
2026-01-06 06:06:00,4.98,79.5,7.97,critical
2026-01-06 06:07:00,4.82,82.6,7.53,critical
2026-01-06 06:08:00,5.05,82.1,7.48,critical
2026-01-06 06:09:00,4.91,79.1,7.63,critical
2026-01-06 06:10:00,4.41,76.7,7.96,critical
2026-01-06 06:11:00,4.95,78.7,7.99,critical
2026-01-06 06:12:00,4.98,79.6,7.61,critical
2026-01-06 06:13:00,4.88,80.4,7.96,critical
2026-01-06 06:14:00,4.96,75.8,7.66,critical
2026-01-06 06:15:00,4.41,81.1,7.73,critical
2026-01-06 06:16:00,4.87,75.6,8.14,critical
2026-01-06 06:17:00,4.55,81.2,7.82,critical
2026-01-06 06:18:00,4.75,78.6,7.63,critical
2026-01-06 06:19:00,5.05,79.3,7.47,critical
2026-01-06 06:20:00,4.71,79.6,8.01,critical
2026-01-06 06:21:00,4.67,77.9,7.8,critical
2026-01-06 06:22:00,4.97,75.9,7.92,critical
2026-01-06 06:23:00,4.7,78.5,8.29,critical
2026-01-06 06:24:00,4.75,81.2,7.97,critical
2026-01-06 06:25:00,4.56,74.7,8.0,critical
2026-01-06 06:26:00,4.58,75.2,8.05,critical
2026-01-06 06:27:00,4.59,77.4,8.29,critical
2026-01-06 06:28:00,4.46,76.2,7.68,critical
2026-01-06 06:29:00,4.75,77.1,7.51,critical
2026-01-06 06:30:00,5.1,80.0,7.94,critical
2026-01-06 06:31:00,4.77,80.1,8.03,critical
2026-01-06 06:32:00,4.6,80.0,7.97,critical
2026-01-06 06:33:00,5.11,84.2,7.81,critical
2026-01-06 06:34:00,5.03,72.7,8.19,critical
2026-01-06 06:35:00,4.65,78.8,7.91,critical
2026-01-06 06:36:00,4.77,79.9,8.2,critical
2026-01-06 06:37:00,4.72,76.7,8.25,critical
2026-01-06 06:38:00,4.9,84.2,8.02,critical
2026-01-06 06:39:00,4.54,81.0,7.55,critical
2026-01-06 06:40:00,4.8,79.2,7.4,critical
2026-01-06 06:41:00,4.64,84.9,7.86,critical
2026-01-06 06:42:00,4.77,84.0,7.7,critical
2026-01-06 06:43:00,4.78,81.9,7.7,critical
2026-01-06 06:44:00,4.65,73.8,7.57,critical
2026-01-06 06:45:00,4.61,79.8,7.65,critical
2026-01-06 06:46:00,5.23,76.8,8.15,critical
2026-01-06 06:47:00,4.85,81.5,7.99,critical
2026-01-06 06:48:00,4.36,79.4,7.74,critical
2026-01-06 06:49:00,4.58,80.6,8.23,critical
2026-01-06 06:50:00,4.27,78.1,7.49,critical
2026-01-06 06:51:00,4.82,78.7,7.65,critical
2026-01-06 06:52:00,4.94,83.6,8.47,critical
2026-01-06 06:53:00,4.66,74.9,7.95,critical
2026-01-06 06:54:00,5.13,81.5,8.21,critical
2026-01-06 06:55:00,4.76,78.0,7.84,critical
2026-01-06 06:56:00,4.74,81.2,8.05,critical
2026-01-06 06:57:00,5.02,80.8,7.87,critical
2026-01-06 06:58:00,4.97,74.6,7.86,critical
2026-01-06 06:59:00,4.82,80.1,7.79,critical
2026-01-06 07:00:00,4.9,78.1,8.09,critical
2026-01-06 07:01:00,4.91,79.9,7.64,critical
2026-01-06 07:02:00,4.97,80.1,7.62,critical
2026-01-06 07:03:00,4.8,81.1,7.95,critical
2026-01-06 07:04:00,4.91,79.8,8.07,critical
2026-01-06 07:05:00,5.06,81.4,7.67,critical
2026-01-06 07:06:00,4.6,78.2,8.3,critical
2026-01-06 07:07:00,4.87,84.9,7.78,critical
2026-01-06 07:08:00,4.76,79.4,7.79,critical
2026-01-06 07:09:00,4.66,76.7,7.94,critical
2026-01-06 07:10:00,5.03,85.7,7.71,critical
2026-01-06 07:11:00,4.75,77.7,8.1,critical
2026-01-06 07:12:00,4.98,77.4,7.59,critical
2026-01-06 07:13:00,5.01,80.6,8.01,critical
2026-01-06 07:14:00,4.64,74.9,7.6,critical
2026-01-06 07:15:00,4.96,84.9,7.71,critical
2026-01-06 07:16:00,5.27,81.7,7.47,critical
2026-01-06 07:17:00,4.86,81.8,7.21,critical
2026-01-06 07:18:00,4.95,82.6,7.92,critical
2026-01-06 07:19:00,4.81,79.2,7.76,critical
2026-01-06 07:20:00,4.59,77.9,7.72,critical
2026-01-06 07:21:00,4.84,78.3,7.6,critical
2026-01-06 07:22:00,4.97,80.6,7.69,critical
2026-01-06 07:23:00,4.92,78.6,7.84,critical
2026-01-06 07:24:00,5.02,78.2,7.53,critical
2026-01-06 07:25:00,4.79,76.3,7.75,critical
2026-01-06 07:26:00,4.77,73.5,7.96,critical
2026-01-06 07:27:00,4.79,82.7,7.88,critical
2026-01-06 07:28:00,4.97,82.7,7.79,critical
2026-01-06 07:29:00,4.82,75.8,8.13,critical
2026-01-06 07:30:00,4.8,77.2,8.01,critical
2026-01-06 07:31:00,4.39,78.7,8.05,critical
2026-01-06 07:32:00,4.74,77.9,7.72,critical
2026-01-06 07:33:00,4.42,81.5,7.8,critical
2026-01-06 07:34:00,4.77,79.1,7.83,critical
2026-01-06 07:35:00,4.96,79.6,7.49,critical
2026-01-06 07:36:00,4.94,81.0,7.88,critical
2026-01-06 07:37:00,5.04,79.9,8.11,critical
2026-01-06 07:38:00,5.11,81.2,7.64,critical
2026-01-06 07:39:00,4.8,82.9,7.46,critical
2026-01-06 07:40:00,4.75,78.9,7.61,critical
2026-01-06 07:41:00,5.01,80.7,7.65,critical
2026-01-06 07:42:00,4.95,79.4,7.61,critical
2026-01-06 07:43:00,4.69,80.9,8.07,critical
2026-01-06 07:44:00,4.74,81.2,8.23,critical
2026-01-06 07:45:00,4.58,80.7,8.04,critical
2026-01-06 07:46:00,4.81,82.9,8.38,critical
2026-01-06 07:47:00,4.9,79.3,8.08,critical
2026-01-06 07:48:00,5.0,73.5,7.83,critical
2026-01-06 07:49:00,4.76,80.8,7.79,critical
2026-01-06 07:50:00,4.82,77.7,8.02,critical
2026-01-06 07:51:00,5.17,77.7,7.49,critical
2026-01-06 07:52:00,4.84,79.8,8.13,critical
2026-01-06 07:53:00,4.59,78.5,7.3,critical
2026-01-06 07:54:00,5.11,80.5,7.72,critical
2026-01-06 07:55:00,4.57,76.8,7.94,critical
2026-01-06 07:56:00,4.62,80.2,8.35,critical
2026-01-06 07:57:00,4.77,77.5,7.93,critical
2026-01-06 07:58:00,4.59,84.2,8.19,critical
2026-01-06 07:59:00,4.81,77.7,7.73,critical
2026-01-06 08:00:00,4.78,80.9,8.1,critical
2026-01-06 08:01:00,4.63,82.5,8.0,critical
2026-01-06 08:02:00,4.74,77.2,7.87,critical
2026-01-06 08:03:00,4.63,82.5,7.56,critical
2026-01-06 08:04:00,4.95,79.7,7.7,critical
2026-01-06 08:05:00,4.82,82.7,7.54,critical
2026-01-06 08:06:00,4.76,78.1,7.83,critical
2026-01-06 08:07:00,4.71,75.6,7.58,critical
2026-01-06 08:08:00,5.17,80.6,7.9,critical
2026-01-06 08:09:00,4.79,79.9,7.74,critical
2026-01-06 08:10:00,4.95,80.2,7.55,critical
2026-01-06 08:11:00,4.9,73.8,7.95,critical
2026-01-06 08:12:00,4.56,79.8,7.55,critical
2026-01-06 08:13:00,4.85,81.5,8.22,critical
2026-01-06 08:14:00,4.54,82.5,7.88,critical
2026-01-06 08:15:00,4.76,81.9,7.79,critical
2026-01-06 08:16:00,4.99,77.5,7.69,critical
2026-01-06 08:17:00,5.04,83.7,7.84,critical
2026-01-06 08:18:00,4.29,79.5,7.86,critical
2026-01-06 08:19:00,4.8,80.9,7.73,critical
2026-01-06 08:20:00,5.02,77.1,8.16,critical
2026-01-06 08:21:00,5.16,77.8,7.62,critical
2026-01-06 08:22:00,4.93,77.1,7.73,critical
2026-01-06 08:23:00,5.07,81.9,8.35,critical
2026-01-06 08:24:00,4.89,78.6,7.87,critical
2026-01-06 08:25:00,4.82,79.7,7.85,critical
2026-01-06 08:26:00,4.67,80.8,7.5,critical
2026-01-06 08:27:00,4.71,79.8,7.29,critical
2026-01-06 08:28:00,5.01,75.0,8.02,critical
2026-01-06 08:29:00,4.6,79.1,7.98,critical
2026-01-06 08:30:00,5.3,80.4,7.36,critical
2026-01-06 08:31:00,5.05,79.5,7.87,critical
2026-01-06 08:32:00,4.97,74.6,7.86,critical
2026-01-06 08:33:00,4.77,83.2,8.04,critical
2026-01-06 08:34:00,4.53,83.3,7.97,critical
2026-01-06 08:35:00,4.55,80.3,8.12,critical
2026-01-06 08:36:00,4.62,83.6,7.48,critical
2026-01-06 08:37:00,4.7,77.8,8.2,critical
2026-01-06 08:38:00,4.76,77.3,7.97,critical
2026-01-06 08:39:00,4.99,81.8,7.79,critical
2026-01-06 08:40:00,4.91,78.6,8.28,critical
2026-01-06 08:41:00,5.09,82.9,8.06,critical
2026-01-06 08:42:00,4.97,77.1,8.02,critical
2026-01-06 08:43:00,4.88,83.4,8.06,critical
2026-01-06 08:44:00,4.97,76.0,7.84,critical
2026-01-06 08:45:00,4.75,80.8,7.76,critical
2026-01-06 08:46:00,4.81,81.4,7.76,critical
2026-01-06 08:47:00,4.89,76.4,7.66,critical
2026-01-06 08:48:00,5.0,77.2,8.18,critical
2026-01-06 08:49:00,5.06,79.6,8.61,critical
2026-01-06 08:50:00,5.11,77.9,8.05,critical
2026-01-06 08:51:00,4.88,78.3,7.6,critical
2026-01-06 08:52:00,5.07,78.8,7.84,critical
2026-01-06 08:53:00,4.68,78.4,7.84,critical
2026-01-06 08:54:00,4.95,73.8,7.87,critical
2026-01-06 08:55:00,4.72,83.8,8.6,critical
2026-01-06 08:56:00,4.8,76.0,7.9,critical
2026-01-06 08:57:00,4.83,85.2,8.29,critical
2026-01-06 08:58:00,5.04,78.8,8.04,critical
2026-01-06 08:59:00,4.92,80.9,7.48,critical
2026-01-06 09:00:00,5.08,80.6,7.85,critical
2026-01-06 09:01:00,4.75,78.3,7.95,critical
2026-01-06 09:02:00,4.52,82.3,7.61,critical
2026-01-06 09:03:00,4.46,84.9,7.66,critical
2026-01-06 09:04:00,4.73,83.2,8.34,critical
2026-01-06 09:05:00,4.57,78.0,7.65,critical
2026-01-06 09:06:00,5.06,84.5,7.6,critical
2026-01-06 09:07:00,5.16,78.6,7.96,critical
2026-01-06 09:08:00,4.62,80.1,7.85,critical
2026-01-06 09:09:00,4.81,81.3,7.62,critical
2026-01-06 09:10:00,4.7,81.5,8.21,critical
2026-01-06 09:11:00,4.87,81.6,8.07,critical
2026-01-06 09:12:00,5.04,78.0,7.68,critical
2026-01-06 09:13:00,4.74,85.2,8.0,critical
2026-01-06 09:14:00,4.97,81.3,7.55,critical
2026-01-06 09:15:00,5.27,81.6,8.06,critical
2026-01-06 09:16:00,4.53,82.4,7.79,critical
2026-01-06 09:17:00,4.61,78.0,7.56,critical
2026-01-06 09:18:00,4.62,80.6,7.78,critical
2026-01-06 09:19:00,4.95,84.6,7.85,critical
2026-01-06 09:20:00,4.43,79.8,8.18,critical
2026-01-06 09:21:00,4.86,84.3,7.99,critical
2026-01-06 09:22:00,4.51,80.7,7.96,critical
2026-01-06 09:23:00,5.1,85.0,8.11,critical
2026-01-06 09:24:00,4.97,82.2,7.84,critical
2026-01-06 09:25:00,4.59,80.6,7.97,critical
2026-01-06 09:26:00,4.64,83.8,8.13,critical
2026-01-06 09:27:00,4.61,83.9,7.81,critical
2026-01-06 09:28:00,4.73,83.2,7.87,critical
2026-01-06 09:29:00,5.26,78.4,7.45,critical
2026-01-06 09:30:00,4.83,82.5,7.65,critical
2026-01-06 09:31:00,4.62,81.1,7.52,critical
2026-01-06 09:32:00,4.95,79.7,8.01,critical
2026-01-06 09:33:00,4.61,83.8,7.84,critical
2026-01-06 09:34:00,5.04,82.9,7.6,critical
2026-01-06 09:35:00,5.06,77.0,7.55,critical
2026-01-06 09:36:00,5.28,83.3,8.41,critical
2026-01-06 09:37:00,4.81,80.8,8.02,critical
2026-01-06 09:38:00,4.89,78.7,7.67,critical
2026-01-06 09:39:00,4.93,77.9,7.62,critical
2026-01-06 09:40:00,4.97,80.3,8.12,critical
2026-01-06 09:41:00,4.81,79.1,8.0,critical
2026-01-06 09:42:00,4.73,78.9,7.74,critical
2026-01-06 09:43:00,4.85,85.0,7.55,critical
2026-01-06 09:44:00,5.15,82.4,8.28,critical
2026-01-06 09:45:00,5.52,84.2,8.12,critical
2026-01-06 09:46:00,4.63,77.6,7.98,critical
2026-01-06 09:47:00,4.55,82.2,7.36,critical
2026-01-06 09:48:00,5.12,79.8,7.93,critical
2026-01-06 09:49:00,4.75,75.9,8.2,critical
2026-01-06 09:50:00,5.16,79.8,8.06,critical
2026-01-06 09:51:00,4.82,81.4,8.09,critical
2026-01-06 09:52:00,5.01,84.0,8.03,critical
2026-01-06 09:53:00,4.9,78.8,7.78,critical
2026-01-06 09:54:00,5.06,76.9,8.17,critical
2026-01-06 09:55:00,4.84,78.6,7.62,critical
2026-01-06 09:56:00,5.03,80.6,8.3,critical
2026-01-06 09:57:00,4.65,79.2,7.88,critical
2026-01-06 09:58:00,4.75,80.7,7.98,critical
2026-01-06 09:59:00,5.0,84.5,7.57,critical
2026-01-06 10:00:00,4.97,79.1,8.01,critical
2026-01-06 10:01:00,4.99,78.2,7.68,critical
2026-01-06 10:02:00,5.0,80.8,7.85,critical
2026-01-06 10:03:00,5.03,82.6,7.77,critical
2026-01-06 10:04:00,4.73,77.6,7.91,critical
2026-01-06 10:05:00,4.62,81.0,8.21,critical
2026-01-06 10:06:00,4.83,79.4,8.4,critical
2026-01-06 10:07:00,5.21,78.8,7.94,critical
2026-01-06 10:08:00,4.97,81.3,8.36,critical
2026-01-06 10:09:00,4.92,81.4,8.08,critical
2026-01-06 10:10:00,5.14,83.1,8.04,critical
2026-01-06 10:11:00,4.59,79.6,8.11,critical
2026-01-06 10:12:00,4.96,82.8,8.38,critical
2026-01-06 10:13:00,4.67,83.6,7.82,critical
2026-01-06 10:14:00,5.09,80.7,8.44,critical
2026-01-06 10:15:00,4.93,79.2,8.01,critical
2026-01-06 10:16:00,4.97,83.7,8.02,critical
2026-01-06 10:17:00,5.4,80.5,7.88,critical
2026-01-06 10:18:00,4.79,81.0,7.97,critical
2026-01-06 10:19:00,4.97,81.0,7.76,critical
2026-01-06 10:20:00,4.73,79.9,8.2,critical
2026-01-06 10:21:00,5.18,80.6,7.68,critical
2026-01-06 10:22:00,4.9,86.1,8.16,critical
2026-01-06 10:23:00,5.02,83.3,8.3,critical
2026-01-06 10:24:00,4.68,79.9,7.78,critical
2026-01-06 10:25:00,5.03,81.3,8.1,critical
2026-01-06 10:26:00,4.81,84.3,7.9,critical
2026-01-06 10:27:00,5.05,83.9,8.19,critical
2026-01-06 10:28:00,4.99,82.9,8.35,critical
2026-01-06 10:29:00,5.02,79.1,8.06,critical
2026-01-06 10:30:00,4.91,75.0,8.03,critical
2026-01-06 10:31:00,4.94,83.8,7.73,critical
2026-01-06 10:32:00,4.62,81.3,8.01,critical
2026-01-06 10:33:00,4.94,81.0,7.65,critical
2026-01-06 10:34:00,4.89,80.1,8.19,critical
2026-01-06 10:35:00,4.99,80.2,8.35,critical
2026-01-06 10:36:00,4.86,82.3,7.88,critical
2026-01-06 10:37:00,5.25,81.2,7.95,critical
2026-01-06 10:38:00,4.89,81.4,8.22,critical
2026-01-06 10:39:00,5.09,81.0,8.35,critical
2026-01-06 10:40:00,5.09,79.9,7.58,critical
2026-01-06 10:41:00,4.84,82.0,8.07,critical
2026-01-06 10:42:00,5.19,78.2,7.81,critical
2026-01-06 10:43:00,4.69,77.6,7.76,critical
2026-01-06 10:44:00,5.0,82.9,7.69,critical
2026-01-06 10:45:00,4.76,76.5,7.98,critical
2026-01-06 10:46:00,4.78,85.2,8.03,critical
2026-01-06 10:47:00,4.89,79.4,7.55,critical
2026-01-06 10:48:00,4.65,79.5,7.75,critical
2026-01-06 10:49:00,4.73,82.0,8.05,critical
2026-01-06 10:50:00,4.83,85.9,7.49,critical
2026-01-06 10:51:00,4.94,80.5,7.79,critical
2026-01-06 10:52:00,4.79,81.0,7.87,critical
2026-01-06 10:53:00,4.85,77.8,7.52,critical
2026-01-06 10:54:00,4.87,80.1,7.88,critical
2026-01-06 10:55:00,4.91,79.8,7.87,critical
2026-01-06 10:56:00,4.76,84.9,7.73,critical
2026-01-06 10:57:00,4.85,79.3,7.74,critical
2026-01-06 10:58:00,4.93,80.8,7.81,critical
2026-01-06 10:59:00,4.87,79.3,8.03,critical
2026-01-06 11:00:00,5.34,78.9,8.03,critical
2026-01-06 11:01:00,4.94,82.8,8.11,critical
2026-01-06 11:02:00,4.97,81.0,7.82,critical
2026-01-06 11:03:00,4.78,80.9,7.61,critical
2026-01-06 11:04:00,4.81,83.9,7.96,critical
2026-01-06 11:05:00,5.11,84.8,7.89,critical
2026-01-06 11:06:00,4.97,80.4,7.73,critical
2026-01-06 11:07:00,4.74,83.2,7.99,critical
2026-01-06 11:08:00,5.3,83.6,7.75,critical
2026-01-06 11:09:00,5.1,80.4,8.24,critical
2026-01-06 11:10:00,4.84,78.5,7.74,critical
2026-01-06 11:11:00,4.79,79.1,7.79,critical
2026-01-06 11:12:00,5.11,85.7,7.6,critical
2026-01-06 11:13:00,5.19,80.0,8.02,critical
2026-01-06 11:14:00,4.61,82.5,7.44,critical
2026-01-06 11:15:00,5.0,81.8,7.99,critical
2026-01-06 11:16:00,4.79,82.6,8.04,critical
2026-01-06 11:17:00,4.9,82.9,7.91,critical
2026-01-06 11:18:00,5.05,80.9,7.99,critical
2026-01-06 11:19:00,5.05,80.2,7.63,critical
2026-01-06 11:20:00,5.0,84.2,8.02,critical
2026-01-06 11:21:00,5.0,81.1,8.13,critical
2026-01-06 11:22:00,4.9,80.1,8.22,critical
2026-01-06 11:23:00,4.84,83.5,8.22,critical
2026-01-06 11:24:00,5.06,78.1,7.95,critical
2026-01-06 11:25:00,4.9,80.0,7.98,critical
2026-01-06 11:26:00,5.1,80.1,7.9,critical
2026-01-06 11:27:00,4.9,84.2,7.88,critical
2026-01-06 11:28:00,4.7,77.3,8.04,critical
2026-01-06 11:29:00,4.79,83.0,7.61,critical
2026-01-06 11:30:00,4.84,78.0,8.05,critical
2026-01-06 11:31:00,5.08,82.1,7.67,critical
2026-01-06 11:32:00,4.8,81.9,7.52,critical
2026-01-06 11:33:00,4.9,85.1,7.9,critical
2026-01-06 11:34:00,4.65,79.8,7.79,critical
2026-01-06 11:35:00,5.38,85.5,8.13,critical
2026-01-06 11:36:00,4.88,84.3,7.67,critical
2026-01-06 11:37:00,5.16,83.7,7.91,critical
2026-01-06 11:38:00,5.18,80.2,7.63,critical
2026-01-06 11:39:00,5.15,81.1,8.1,critical
2026-01-06 11:40:00,5.31,79.5,7.91,critical
2026-01-06 11:41:00,5.26,83.0,7.78,critical
2026-01-06 11:42:00,4.76,80.0,7.77,critical
2026-01-06 11:43:00,5.0,81.6,8.02,critical
2026-01-06 11:44:00,4.78,81.2,7.44,critical
2026-01-06 11:45:00,4.98,84.3,7.6,critical
2026-01-06 11:46:00,5.05,79.9,8.15,critical
2026-01-06 11:47:00,4.99,82.4,7.97,critical
2026-01-06 11:48:00,5.22,82.3,7.78,critical
2026-01-06 11:49:00,4.97,80.5,8.0,critical
2026-01-06 11:50:00,4.87,79.7,8.01,critical
2026-01-06 11:51:00,4.97,84.1,7.85,critical
2026-01-06 11:52:00,4.56,80.5,7.55,critical
2026-01-06 11:53:00,5.04,77.3,7.71,critical
2026-01-06 11:54:00,4.88,85.3,7.69,critical
2026-01-06 11:55:00,4.96,82.9,8.33,critical
2026-01-06 11:56:00,5.11,84.2,8.17,critical
2026-01-06 11:57:00,4.72,82.4,8.17,critical
2026-01-06 11:58:00,4.77,80.0,7.76,critical
2026-01-06 11:59:00,5.11,81.3,7.88,critical
2026-01-06 12:00:00,4.7,81.3,7.82,critical
2026-01-06 12:01:00,5.01,78.6,8.01,critical
2026-01-06 12:02:00,4.87,78.4,7.63,critical
2026-01-06 12:03:00,4.73,81.0,7.99,critical
2026-01-06 12:04:00,5.02,82.3,7.77,critical
2026-01-06 12:05:00,5.17,80.4,8.08,critical
2026-01-06 12:06:00,4.93,82.5,7.91,critical
2026-01-06 12:07:00,5.04,81.5,8.17,critical
2026-01-06 12:08:00,4.8,77.1,7.72,critical
2026-01-06 12:09:00,5.18,81.2,7.99,critical
2026-01-06 12:10:00,4.75,81.7,7.71,critical
2026-01-06 12:11:00,4.79,80.6,8.08,critical
2026-01-06 12:12:00,5.08,83.0,7.57,critical
2026-01-06 12:13:00,4.97,81.1,7.58,critical
2026-01-06 12:14:00,4.97,81.0,8.1,critical
2026-01-06 12:15:00,4.98,80.2,8.2,critical
2026-01-06 12:16:00,4.52,81.4,7.53,critical
2026-01-06 12:17:00,4.79,82.9,7.65,critical
2026-01-06 12:18:00,4.68,87.6,7.63,critical
2026-01-06 12:19:00,5.3,81.2,7.84,critical
2026-01-06 12:20:00,5.08,85.0,7.68,critical
2026-01-06 12:21:00,4.87,83.7,8.04,critical
2026-01-06 12:22:00,5.19,82.9,8.42,critical
2026-01-06 12:23:00,5.01,82.2,8.05,critical
2026-01-06 12:24:00,4.94,83.8,8.03,critical
2026-01-06 12:25:00,5.13,84.0,8.08,critical
2026-01-06 12:26:00,5.07,79.1,7.84,critical
2026-01-06 12:27:00,5.14,85.2,7.49,critical
2026-01-06 12:28:00,4.86,81.7,7.75,critical
2026-01-06 12:29:00,4.81,82.9,8.37,critical
2026-01-06 12:30:00,4.57,81.3,8.09,critical
2026-01-06 12:31:00,5.13,82.5,8.42,critical
2026-01-06 12:32:00,4.98,85.0,7.81,critical
2026-01-06 12:33:00,4.99,78.7,8.2,critical
2026-01-06 12:34:00,4.95,82.6,7.9,critical
2026-01-06 12:35:00,5.1,82.7,7.73,critical
2026-01-06 12:36:00,4.79,81.6,8.14,critical
2026-01-06 12:37:00,5.35,82.5,8.23,critical
2026-01-06 12:38:00,4.66,86.8,8.13,critical
2026-01-06 12:39:00,4.97,81.3,7.7,critical
2026-01-06 12:40:00,4.82,86.5,7.73,critical
2026-01-06 12:41:00,4.78,80.0,7.68,critical
2026-01-06 12:42:00,4.98,84.5,7.83,critical
2026-01-06 12:43:00,4.71,82.5,7.97,critical
2026-01-06 12:44:00,5.18,80.6,7.92,critical
2026-01-06 12:45:00,4.95,82.0,7.88,critical
2026-01-06 12:46:00,4.87,77.2,7.84,critical
2026-01-06 12:47:00,5.13,83.9,7.87,critical
2026-01-06 12:48:00,5.24,81.7,7.65,critical
2026-01-06 12:49:00,4.65,84.8,7.89,critical
2026-01-06 12:50:00,4.74,76.2,7.89,critical
2026-01-06 12:51:00,5.07,80.1,7.72,critical
2026-01-06 12:52:00,4.88,84.9,7.64,critical
2026-01-06 12:53:00,4.86,84.9,8.11,critical
2026-01-06 12:54:00,5.02,80.2,8.0,critical
2026-01-06 12:55:00,4.88,79.7,7.72,critical
2026-01-06 12:56:00,5.15,81.7,8.07,critical
2026-01-06 12:57:00,5.02,83.0,7.93,critical
2026-01-06 12:58:00,4.89,79.8,7.64,critical
2026-01-06 12:59:00,4.77,81.0,7.59,critical
2026-01-06 13:00:00,4.71,84.5,8.05,critical
2026-01-06 13:01:00,4.9,87.6,7.58,critical
2026-01-06 13:02:00,5.19,81.6,8.19,critical
2026-01-06 13:03:00,5.01,77.2,8.02,critical
2026-01-06 13:04:00,5.06,76.4,8.48,critical
2026-01-06 13:05:00,5.06,83.6,7.7,critical
2026-01-06 13:06:00,5.13,84.6,8.06,critical
2026-01-06 13:07:00,4.99,79.7,7.94,critical
2026-01-06 13:08:00,4.89,83.4,7.78,critical
2026-01-06 13:09:00,5.11,79.8,7.93,critical
2026-01-06 13:10:00,5.12,80.2,8.16,critical
2026-01-06 13:11:00,5.11,81.3,8.29,critical
2026-01-06 13:12:00,5.01,84.7,8.44,critical
2026-01-06 13:13:00,4.95,83.6,7.84,critical
2026-01-06 13:14:00,4.79,81.5,7.66,critical
2026-01-06 13:15:00,4.81,83.5,7.87,critical
2026-01-06 13:16:00,5.14,82.7,8.46,critical
2026-01-06 13:17:00,5.1,84.8,8.1,critical
2026-01-06 13:18:00,5.06,84.9,8.17,critical
2026-01-06 13:19:00,5.04,82.5,8.13,critical
2026-01-06 13:20:00,4.87,80.2,8.36,critical
2026-01-06 13:21:00,5.37,79.7,7.83,critical
2026-01-06 13:22:00,5.23,83.4,8.17,critical
2026-01-06 13:23:00,5.18,81.4,8.08,critical
2026-01-06 13:24:00,5.05,79.9,8.08,critical
2026-01-06 13:25:00,5.25,81.2,8.04,critical
2026-01-06 13:26:00,5.04,81.3,8.17,critical
2026-01-06 13:27:00,4.87,85.4,8.16,critical
2026-01-06 13:28:00,4.82,86.3,8.05,critical
2026-01-06 13:29:00,4.86,84.8,8.13,critical
2026-01-06 13:30:00,4.65,80.8,8.08,critical
2026-01-06 13:31:00,4.57,82.3,8.05,critical
2026-01-06 13:32:00,4.77,82.8,8.01,critical
2026-01-06 13:33:00,4.77,84.4,8.22,critical
2026-01-06 13:34:00,4.95,81.6,8.19,critical
2026-01-06 13:35:00,4.97,77.3,8.13,critical
2026-01-06 13:36:00,4.85,81.1,8.37,critical
2026-01-06 13:37:00,4.98,82.1,8.14,critical
2026-01-06 13:38:00,5.11,79.8,7.99,critical
2026-01-06 13:39:00,5.02,82.8,8.08,critical
2026-01-06 13:40:00,5.53,79.2,8.26,critical
2026-01-06 13:41:00,5.25,83.4,7.85,critical
2026-01-06 13:42:00,5.34,76.7,7.84,critical
2026-01-06 13:43:00,5.25,81.2,8.41,critical
2026-01-06 13:44:00,4.71,79.4,7.88,critical
2026-01-06 13:45:00,5.1,81.6,7.89,critical
2026-01-06 13:46:00,5.3,86.0,7.91,critical
2026-01-06 13:47:00,4.67,76.8,8.07,critical
2026-01-06 13:48:00,5.15,82.3,8.0,critical
2026-01-06 13:49:00,4.85,83.8,8.43,critical
2026-01-06 13:50:00,4.57,82.0,7.77,critical
2026-01-06 13:51:00,4.72,79.4,8.11,critical
2026-01-06 13:52:00,5.1,85.9,8.02,critical
2026-01-06 13:53:00,4.67,81.6,7.67,critical
2026-01-06 13:54:00,4.78,83.7,8.07,critical
2026-01-06 13:55:00,5.14,81.3,8.22,critical
2026-01-06 13:56:00,4.94,85.0,8.1,critical
2026-01-06 13:57:00,4.98,82.8,8.01,critical
2026-01-06 13:58:00,5.34,82.9,8.02,critical
2026-01-06 13:59:00,4.97,84.4,8.2,critical
2026-01-06 14:00:00,4.97,79.4,7.79,critical
2026-01-06 14:01:00,4.98,85.6,7.96,critical
2026-01-06 14:02:00,4.9,77.9,8.4,critical
2026-01-06 14:03:00,5.14,84.3,8.26,critical
2026-01-06 14:04:00,4.99,82.5,8.39,critical
2026-01-06 14:05:00,5.06,83.8,8.24,critical
2026-01-06 14:06:00,5.15,82.0,8.01,critical
2026-01-06 14:07:00,5.18,84.3,8.32,critical
2026-01-06 14:08:00,5.13,83.8,7.91,critical
2026-01-06 14:09:00,4.91,84.3,7.88,critical
2026-01-06 14:10:00,5.02,85.8,8.33,critical
2026-01-06 14:11:00,5.09,81.6,8.0,critical
2026-01-06 14:12:00,5.2,82.3,7.89,critical
2026-01-06 14:13:00,5.27,82.8,7.88,critical
2026-01-06 14:14:00,5.12,84.8,7.78,critical
2026-01-06 14:15:00,4.99,81.7,8.14,critical
2026-01-06 14:16:00,5.15,81.0,7.66,critical
2026-01-06 14:17:00,5.24,79.6,8.1,critical
2026-01-06 14:18:00,5.0,82.8,8.44,critical
2026-01-06 14:19:00,5.64,78.3,8.28,critical
2026-01-06 14:20:00,5.0,85.0,8.27,critical
2026-01-06 14:21:00,5.31,83.1,7.81,critical
2026-01-06 14:22:00,5.22,82.7,7.97,critical
2026-01-06 14:23:00,4.94,84.9,8.43,critical
2026-01-06 14:24:00,4.79,84.0,7.94,critical
2026-01-06 14:25:00,4.74,82.8,7.82,critical
2026-01-06 14:26:00,4.72,80.5,7.78,critical
2026-01-06 14:27:00,4.9,79.1,7.94,critical
2026-01-06 14:28:00,4.89,83.4,8.18,critical
2026-01-06 14:29:00,5.09,81.9,7.97,critical
2026-01-06 14:30:00,4.87,80.4,8.21,critical
2026-01-06 14:31:00,4.68,82.3,7.96,critical
2026-01-06 14:32:00,5.16,78.9,8.04,critical
2026-01-06 14:33:00,5.11,77.7,7.77,critical
2026-01-06 14:34:00,5.02,83.8,8.08,critical
2026-01-06 14:35:00,5.15,79.8,7.64,critical
2026-01-06 14:36:00,5.06,79.4,7.82,critical
2026-01-06 14:37:00,5.23,83.0,7.9,critical
2026-01-06 14:38:00,4.9,84.1,8.09,critical
2026-01-06 14:39:00,4.8,77.6,8.51,critical
2026-01-06 14:40:00,4.8,83.8,8.42,critical
2026-01-06 14:41:00,5.07,81.0,7.68,critical
2026-01-06 14:42:00,4.75,83.5,8.4,critical
2026-01-06 14:43:00,4.96,81.2,8.22,critical
2026-01-06 14:44:00,4.91,83.2,8.05,critical
2026-01-06 14:45:00,4.96,82.5,8.48,critical
2026-01-06 14:46:00,5.16,85.3,7.81,critical
2026-01-06 14:47:00,5.26,84.2,7.67,critical
2026-01-06 14:48:00,5.15,81.3,7.66,critical
2026-01-06 14:49:00,5.07,83.9,8.08,critical
2026-01-06 14:50:00,5.02,81.8,8.66,critical
2026-01-06 14:51:00,4.81,84.8,8.05,critical
2026-01-06 14:52:00,4.88,82.5,7.7,critical
2026-01-06 14:53:00,4.93,82.5,7.66,critical
2026-01-06 14:54:00,5.15,80.2,7.68,critical
2026-01-06 14:55:00,4.83,88.1,7.55,critical
2026-01-06 14:56:00,5.14,80.8,7.96,critical
2026-01-06 14:57:00,5.17,84.0,7.88,critical
2026-01-06 14:58:00,4.78,84.2,8.19,critical
2026-01-06 14:59:00,4.99,83.8,7.94,critical
2026-01-06 15:00:00,4.88,82.7,8.18,critical
2026-01-06 15:01:00,5.11,83.9,7.86,critical
2026-01-06 15:02:00,5.37,81.8,8.02,critical
2026-01-06 15:03:00,4.79,82.2,8.18,critical
2026-01-06 15:04:00,5.2,86.6,8.18,critical
2026-01-06 15:05:00,5.11,81.6,7.89,critical
2026-01-06 15:06:00,5.25,85.1,7.78,critical
2026-01-06 15:07:00,5.2,84.3,7.78,critical
2026-01-06 15:08:00,5.16,80.1,7.45,critical
2026-01-06 15:09:00,5.02,83.4,8.03,critical
2026-01-06 15:10:00,5.63,83.7,8.09,critical
2026-01-06 15:11:00,5.14,81.6,8.29,critical
2026-01-06 15:12:00,5.13,83.5,7.9,critical
2026-01-06 15:13:00,4.74,81.5,8.13,critical
2026-01-06 15:14:00,4.97,83.5,8.0,critical
2026-01-06 15:15:00,5.14,80.3,8.11,critical
2026-01-06 15:16:00,4.93,78.9,8.02,critical
2026-01-06 15:17:00,5.37,79.1,8.09,critical
2026-01-06 15:18:00,5.22,88.5,7.94,critical
2026-01-06 15:19:00,4.93,79.9,8.35,critical
2026-01-06 15:20:00,4.89,81.9,7.6,critical
2026-01-06 15:21:00,5.24,85.7,8.27,critical
2026-01-06 15:22:00,4.74,84.3,7.64,critical
2026-01-06 15:23:00,5.07,83.3,8.14,critical
2026-01-06 15:24:00,5.17,82.8,7.57,critical
2026-01-06 15:25:00,5.17,83.1,7.84,critical
2026-01-06 15:26:00,4.75,86.7,8.37,critical
2026-01-06 15:27:00,5.21,81.1,7.43,critical
2026-01-06 15:28:00,5.22,83.8,7.97,critical
2026-01-06 15:29:00,5.29,85.0,8.11,critical
2026-01-06 15:30:00,5.07,83.0,8.24,critical
2026-01-06 15:31:00,4.89,83.9,7.84,critical
2026-01-06 15:32:00,5.33,84.2,7.89,critical
2026-01-06 15:33:00,5.08,80.7,8.44,critical
2026-01-06 15:34:00,5.39,84.6,8.46,critical
2026-01-06 15:35:00,5.1,84.8,8.37,critical
2026-01-06 15:36:00,5.07,83.1,8.3,critical
2026-01-06 15:37:00,5.2,81.0,7.52,critical
2026-01-06 15:38:00,5.03,77.7,7.82,critical
2026-01-06 15:39:00,4.9,81.5,8.28,critical
2026-01-06 15:40:00,5.28,84.2,8.23,critical
2026-01-06 15:41:00,5.2,76.7,8.07,critical
2026-01-06 15:42:00,4.71,84.2,7.55,critical
2026-01-06 15:43:00,5.04,84.3,7.79,critical
2026-01-06 15:44:00,5.26,84.2,8.17,critical
2026-01-06 15:45:00,5.21,82.0,8.11,critical
2026-01-06 15:46:00,5.08,82.9,7.91,critical
2026-01-06 15:47:00,4.83,82.1,7.98,critical
2026-01-06 15:48:00,4.93,85.1,7.78,critical
2026-01-06 15:49:00,5.04,85.9,8.3,critical
2026-01-06 15:50:00,5.32,81.5,8.27,critical
2026-01-06 15:51:00,4.86,82.3,8.03,critical
2026-01-06 15:52:00,4.96,82.1,7.95,critical
2026-01-06 15:53:00,4.88,85.1,8.03,critical
2026-01-06 15:54:00,5.12,83.4,8.09,critical
2026-01-06 15:55:00,5.1,82.2,8.43,critical
2026-01-06 15:56:00,5.23,83.1,7.97,critical
2026-01-06 15:57:00,5.06,84.1,8.45,critical
2026-01-06 15:58:00,4.8,84.7,8.36,critical
2026-01-06 15:59:00,4.78,82.6,7.81,critical
2026-01-06 16:00:00,5.17,82.1,8.05,critical
2026-01-06 16:01:00,5.0,84.9,8.14,critical
2026-01-06 16:02:00,5.13,83.5,8.22,critical
2026-01-06 16:03:00,5.03,87.3,7.77,critical
2026-01-06 16:04:00,4.74,78.5,7.56,critical
2026-01-06 16:05:00,5.22,84.5,8.38,critical
2026-01-06 16:06:00,4.87,84.9,8.1,critical
2026-01-06 16:07:00,5.12,84.7,7.89,critical
2026-01-06 16:08:00,5.6,86.4,7.95,critical
2026-01-06 16:09:00,4.87,82.9,8.13,critical
2026-01-06 16:10:00,5.3,80.2,8.16,critical
2026-01-06 16:11:00,4.78,84.2,8.06,critical
2026-01-06 16:12:00,5.47,79.3,8.43,critical
2026-01-06 16:13:00,4.75,79.8,7.67,critical
2026-01-06 16:14:00,5.14,80.2,7.75,critical
2026-01-06 16:15:00,5.13,84.3,8.1,critical
2026-01-06 16:16:00,5.06,87.7,8.12,critical
2026-01-06 16:17:00,5.25,83.5,7.81,critical
2026-01-06 16:18:00,5.2,81.5,8.07,critical
2026-01-06 16:19:00,5.15,78.3,7.69,critical
2026-01-06 16:20:00,5.27,81.5,7.94,critical
2026-01-06 16:21:00,5.12,82.2,8.2,critical
2026-01-06 16:22:00,5.08,83.7,7.92,critical
2026-01-06 16:23:00,5.13,86.0,7.95,critical
2026-01-06 16:24:00,5.28,83.1,8.28,critical
2026-01-06 16:25:00,5.12,83.1,8.18,critical
2026-01-06 16:26:00,5.34,83.8,8.21,critical
2026-01-06 16:27:00,5.02,87.1,8.25,critical
2026-01-06 16:28:00,5.11,82.9,8.34,critical
2026-01-06 16:29:00,4.97,78.8,8.11,critical
2026-01-06 16:30:00,5.33,87.2,8.07,critical
2026-01-06 16:31:00,5.1,84.5,8.03,critical
2026-01-06 16:32:00,5.2,83.0,8.35,critical
2026-01-06 16:33:00,5.24,85.3,8.05,critical
2026-01-06 16:34:00,5.48,84.5,8.16,critical
2026-01-06 16:35:00,4.95,83.0,8.13,critical
2026-01-06 16:36:00,4.94,82.5,8.06,critical
2026-01-06 16:37:00,5.11,78.9,8.07,critical
2026-01-06 16:38:00,5.02,83.2,8.36,critical
2026-01-06 16:39:00,5.51,85.0,7.79,critical
2026-01-06 16:40:00,5.03,84.8,8.22,critical
2026-01-06 16:41:00,5.3,83.1,8.01,critical
2026-01-06 16:42:00,5.45,83.5,7.85,critical
2026-01-06 16:43:00,5.4,79.6,7.23,critical
2026-01-06 16:44:00,5.26,85.6,8.21,critical
2026-01-06 16:45:00,4.84,83.2,8.03,critical
2026-01-06 16:46:00,5.0,86.9,7.84,critical
2026-01-06 16:47:00,5.17,86.3,8.2,critical
2026-01-06 16:48:00,5.35,84.8,8.21,critical
2026-01-06 16:49:00,5.18,84.9,8.01,critical
2026-01-06 16:50:00,4.85,85.8,8.4,critical
2026-01-06 16:51:00,5.16,82.0,7.72,critical
2026-01-06 16:52:00,5.12,80.0,7.73,critical
2026-01-06 16:53:00,5.1,81.5,8.19,critical
2026-01-06 16:54:00,5.08,81.9,7.68,critical
2026-01-06 16:55:00,4.94,81.4,7.8,critical
2026-01-06 16:56:00,5.04,80.5,8.07,critical
2026-01-06 16:57:00,5.16,81.4,8.22,critical
2026-01-06 16:58:00,4.84,80.6,8.08,critical
2026-01-06 16:59:00,5.25,85.6,8.51,critical
2026-01-06 17:00:00,5.04,83.1,7.85,critical
2026-01-06 17:01:00,4.86,84.0,7.92,critical
2026-01-06 17:02:00,5.36,79.8,8.23,critical
2026-01-06 17:03:00,4.91,81.4,8.25,critical
2026-01-06 17:04:00,4.98,82.2,7.91,critical
2026-01-06 17:05:00,5.47,81.9,8.13,critical
2026-01-06 17:06:00,5.07,84.0,7.96,critical
2026-01-06 17:07:00,5.07,84.5,7.9,critical
2026-01-06 17:08:00,5.33,86.5,8.27,critical
2026-01-06 17:09:00,5.13,76.0,8.22,critical
2026-01-06 17:10:00,5.04,82.9,7.64,critical
2026-01-06 17:11:00,5.21,79.9,8.15,critical
2026-01-06 17:12:00,5.3,82.3,8.42,critical
2026-01-06 17:13:00,4.97,85.0,7.79,critical
2026-01-06 17:14:00,5.32,85.7,8.23,critical
2026-01-06 17:15:00,5.04,80.0,8.02,critical
2026-01-06 17:16:00,5.34,83.9,7.73,critical
2026-01-06 17:17:00,4.89,86.7,8.24,critical
2026-01-06 17:18:00,4.87,79.1,7.96,critical
2026-01-06 17:19:00,4.75,83.2,8.73,critical
2026-01-06 17:20:00,4.8,83.1,8.45,critical
2026-01-06 17:21:00,5.27,83.2,8.08,critical
2026-01-06 17:22:00,4.89,82.9,8.18,critical
2026-01-06 17:23:00,5.34,82.0,8.07,critical
2026-01-06 17:24:00,4.93,84.2,8.32,critical
2026-01-06 17:25:00,5.25,80.7,8.16,critical
2026-01-06 17:26:00,4.99,86.1,8.08,critical
2026-01-06 17:27:00,4.82,83.1,8.24,critical
2026-01-06 17:28:00,5.17,82.3,7.98,critical
2026-01-06 17:29:00,4.93,82.6,7.91,critical
2026-01-06 17:30:00,5.32,81.4,8.16,critical
2026-01-06 17:31:00,5.14,86.0,8.4,critical
2026-01-06 17:32:00,5.27,84.5,7.86,critical
2026-01-06 17:33:00,4.91,81.5,8.31,critical
2026-01-06 17:34:00,5.14,85.8,8.38,critical
2026-01-06 17:35:00,4.98,83.7,8.12,critical
2026-01-06 17:36:00,5.06,82.3,8.42,critical
2026-01-06 17:37:00,5.14,83.7,7.93,critical
2026-01-06 17:38:00,5.26,81.2,8.24,critical
2026-01-06 17:39:00,5.23,82.7,8.21,critical
2026-01-06 17:40:00,5.17,83.6,8.13,critical
2026-01-06 17:41:00,5.14,84.0,8.15,critical
2026-01-06 17:42:00,4.91,83.3,8.2,critical
2026-01-06 17:43:00,5.15,86.1,8.29,critical
2026-01-06 17:44:00,4.96,83.3,8.05,critical
2026-01-06 17:45:00,5.13,83.7,8.29,critical
2026-01-06 17:46:00,5.17,86.8,8.19,critical
2026-01-06 17:47:00,4.97,82.6,8.28,critical
2026-01-06 17:48:00,4.81,80.4,8.14,critical
2026-01-06 17:49:00,5.33,87.0,8.08,critical
2026-01-06 17:50:00,5.35,83.9,7.75,critical
2026-01-06 17:51:00,5.13,82.2,8.37,critical
2026-01-06 17:52:00,5.13,80.6,7.76,critical
2026-01-06 17:53:00,5.13,77.7,8.01,critical
2026-01-06 17:54:00,5.18,81.1,8.39,critical
2026-01-06 17:55:00,5.38,81.3,8.06,critical
2026-01-06 17:56:00,5.34,83.8,7.79,critical
2026-01-06 17:57:00,5.11,81.7,8.42,critical
2026-01-06 17:58:00,5.26,83.0,8.17,critical
2026-01-06 17:59:00,4.88,81.9,8.53,critical
2026-01-06 18:00:00,5.15,86.2,8.2,critical
2026-01-06 18:01:00,5.4,78.8,8.09,critical
2026-01-06 18:02:00,5.47,86.2,8.47,critical
2026-01-06 18:03:00,5.14,82.5,7.89,critical
2026-01-06 18:04:00,4.92,85.9,8.27,critical
2026-01-06 18:05:00,5.13,85.1,8.18,critical
2026-01-06 18:06:00,5.34,86.2,7.88,critical
2026-01-06 18:07:00,5.2,79.7,8.18,critical
2026-01-06 18:08:00,5.27,80.6,8.04,critical
2026-01-06 18:09:00,5.15,84.5,8.08,critical
2026-01-06 18:10:00,4.91,83.8,7.73,critical
2026-01-06 18:11:00,5.1,82.8,8.11,critical
2026-01-06 18:12:00,5.03,80.1,8.05,critical
2026-01-06 18:13:00,5.33,87.1,8.76,critical
2026-01-06 18:14:00,5.49,80.9,8.05,critical
2026-01-06 18:15:00,5.14,83.7,8.17,critical
2026-01-06 18:16:00,5.63,81.2,7.97,critical
2026-01-06 18:17:00,5.48,82.4,8.25,critical
2026-01-06 18:18:00,5.36,85.2,8.2,critical
2026-01-06 18:19:00,5.34,81.7,8.03,critical
2026-01-06 18:20:00,5.26,78.8,8.5,critical
2026-01-06 18:21:00,5.21,84.3,7.74,critical
2026-01-06 18:22:00,4.89,83.0,8.35,critical
2026-01-06 18:23:00,4.74,85.9,8.06,critical
2026-01-06 18:24:00,5.11,84.6,8.22,critical
2026-01-06 18:25:00,5.01,85.6,7.57,critical
2026-01-06 18:26:00,5.06,84.4,8.07,critical
2026-01-06 18:27:00,4.79,85.9,7.84,critical
2026-01-06 18:28:00,5.14,84.4,8.16,critical
2026-01-06 18:29:00,5.39,83.9,8.26,critical
2026-01-06 18:30:00,5.14,85.6,8.5,critical
2026-01-06 18:31:00,5.18,86.0,8.52,critical
2026-01-06 18:32:00,5.43,83.1,8.42,critical
2026-01-06 18:33:00,5.21,86.8,8.3,critical
2026-01-06 18:34:00,5.21,85.1,8.22,critical
2026-01-06 18:35:00,5.22,83.7,8.09,critical
2026-01-06 18:36:00,5.51,85.3,8.02,critical
2026-01-06 18:37:00,5.1,86.7,7.97,critical
2026-01-06 18:38:00,4.86,80.6,7.73,critical
2026-01-06 18:39:00,4.9,81.1,8.51,critical
2026-01-06 18:40:00,5.15,83.2,7.8,critical
2026-01-06 18:41:00,5.13,79.7,8.07,critical
2026-01-06 18:42:00,5.57,85.8,8.11,critical
2026-01-06 18:43:00,5.3,82.8,7.96,critical
2026-01-06 18:44:00,5.5,81.3,8.07,critical
2026-01-06 18:45:00,5.22,81.8,8.33,critical
2026-01-06 18:46:00,5.1,85.8,8.31,critical
2026-01-06 18:47:00,5.12,88.4,8.0,critical
2026-01-06 18:48:00,5.43,87.1,8.61,critical
2026-01-06 18:49:00,5.2,82.2,8.68,critical
2026-01-06 18:50:00,5.1,82.1,8.12,critical
2026-01-06 18:51:00,4.97,85.5,8.01,critical
2026-01-06 18:52:00,5.11,86.6,8.32,critical
2026-01-06 18:53:00,5.17,84.6,8.17,critical
2026-01-06 18:54:00,5.08,84.2,8.29,critical
2026-01-06 18:55:00,5.14,85.2,7.96,critical
2026-01-06 18:56:00,5.05,82.4,8.03,critical
2026-01-06 18:57:00,5.43,86.0,7.9,critical
2026-01-06 18:58:00,5.26,83.2,8.0,critical
2026-01-06 18:59:00,4.87,86.6,7.83,critical
2026-01-06 19:00:00,5.16,81.8,8.36,critical
2026-01-06 19:01:00,5.1,83.9,8.15,critical
2026-01-06 19:02:00,5.23,84.3,8.16,critical
2026-01-06 19:03:00,5.07,80.3,7.89,critical
2026-01-06 19:04:00,5.32,83.5,8.01,critical
2026-01-06 19:05:00,4.89,79.9,8.0,critical
2026-01-06 19:06:00,5.35,82.9,8.27,critical
2026-01-06 19:07:00,5.05,85.9,8.09,critical
2026-01-06 19:08:00,4.93,83.6,8.63,critical
2026-01-06 19:09:00,5.53,85.5,8.14,critical
2026-01-06 19:10:00,5.24,85.1,8.17,critical
2026-01-06 19:11:00,5.26,84.8,8.1,critical
2026-01-06 19:12:00,4.94,83.1,8.38,critical
2026-01-06 19:13:00,5.17,85.1,8.11,critical
2026-01-06 19:14:00,4.97,83.7,7.92,critical
2026-01-06 19:15:00,4.96,87.3,8.07,critical
2026-01-06 19:16:00,5.03,88.4,8.38,critical
2026-01-06 19:17:00,5.1,85.4,8.12,critical
2026-01-06 19:18:00,5.04,85.5,8.1,critical
2026-01-06 19:19:00,5.2,86.9,8.41,critical
2026-01-06 19:20:00,5.07,85.6,7.9,critical
2026-01-06 19:21:00,5.27,84.7,8.28,critical
2026-01-06 19:22:00,5.12,89.6,7.96,critical
2026-01-06 19:23:00,5.38,81.8,8.31,critical
2026-01-06 19:24:00,5.3,84.5,8.06,critical
2026-01-06 19:25:00,5.21,85.0,8.63,critical
2026-01-06 19:26:00,5.01,83.0,8.25,critical
2026-01-06 19:27:00,5.13,84.1,8.45,critical
2026-01-06 19:28:00,4.62,82.9,7.75,critical
2026-01-06 19:29:00,4.95,90.4,8.33,critical
2026-01-06 19:30:00,5.38,84.2,8.38,critical
2026-01-06 19:31:00,4.83,87.0,7.98,critical
2026-01-06 19:32:00,5.08,85.7,8.27,critical
2026-01-06 19:33:00,5.2,81.0,8.21,critical
2026-01-06 19:34:00,5.38,83.1,8.52,critical
2026-01-06 19:35:00,5.01,84.5,8.57,critical
2026-01-06 19:36:00,5.05,87.1,8.68,critical
2026-01-06 19:37:00,5.22,83.1,8.0,critical
2026-01-06 19:38:00,5.45,87.7,8.55,critical
2026-01-06 19:39:00,5.18,87.1,8.18,critical
2026-01-06 19:40:00,5.01,87.3,8.6,critical
2026-01-06 19:41:00,4.99,81.9,8.2,critical
2026-01-06 19:42:00,5.38,81.7,8.25,critical
2026-01-06 19:43:00,5.07,86.2,7.99,critical
2026-01-06 19:44:00,5.35,84.1,7.96,critical
2026-01-06 19:45:00,5.21,79.7,8.05,critical
2026-01-06 19:46:00,5.26,80.1,7.55,critical
2026-01-06 19:47:00,4.73,87.8,8.17,critical
2026-01-06 19:48:00,5.09,86.9,8.09,critical
2026-01-06 19:49:00,5.25,84.6,8.08,critical
2026-01-06 19:50:00,5.25,86.5,8.15,critical
2026-01-06 19:51:00,5.1,83.7,7.62,critical
2026-01-06 19:52:00,5.25,81.5,8.35,critical
2026-01-06 19:53:00,5.18,84.8,8.37,critical
2026-01-06 19:54:00,5.01,85.5,8.26,critical
2026-01-06 19:55:00,5.16,82.3,8.35,critical
2026-01-06 19:56:00,5.34,84.9,7.93,critical
2026-01-06 19:57:00,5.09,84.4,8.37,critical
2026-01-06 19:58:00,4.88,83.2,8.1,critical
2026-01-06 19:59:00,5.18,81.3,8.15,critical
2026-01-06 20:00:00,5.14,82.0,8.17,critical
2026-01-06 20:01:00,5.09,85.9,7.98,critical
2026-01-06 20:02:00,5.22,82.6,8.05,critical
2026-01-06 20:03:00,5.26,85.2,8.1,critical
2026-01-06 20:04:00,5.15,81.0,8.55,critical
2026-01-06 20:05:00,5.34,86.3,7.8,critical
2026-01-06 20:06:00,5.08,83.8,7.72,critical
2026-01-06 20:07:00,5.38,88.3,8.72,critical
2026-01-06 20:08:00,5.0,85.0,8.54,critical
2026-01-06 20:09:00,5.15,83.2,7.74,critical
2026-01-06 20:10:00,5.43,84.6,8.02,critical
2026-01-06 20:11:00,5.26,85.1,8.25,critical
2026-01-06 20:12:00,5.16,88.7,8.17,critical
2026-01-06 20:13:00,5.53,86.1,8.29,critical
2026-01-06 20:14:00,5.18,87.1,8.24,critical
2026-01-06 20:15:00,5.02,82.3,8.31,critical
2026-01-06 20:16:00,5.03,84.6,8.47,critical
2026-01-06 20:17:00,5.27,82.9,8.56,critical
2026-01-06 20:18:00,5.32,87.3,7.64,critical
2026-01-06 20:19:00,5.28,86.8,8.63,critical
2026-01-06 20:20:00,4.92,87.8,8.62,critical
2026-01-06 20:21:00,4.81,85.9,8.37,critical
2026-01-06 20:22:00,5.15,83.5,8.38,critical
2026-01-06 20:23:00,5.09,84.2,8.42,critical
2026-01-06 20:24:00,5.56,86.1,8.25,critical
2026-01-06 20:25:00,5.11,82.2,8.49,critical
2026-01-06 20:26:00,5.18,87.7,8.13,critical
2026-01-06 20:27:00,5.08,85.8,8.19,critical
2026-01-06 20:28:00,4.97,89.3,8.06,critical
2026-01-06 20:29:00,5.4,86.9,7.9,critical
2026-01-06 20:30:00,5.01,84.0,8.0,critical
2026-01-06 20:31:00,5.56,84.3,8.44,critical
2026-01-06 20:32:00,5.32,85.5,8.23,critical
2026-01-06 20:33:00,5.46,82.8,8.65,critical
2026-01-06 20:34:00,4.96,86.8,7.87,critical
2026-01-06 20:35:00,5.15,85.1,8.1,critical
2026-01-06 20:36:00,5.18,81.4,7.97,critical
2026-01-06 20:37:00,5.32,84.9,8.05,critical
2026-01-06 20:38:00,5.48,81.8,8.13,critical
2026-01-06 20:39:00,5.12,86.4,8.23,critical
2026-01-06 20:40:00,5.2,80.3,8.44,critical
2026-01-06 20:41:00,5.18,85.2,8.03,critical
2026-01-06 20:42:00,5.04,88.6,7.78,critical
2026-01-06 20:43:00,5.01,88.6,8.38,critical
2026-01-06 20:44:00,5.16,88.0,8.33,critical
2026-01-06 20:45:00,5.27,85.5,8.34,critical
2026-01-06 20:46:00,5.32,90.4,8.17,critical
2026-01-06 20:47:00,5.19,81.8,8.21,critical
2026-01-06 20:48:00,5.6,87.4,8.09,critical
2026-01-06 20:49:00,5.23,81.7,7.98,critical
2026-01-06 20:50:00,5.26,83.7,7.96,critical
2026-01-06 20:51:00,5.32,84.7,7.83,critical
2026-01-06 20:52:00,4.81,83.5,7.83,critical
2026-01-06 20:53:00,4.85,87.8,8.2,critical
2026-01-06 20:54:00,5.17,84.5,7.94,critical
2026-01-06 20:55:00,5.31,84.6,8.04,critical
2026-01-06 20:56:00,5.11,81.9,8.13,critical
2026-01-06 20:57:00,5.18,83.9,8.24,critical
2026-01-06 20:58:00,5.21,85.6,8.47,critical
2026-01-06 20:59:00,5.35,87.4,8.02,critical
2026-01-06 21:00:00,5.13,86.6,8.4,critical
2026-01-06 21:01:00,5.1,86.5,8.0,critical
2026-01-06 21:02:00,5.33,84.9,7.89,critical
2026-01-06 21:03:00,5.15,90.5,8.28,critical
2026-01-06 21:04:00,5.69,81.4,8.42,critical
2026-01-06 21:05:00,4.73,85.0,8.39,critical
2026-01-06 21:06:00,5.4,83.0,8.49,critical
2026-01-06 21:07:00,5.13,84.6,8.13,critical
2026-01-06 21:08:00,5.01,89.0,8.25,critical
2026-01-06 21:09:00,5.45,87.7,7.99,critical
2026-01-06 21:10:00,5.48,86.3,7.98,critical
2026-01-06 21:11:00,5.33,82.5,8.64,critical
2026-01-06 21:12:00,5.4,84.9,8.55,critical
2026-01-06 21:13:00,4.92,83.2,8.17,critical
2026-01-06 21:14:00,5.68,82.4,7.81,critical
2026-01-06 21:15:00,4.95,87.4,8.09,critical
2026-01-06 21:16:00,5.21,87.0,8.2,critical
2026-01-06 21:17:00,5.28,86.4,8.13,critical
2026-01-06 21:18:00,5.21,85.7,8.46,critical
2026-01-06 21:19:00,5.08,77.6,8.41,critical
2026-01-06 21:20:00,5.43,85.6,8.31,critical
2026-01-06 21:21:00,5.13,86.4,8.45,critical
2026-01-06 21:22:00,5.25,91.4,7.85,critical
2026-01-06 21:23:00,5.27,82.2,8.46,critical
2026-01-06 21:24:00,4.93,81.8,8.08,critical
2026-01-06 21:25:00,5.3,83.7,8.1,critical
2026-01-06 21:26:00,5.21,84.6,8.62,critical
2026-01-06 21:27:00,5.38,84.4,8.77,critical
2026-01-06 21:28:00,5.34,82.8,8.31,critical
2026-01-06 21:29:00,5.35,83.5,7.98,critical
2026-01-06 21:30:00,5.26,84.3,8.62,critical
2026-01-06 21:31:00,5.39,83.6,8.35,critical
2026-01-06 21:32:00,5.5,81.7,7.99,critical
2026-01-06 21:33:00,5.24,85.3,8.23,critical
2026-01-06 21:34:00,5.19,84.4,8.34,critical
2026-01-06 21:35:00,5.47,84.0,8.86,critical
2026-01-06 21:36:00,5.64,88.6,8.4,critical
2026-01-06 21:37:00,5.65,84.5,8.04,critical
2026-01-06 21:38:00,5.14,82.7,8.28,critical
2026-01-06 21:39:00,5.31,85.8,8.25,critical
2026-01-06 21:40:00,5.28,89.6,8.41,critical
2026-01-06 21:41:00,5.44,85.7,7.85,critical
2026-01-06 21:42:00,4.89,90.5,8.12,critical
2026-01-06 21:43:00,5.13,85.9,8.39,critical
2026-01-06 21:44:00,5.39,89.7,8.63,critical
2026-01-06 21:45:00,5.09,87.7,8.16,critical
2026-01-06 21:46:00,5.23,82.6,7.83,critical
2026-01-06 21:47:00,5.25,82.9,8.49,critical
2026-01-06 21:48:00,5.2,86.1,8.6,critical
2026-01-06 21:49:00,4.96,83.5,8.3,critical
2026-01-06 21:50:00,5.32,88.1,8.47,critical
2026-01-06 21:51:00,5.28,86.1,8.34,critical
2026-01-06 21:52:00,4.96,84.9,8.32,critical
2026-01-06 21:53:00,5.35,83.0,7.94,critical
2026-01-06 21:54:00,5.21,90.3,8.05,critical
2026-01-06 21:55:00,5.49,89.3,8.27,critical
2026-01-06 21:56:00,5.12,86.6,8.31,critical
2026-01-06 21:57:00,5.09,83.7,8.37,critical
2026-01-06 21:58:00,5.45,84.6,8.24,critical
2026-01-06 21:59:00,5.39,84.9,8.19,critical
2026-01-06 22:00:00,5.11,83.5,8.93,critical
2026-01-06 22:01:00,5.22,88.8,8.68,critical
2026-01-06 22:02:00,5.22,86.3,8.29,critical
2026-01-06 22:03:00,4.94,81.5,8.27,critical
2026-01-06 22:04:00,5.18,90.1,8.2,critical
2026-01-06 22:05:00,5.65,84.2,8.74,critical
2026-01-06 22:06:00,5.36,86.8,8.14,critical
2026-01-06 22:07:00,5.38,89.7,8.23,critical
2026-01-06 22:08:00,5.2,84.8,8.67,critical
2026-01-06 22:09:00,5.44,89.1,8.34,critical
2026-01-06 22:10:00,5.27,86.5,8.53,critical
2026-01-06 22:11:00,5.22,88.9,8.36,critical
2026-01-06 22:12:00,4.79,87.7,7.95,critical
2026-01-06 22:13:00,5.44,87.7,8.35,critical
2026-01-06 22:14:00,5.38,88.2,8.14,critical
2026-01-06 22:15:00,5.43,88.4,8.71,critical
2026-01-06 22:16:00,5.05,86.5,8.03,critical
2026-01-06 22:17:00,5.07,86.4,8.29,critical
2026-01-06 22:18:00,5.5,84.6,8.24,critical
2026-01-06 22:19:00,5.31,83.4,8.09,critical
2026-01-06 22:20:00,5.49,84.1,8.57,critical
2026-01-06 22:21:00,5.39,81.7,8.4,critical
2026-01-06 22:22:00,5.38,86.6,8.24,critical
2026-01-06 22:23:00,5.08,88.9,8.25,critical
2026-01-06 22:24:00,5.1,86.7,8.09,critical
2026-01-06 22:25:00,5.08,84.6,8.11,critical
2026-01-06 22:26:00,5.09,87.6,8.24,critical
2026-01-06 22:27:00,5.52,83.4,7.84,critical
2026-01-06 22:28:00,5.3,90.2,8.41,critical
2026-01-06 22:29:00,5.92,86.4,8.33,critical
2026-01-06 22:30:00,4.84,86.7,8.32,critical
2026-01-06 22:31:00,5.19,85.2,8.26,critical
2026-01-06 22:32:00,5.24,90.8,8.18,critical
2026-01-06 22:33:00,5.31,84.6,8.47,critical
2026-01-06 22:34:00,5.31,84.9,7.8,critical
2026-01-06 22:35:00,5.33,84.8,8.26,critical
2026-01-06 22:36:00,5.04,89.2,8.49,critical
2026-01-06 22:37:00,5.57,88.5,8.43,critical
2026-01-06 22:38:00,5.05,90.2,8.05,critical
2026-01-06 22:39:00,5.23,87.4,8.47,critical
2026-01-06 22:40:00,5.39,84.6,8.13,critical
2026-01-06 22:41:00,5.79,85.6,8.24,critical
2026-01-06 22:42:00,5.14,86.3,8.33,critical
2026-01-06 22:43:00,5.28,86.6,8.72,critical
2026-01-06 22:44:00,5.16,85.8,8.12,critical
2026-01-06 22:45:00,5.34,84.3,8.15,critical
2026-01-06 22:46:00,4.99,85.9,8.39,critical
2026-01-06 22:47:00,5.66,86.9,8.17,critical
2026-01-06 22:48:00,5.01,82.6,7.96,critical
2026-01-06 22:49:00,5.66,86.4,8.14,critical
2026-01-06 22:50:00,5.09,83.6,8.13,critical
2026-01-06 22:51:00,5.55,85.6,7.92,critical
2026-01-06 22:52:00,5.75,82.9,8.14,critical
2026-01-06 22:53:00,5.55,86.8,8.17,critical
2026-01-06 22:54:00,5.04,83.3,8.06,critical
2026-01-06 22:55:00,5.29,86.2,8.25,critical
2026-01-06 22:56:00,5.28,83.1,8.36,critical
2026-01-06 22:57:00,5.55,85.3,8.24,critical
2026-01-06 22:58:00,5.31,88.6,8.07,critical
2026-01-06 22:59:00,5.58,86.8,8.3,critical
2026-01-06 23:00:00,5.53,82.8,8.42,critical
2026-01-06 23:01:00,5.38,83.4,8.41,critical
2026-01-06 23:02:00,5.35,85.3,8.51,critical
2026-01-06 23:03:00,5.18,86.5,8.26,critical
2026-01-06 23:04:00,5.17,87.1,8.24,critical
2026-01-06 23:05:00,5.0,81.3,8.49,critical
2026-01-06 23:06:00,5.05,86.5,8.31,critical
2026-01-06 23:07:00,5.22,90.7,8.34,critical
2026-01-06 23:08:00,5.45,86.5,8.24,critical
2026-01-06 23:09:00,5.29,89.5,8.57,critical
2026-01-06 23:10:00,5.69,86.4,8.08,critical
2026-01-06 23:11:00,5.21,82.9,8.49,critical
2026-01-06 23:12:00,5.18,78.2,8.91,critical
2026-01-06 23:13:00,5.18,84.4,8.71,critical
2026-01-06 23:14:00,5.06,88.7,8.15,critical
2026-01-06 23:15:00,5.03,90.1,8.53,critical
2026-01-06 23:16:00,5.48,86.8,8.45,critical
2026-01-06 23:17:00,5.05,86.2,8.07,critical
2026-01-06 23:18:00,5.02,86.9,8.59,critical
2026-01-06 23:19:00,5.22,85.4,8.02,critical
2026-01-06 23:20:00,5.3,87.8,8.5,critical
2026-01-06 23:21:00,5.41,84.4,8.14,critical
2026-01-06 23:22:00,5.46,87.9,8.26,critical
2026-01-06 23:23:00,5.22,88.8,8.21,critical
2026-01-06 23:24:00,5.45,85.6,8.04,critical
2026-01-06 23:25:00,5.63,86.2,8.13,critical
2026-01-06 23:26:00,5.03,82.7,8.21,critical
2026-01-06 23:27:00,5.69,84.5,8.67,critical
2026-01-06 23:28:00,5.28,83.0,8.19,critical
2026-01-06 23:29:00,5.05,83.8,8.08,critical
2026-01-06 23:30:00,4.92,89.8,8.36,critical
2026-01-06 23:31:00,5.17,86.5,8.1,critical
2026-01-06 23:32:00,4.77,93.4,8.35,critical
2026-01-06 23:33:00,5.19,81.2,7.93,critical
2026-01-06 23:34:00,5.64,89.8,8.5,critical
2026-01-06 23:35:00,5.08,89.8,8.42,critical
2026-01-06 23:36:00,5.44,87.1,7.93,critical
2026-01-06 23:37:00,5.07,84.7,8.47,critical
2026-01-06 23:38:00,5.03,85.6,8.27,critical
2026-01-06 23:39:00,5.47,87.7,8.06,critical
2026-01-06 23:40:00,5.6,83.1,8.58,critical
2026-01-06 23:41:00,5.2,86.5,8.37,critical
2026-01-06 23:42:00,5.35,87.7,8.41,critical
2026-01-06 23:43:00,5.47,87.2,8.0,critical
2026-01-06 23:44:00,5.37,84.7,8.04,critical
2026-01-06 23:45:00,5.25,86.5,8.38,critical
2026-01-06 23:46:00,5.52,89.3,8.4,critical
2026-01-06 23:47:00,5.42,86.3,8.51,critical
2026-01-06 23:48:00,5.41,86.0,8.85,critical
2026-01-06 23:49:00,5.21,89.7,7.98,critical
2026-01-06 23:50:00,5.48,89.7,7.84,critical
2026-01-06 23:51:00,5.34,87.9,8.38,critical
2026-01-06 23:52:00,5.39,86.5,8.04,critical
2026-01-06 23:53:00,5.79,84.9,8.43,critical
2026-01-06 23:54:00,5.19,80.4,8.09,critical
2026-01-06 23:55:00,5.03,88.9,8.17,critical
2026-01-06 23:56:00,5.22,83.5,8.34,critical
2026-01-06 23:57:00,5.18,88.6,8.39,critical
2026-01-06 23:58:00,5.21,88.3,8.32,critical
2026-01-06 23:59:00,5.32,82.5,8.3,critical
2026-01-07 00:00:00,5.38,89.5,8.13,critical
2026-01-07 00:01:00,5.78,87.6,7.94,critical
2026-01-07 00:02:00,5.15,89.7,8.63,critical
2026-01-07 00:03:00,5.33,86.6,8.03,critical
2026-01-07 00:04:00,5.59,83.7,8.53,critical
2026-01-07 00:05:00,5.59,86.3,8.56,critical
2026-01-07 00:06:00,5.69,86.9,8.28,critical
2026-01-07 00:07:00,5.31,84.4,8.13,critical
2026-01-07 00:08:00,5.41,85.8,8.41,critical
2026-01-07 00:09:00,5.03,86.0,8.58,critical
2026-01-07 00:10:00,5.1,86.3,7.86,critical
2026-01-07 00:11:00,5.06,88.3,8.25,critical
2026-01-07 00:12:00,5.69,87.3,8.46,critical
2026-01-07 00:13:00,5.11,85.3,8.14,critical
2026-01-07 00:14:00,5.11,87.9,8.54,critical
2026-01-07 00:15:00,5.41,84.2,8.41,critical
2026-01-07 00:16:00,4.95,89.6,8.0,critical
2026-01-07 00:17:00,5.1,86.6,8.38,critical
2026-01-07 00:18:00,5.31,83.5,8.61,critical
2026-01-07 00:19:00,4.99,82.6,8.3,critical
2026-01-07 00:20:00,5.08,89.4,8.04,critical
2026-01-07 00:21:00,5.64,88.9,8.64,critical
2026-01-07 00:22:00,5.71,86.5,8.08,critical
2026-01-07 00:23:00,5.31,84.9,8.15,critical
2026-01-07 00:24:00,5.36,85.5,8.14,critical
2026-01-07 00:25:00,5.28,87.7,8.57,critical
2026-01-07 00:26:00,5.01,85.6,8.3,critical
2026-01-07 00:27:00,5.1,86.0,8.37,critical
2026-01-07 00:28:00,5.44,86.5,8.11,critical
2026-01-07 00:29:00,5.74,88.4,8.47,critical
2026-01-07 00:30:00,5.54,87.0,8.66,critical
2026-01-07 00:31:00,5.35,86.4,8.49,critical
2026-01-07 00:32:00,5.65,90.2,8.48,critical
2026-01-07 00:33:00,5.44,88.1,8.58,critical
2026-01-07 00:34:00,5.6,85.8,8.67,critical
2026-01-07 00:35:00,5.41,88.0,8.68,critical
2026-01-07 00:36:00,5.49,88.7,8.24,critical
2026-01-07 00:37:00,5.64,88.1,8.37,critical
2026-01-07 00:38:00,5.56,92.9,8.05,critical
2026-01-07 00:39:00,5.18,93.1,8.45,critical
2026-01-07 00:40:00,5.38,86.1,8.64,critical
2026-01-07 00:41:00,5.86,84.8,8.32,critical
2026-01-07 00:42:00,5.27,88.3,8.65,critical
2026-01-07 00:43:00,5.67,88.4,8.97,critical
2026-01-07 00:44:00,5.23,84.4,8.71,critical
2026-01-07 00:45:00,5.37,83.0,8.26,critical
2026-01-07 00:46:00,5.39,84.8,8.09,critical
2026-01-07 00:47:00,5.3,83.8,8.5,critical
2026-01-07 00:48:00,4.96,86.7,8.47,critical
2026-01-07 00:49:00,5.33,89.2,8.0,critical
2026-01-07 00:50:00,5.21,85.7,8.52,critical
2026-01-07 00:51:00,5.39,91.9,8.14,critical
2026-01-07 00:52:00,5.07,91.0,7.99,critical
2026-01-07 00:53:00,5.48,84.1,7.83,critical
2026-01-07 00:54:00,5.27,88.8,8.04,critical
2026-01-07 00:55:00,5.46,88.4,8.03,critical
2026-01-07 00:56:00,5.3,90.5,8.51,critical
2026-01-07 00:57:00,5.3,87.6,8.18,critical
2026-01-07 00:58:00,5.57,89.3,8.38,critical
2026-01-07 00:59:00,5.4,84.1,8.01,critical
2026-01-07 01:00:00,5.28,86.3,8.62,critical
2026-01-07 01:01:00,5.54,87.0,8.65,critical
2026-01-07 01:02:00,5.16,89.3,8.15,critical
2026-01-07 01:03:00,5.6,86.5,7.85,critical
2026-01-07 01:04:00,5.5,88.6,8.24,critical
2026-01-07 01:05:00,5.28,86.2,7.87,critical
2026-01-07 01:06:00,4.88,89.8,8.15,critical
2026-01-07 01:07:00,5.72,90.0,8.75,critical
2026-01-07 01:08:00,5.22,82.6,8.08,critical
2026-01-07 01:09:00,5.27,80.7,8.24,critical
2026-01-07 01:10:00,5.32,83.4,8.1,critical
2026-01-07 01:11:00,5.31,87.5,8.13,critical
2026-01-07 01:12:00,5.41,87.0,8.37,critical
2026-01-07 01:13:00,5.23,83.3,8.78,critical
2026-01-07 01:14:00,5.48,89.2,8.34,critical
2026-01-07 01:15:00,5.33,87.9,7.9,critical
2026-01-07 01:16:00,5.14,84.7,8.24,critical
2026-01-07 01:17:00,5.18,87.5,8.38,critical
2026-01-07 01:18:00,5.64,92.9,8.04,critical
2026-01-07 01:19:00,5.39,87.0,8.36,critical
2026-01-07 01:20:00,5.14,84.4,8.42,critical
2026-01-07 01:21:00,5.17,87.1,8.3,critical
2026-01-07 01:22:00,5.39,84.3,8.4,critical
2026-01-07 01:23:00,5.19,87.1,8.7,critical
2026-01-07 01:24:00,5.41,87.5,8.57,critical
2026-01-07 01:25:00,5.08,91.0,8.1,critical
2026-01-07 01:26:00,5.54,88.6,8.14,critical
2026-01-07 01:27:00,5.57,88.0,8.84,critical
2026-01-07 01:28:00,5.4,86.5,8.24,critical
2026-01-07 01:29:00,5.02,85.9,8.3,critical
2026-01-07 01:30:00,5.42,83.2,8.31,critical
2026-01-07 01:31:00,5.48,88.4,7.9,critical
2026-01-07 01:32:00,5.51,86.1,8.32,critical
2026-01-07 01:33:00,4.89,90.5,8.41,critical
2026-01-07 01:34:00,5.06,87.7,8.45,critical
2026-01-07 01:35:00,5.61,86.0,8.37,critical
2026-01-07 01:36:00,5.24,88.3,8.17,critical
2026-01-07 01:37:00,5.19,86.6,8.06,critical
2026-01-07 01:38:00,5.69,91.6,8.26,critical
2026-01-07 01:39:00,5.09,87.7,8.25,critical
2026-01-07 01:40:00,5.61,84.8,8.51,critical
2026-01-07 01:41:00,5.39,85.1,8.43,critical
2026-01-07 01:42:00,5.55,87.0,8.4,critical
2026-01-07 01:43:00,5.2,89.7,8.63,critical
2026-01-07 01:44:00,5.29,86.5,8.73,critical
2026-01-07 01:45:00,5.15,88.4,8.23,critical
2026-01-07 01:46:00,5.73,87.0,8.69,critical
2026-01-07 01:47:00,5.22,83.7,8.32,critical
2026-01-07 01:48:00,5.43,85.6,8.56,critical
2026-01-07 01:49:00,5.33,81.7,8.51,critical
2026-01-07 01:50:00,5.2,86.0,8.76,critical
2026-01-07 01:51:00,5.73,85.4,8.52,critical
2026-01-07 01:52:00,5.27,86.2,8.22,critical
2026-01-07 01:53:00,5.03,87.1,8.45,critical
2026-01-07 01:54:00,5.24,89.6,8.27,critical
2026-01-07 01:55:00,5.25,88.2,7.99,critical
2026-01-07 01:56:00,5.56,85.9,8.63,critical
2026-01-07 01:57:00,5.64,88.5,8.18,critical
2026-01-07 01:58:00,5.13,83.3,8.66,critical
2026-01-07 01:59:00,5.35,85.4,8.35,critical
2026-01-07 02:00:00,5.6,88.9,8.49,critical
2026-01-07 02:01:00,5.51,87.4,8.46,critical
2026-01-07 02:02:00,5.43,87.0,8.57,critical
2026-01-07 02:03:00,5.45,84.8,8.51,critical
2026-01-07 02:04:00,5.43,88.5,8.36,critical
2026-01-07 02:05:00,5.55,86.8,8.56,critical
2026-01-07 02:06:00,5.29,86.0,8.53,critical
2026-01-07 02:07:00,5.32,92.5,8.53,critical
2026-01-07 02:08:00,5.39,89.0,8.26,critical
2026-01-07 02:09:00,5.57,89.2,8.7,critical
2026-01-07 02:10:00,5.3,84.0,8.23,critical
2026-01-07 02:11:00,5.33,91.2,8.93,critical
2026-01-07 02:12:00,5.46,87.0,8.3,critical
2026-01-07 02:13:00,5.55,92.5,8.83,critical
2026-01-07 02:14:00,5.62,89.8,8.6,critical
2026-01-07 02:15:00,5.38,85.2,8.38,critical
2026-01-07 02:16:00,5.47,83.4,8.35,critical
2026-01-07 02:17:00,5.22,89.6,8.25,critical
2026-01-07 02:18:00,5.46,85.3,8.79,critical
2026-01-07 02:19:00,5.05,88.3,8.07,critical
2026-01-07 02:20:00,5.29,87.6,8.45,critical
2026-01-07 02:21:00,5.44,87.5,8.23,critical
2026-01-07 02:22:00,5.36,87.2,8.44,critical
2026-01-07 02:23:00,5.38,88.9,8.42,critical
2026-01-07 02:24:00,5.43,86.1,8.13,critical
2026-01-07 02:25:00,5.42,90.1,8.5,critical
2026-01-07 02:26:00,5.23,89.2,8.31,critical
2026-01-07 02:27:00,5.54,86.2,8.48,critical
2026-01-07 02:28:00,5.29,85.9,8.0,critical
2026-01-07 02:29:00,5.5,88.1,8.5,critical
2026-01-07 02:30:00,5.45,85.2,8.64,critical
2026-01-07 02:31:00,5.59,85.2,8.53,critical
2026-01-07 02:32:00,5.57,86.0,8.32,critical
2026-01-07 02:33:00,5.5,83.4,8.12,critical
2026-01-07 02:34:00,5.2,82.7,8.67,critical
2026-01-07 02:35:00,5.0,88.0,8.6,critical
2026-01-07 02:36:00,5.34,85.5,8.46,critical
2026-01-07 02:37:00,5.4,89.7,7.74,critical
2026-01-07 02:38:00,5.22,88.6,8.41,critical
2026-01-07 02:39:00,5.55,87.9,8.37,critical
2026-01-07 02:40:00,5.34,93.0,8.78,critical
2026-01-07 02:41:00,5.5,87.4,8.54,critical
2026-01-07 02:42:00,5.57,88.3,8.21,critical
2026-01-07 02:43:00,5.76,87.8,8.91,critical
2026-01-07 02:44:00,5.44,86.6,8.75,critical
2026-01-07 02:45:00,5.46,87.6,8.1,critical
2026-01-07 02:46:00,5.54,86.0,8.29,critical
2026-01-07 02:47:00,5.31,88.3,8.02,critical
2026-01-07 02:48:00,5.36,89.7,8.09,critical
2026-01-07 02:49:00,5.44,85.7,8.3,critical
2026-01-07 02:50:00,5.74,83.1,8.6,critical
2026-01-07 02:51:00,5.31,86.0,8.13,critical
2026-01-07 02:52:00,5.56,86.8,8.33,critical
2026-01-07 02:53:00,5.43,86.9,7.91,critical
2026-01-07 02:54:00,5.31,89.5,8.03,critical
2026-01-07 02:55:00,5.19,86.2,8.23,critical
2026-01-07 02:56:00,5.4,84.6,8.31,critical
2026-01-07 02:57:00,5.4,88.9,8.72,critical
2026-01-07 02:58:00,5.36,92.0,8.36,critical
2026-01-07 02:59:00,5.58,92.2,8.44,critical
2026-01-07 03:00:00,5.14,87.6,8.26,critical
2026-01-07 03:01:00,5.36,92.3,8.11,critical
2026-01-07 03:02:00,5.47,85.2,8.33,critical
2026-01-07 03:03:00,5.56,88.2,8.36,critical
2026-01-07 03:04:00,5.28,88.2,8.84,critical
2026-01-07 03:05:00,5.23,92.1,8.71,critical
2026-01-07 03:06:00,5.69,88.1,8.71,critical
2026-01-07 03:07:00,5.21,85.7,8.61,critical
2026-01-07 03:08:00,5.47,87.0,7.79,critical
2026-01-07 03:09:00,5.33,84.5,8.54,critical
2026-01-07 03:10:00,5.38,85.8,9.08,critical
2026-01-07 03:11:00,5.62,90.0,8.97,critical
2026-01-07 03:12:00,5.58,85.5,8.19,critical
2026-01-07 03:13:00,5.61,82.3,8.4,critical
2026-01-07 03:14:00,4.98,87.7,8.63,critical
2026-01-07 03:15:00,5.47,89.8,8.91,critical
2026-01-07 03:16:00,5.39,94.5,8.47,critical
2026-01-07 03:17:00,5.61,85.9,8.82,critical
2026-01-07 03:18:00,5.63,91.1,8.43,critical
2026-01-07 03:19:00,5.17,88.6,8.0,critical
2026-01-07 03:20:00,5.35,87.9,9.01,critical
2026-01-07 03:21:00,5.48,87.8,8.41,critical
2026-01-07 03:22:00,5.15,87.7,8.45,critical
2026-01-07 03:23:00,5.23,84.5,8.3,critical
2026-01-07 03:24:00,5.44,86.3,8.16,critical
2026-01-07 03:25:00,5.48,88.8,8.45,critical
2026-01-07 03:26:00,5.31,89.0,8.38,critical
2026-01-07 03:27:00,5.19,90.1,8.51,critical
2026-01-07 03:28:00,5.4,83.6,8.24,critical
2026-01-07 03:29:00,5.83,83.8,8.36,critical
2026-01-07 03:30:00,5.42,88.3,8.05,critical
2026-01-07 03:31:00,5.46,83.3,8.45,critical
2026-01-07 03:32:00,5.3,85.4,8.64,critical
2026-01-07 03:33:00,5.38,88.7,8.55,critical
2026-01-07 03:34:00,5.68,84.5,8.66,critical
2026-01-07 03:35:00,5.43,86.6,8.14,critical
2026-01-07 03:36:00,5.55,85.3,8.56,critical
2026-01-07 03:37:00,5.81,90.0,8.78,critical
2026-01-07 03:38:00,5.29,89.5,8.14,critical
2026-01-07 03:39:00,5.38,91.9,8.28,critical
2026-01-07 03:40:00,5.65,90.1,8.7,critical
2026-01-07 03:41:00,5.18,88.9,8.39,critical
2026-01-07 03:42:00,5.65,83.5,8.52,critical
2026-01-07 03:43:00,5.48,82.6,8.21,critical
2026-01-07 03:44:00,5.07,85.8,8.57,critical
2026-01-07 03:45:00,5.47,88.1,8.17,critical
2026-01-07 03:46:00,5.66,87.6,8.44,critical
2026-01-07 03:47:00,5.62,85.2,8.49,critical
2026-01-07 03:48:00,5.52,86.3,8.6,critical
2026-01-07 03:49:00,5.53,87.4,8.4,critical
2026-01-07 03:50:00,5.54,89.6,8.45,critical
2026-01-07 03:51:00,5.66,89.3,7.99,critical
2026-01-07 03:52:00,5.16,90.6,8.37,critical
2026-01-07 03:53:00,5.47,90.5,8.44,critical
2026-01-07 03:54:00,5.44,85.5,8.53,critical
2026-01-07 03:55:00,5.56,86.2,8.21,critical
2026-01-07 03:56:00,5.96,87.5,8.27,critical
2026-01-07 03:57:00,5.58,87.6,8.17,critical
2026-01-07 03:58:00,5.54,85.6,8.83,critical
2026-01-07 03:59:00,5.54,87.0,8.47,critical
2026-01-07 04:00:00,5.62,88.2,8.97,critical
2026-01-07 04:01:00,5.67,89.0,8.21,critical
2026-01-07 04:02:00,5.41,88.9,8.24,critical
2026-01-07 04:03:00,5.7,85.3,8.28,critical
2026-01-07 04:04:00,5.33,89.6,8.24,critical
2026-01-07 04:05:00,5.08,90.5,8.33,critical
2026-01-07 04:06:00,5.23,85.9,8.87,critical
2026-01-07 04:07:00,5.31,87.5,8.33,critical
2026-01-07 04:08:00,5.2,85.9,8.12,critical
2026-01-07 04:09:00,5.64,88.0,9.07,critical
2026-01-07 04:10:00,5.3,85.6,8.83,critical
2026-01-07 04:11:00,5.66,88.8,8.17,critical
2026-01-07 04:12:00,5.8,87.6,8.34,critical
2026-01-07 04:13:00,5.68,87.8,8.16,critical
2026-01-07 04:14:00,5.46,85.9,7.7,critical
2026-01-07 04:15:00,5.27,86.5,8.16,critical
2026-01-07 04:16:00,5.56,85.9,8.57,critical
2026-01-07 04:17:00,5.2,90.1,8.13,critical
2026-01-07 04:18:00,4.98,90.9,8.24,critical
2026-01-07 04:19:00,5.8,89.3,8.65,critical
2026-01-07 04:20:00,5.66,88.1,8.48,critical
2026-01-07 04:21:00,5.71,88.1,8.27,critical
2026-01-07 04:22:00,5.57,82.6,8.78,critical
2026-01-07 04:23:00,5.72,90.9,8.74,critical
2026-01-07 04:24:00,5.44,87.6,8.15,critical
2026-01-07 04:25:00,5.8,86.7,8.54,critical
2026-01-07 04:26:00,5.5,84.5,8.02,critical
2026-01-07 04:27:00,5.46,86.8,8.43,critical
2026-01-07 04:28:00,5.67,88.5,8.64,critical
2026-01-07 04:29:00,5.54,87.1,8.2,critical
2026-01-07 04:30:00,5.51,88.1,8.68,critical
2026-01-07 04:31:00,5.43,87.2,8.4,critical
2026-01-07 04:32:00,5.27,91.6,8.74,critical
2026-01-07 04:33:00,5.21,90.0,8.0,critical
2026-01-07 04:34:00,5.65,86.2,8.55,critical
2026-01-07 04:35:00,5.07,85.0,8.58,critical
2026-01-07 04:36:00,5.32,85.9,8.81,critical
2026-01-07 04:37:00,5.9,90.3,8.19,critical
2026-01-07 04:38:00,5.81,84.1,8.38,critical
2026-01-07 04:39:00,5.47,92.8,8.69,critical
2026-01-07 04:40:00,5.37,85.6,8.71,critical
2026-01-07 04:41:00,5.35,88.5,8.12,critical
2026-01-07 04:42:00,5.58,89.2,8.15,critical
2026-01-07 04:43:00,5.67,89.4,8.65,critical
2026-01-07 04:44:00,5.39,88.5,8.48,critical
2026-01-07 04:45:00,5.43,88.4,8.78,critical
2026-01-07 04:46:00,5.68,85.1,8.71,critical
2026-01-07 04:47:00,5.7,87.7,8.59,critical
2026-01-07 04:48:00,5.56,85.9,8.37,critical
2026-01-07 04:49:00,5.62,86.8,8.71,critical
2026-01-07 04:50:00,5.73,90.9,8.96,critical
2026-01-07 04:51:00,5.45,88.5,8.55,critical
2026-01-07 04:52:00,5.45,89.4,8.04,critical
2026-01-07 04:53:00,5.51,84.6,8.23,critical
2026-01-07 04:54:00,5.61,87.6,8.64,critical
2026-01-07 04:55:00,5.42,90.8,8.41,critical
2026-01-07 04:56:00,5.08,88.7,7.93,critical
2026-01-07 04:57:00,5.18,85.9,8.22,critical
2026-01-07 04:58:00,5.36,85.5,8.12,critical
2026-01-07 04:59:00,5.78,86.4,7.91,critical
2026-01-07 05:00:00,5.4,85.3,8.25,critical
2026-01-07 05:01:00,5.61,87.0,8.18,critical
2026-01-07 05:02:00,5.56,91.0,8.61,critical
2026-01-07 05:03:00,4.98,85.3,8.48,critical
2026-01-07 05:04:00,5.42,87.3,8.23,critical
2026-01-07 05:05:00,5.19,93.2,8.48,critical
2026-01-07 05:06:00,5.6,88.2,8.49,critical
2026-01-07 05:07:00,5.46,85.4,8.1,critical
2026-01-07 05:08:00,5.55,88.6,8.71,critical
2026-01-07 05:09:00,5.62,86.2,8.76,critical
2026-01-07 05:10:00,5.63,89.9,9.04,critical
2026-01-07 05:11:00,5.88,89.9,8.62,critical
2026-01-07 05:12:00,5.69,86.7,8.33,critical
2026-01-07 05:13:00,5.61,86.1,8.63,critical
2026-01-07 05:14:00,5.51,86.1,8.48,critical
2026-01-07 05:15:00,5.74,88.4,8.5,critical
2026-01-07 05:16:00,5.54,89.4,8.4,critical
2026-01-07 05:17:00,5.55,85.6,8.28,critical
2026-01-07 05:18:00,5.35,89.4,8.52,critical
2026-01-07 05:19:00,5.45,90.0,8.57,critical
2026-01-07 05:20:00,5.42,85.7,8.28,critical
2026-01-07 05:21:00,5.19,88.6,8.27,critical
2026-01-07 05:22:00,5.38,87.9,8.74,critical
2026-01-07 05:23:00,5.67,88.1,8.8,critical
2026-01-07 05:24:00,5.08,93.0,8.66,critical
2026-01-07 05:25:00,5.5,86.0,8.37,critical
2026-01-07 05:26:00,5.61,89.9,8.65,critical
2026-01-07 05:27:00,5.34,86.0,8.53,critical
2026-01-07 05:28:00,5.64,88.3,8.85,critical
2026-01-07 05:29:00,5.49,88.3,8.65,critical
2026-01-07 05:30:00,5.73,84.9,8.21,critical
2026-01-07 05:31:00,5.42,96.2,8.42,critical
2026-01-07 05:32:00,5.46,89.9,8.73,critical
2026-01-07 05:33:00,5.52,91.2,8.19,critical
2026-01-07 05:34:00,5.33,91.2,8.49,critical
2026-01-07 05:35:00,5.24,85.0,8.29,critical
2026-01-07 05:36:00,5.49,89.5,8.41,critical
2026-01-07 05:37:00,5.57,87.3,8.79,critical
2026-01-07 05:38:00,6.0,87.4,8.61,critical
2026-01-07 05:39:00,5.57,88.7,8.65,critical
2026-01-07 05:40:00,5.59,87.2,8.82,critical
2026-01-07 05:41:00,5.53,87.4,9.1,critical
2026-01-07 05:42:00,5.47,89.0,8.54,critical
2026-01-07 05:43:00,5.47,89.5,8.28,critical
2026-01-07 05:44:00,5.61,84.0,8.17,critical
2026-01-07 05:45:00,5.86,85.3,8.0,critical
2026-01-07 05:46:00,5.25,92.8,8.05,critical
2026-01-07 05:47:00,5.3,84.8,8.43,critical
2026-01-07 05:48:00,5.41,87.2,8.96,critical
2026-01-07 05:49:00,5.26,88.2,8.58,critical
2026-01-07 05:50:00,5.3,89.7,8.4,critical
2026-01-07 05:51:00,5.57,88.2,7.98,critical
2026-01-07 05:52:00,5.76,93.6,8.45,critical
2026-01-07 05:53:00,5.32,92.2,8.97,critical
2026-01-07 05:54:00,5.46,87.9,8.48,critical
2026-01-07 05:55:00,5.16,87.7,8.93,critical
2026-01-07 05:56:00,5.46,85.9,8.62,critical
2026-01-07 05:57:00,5.37,88.3,8.18,critical
2026-01-07 05:58:00,5.29,90.3,8.53,critical
2026-01-07 05:59:00,5.34,88.8,8.35,critical
2026-01-07 06:00:00,5.34,91.4,8.7,critical
2026-01-07 06:01:00,5.5,88.9,8.5,critical
2026-01-07 06:02:00,5.6,86.5,8.72,critical
2026-01-07 06:03:00,5.57,87.9,8.38,critical
2026-01-07 06:04:00,5.67,88.2,8.33,critical
2026-01-07 06:05:00,5.43,90.5,8.1,critical
2026-01-07 06:06:00,5.43,91.2,8.46,critical
2026-01-07 06:07:00,5.56,91.3,8.73,critical
2026-01-07 06:08:00,5.42,88.2,8.73,critical
2026-01-07 06:09:00,5.69,88.3,8.49,critical
2026-01-07 06:10:00,5.56,92.0,8.77,critical
2026-01-07 06:11:00,5.64,85.9,8.44,critical
2026-01-07 06:12:00,5.46,92.1,8.45,critical
2026-01-07 06:13:00,5.76,87.2,8.38,critical
2026-01-07 06:14:00,5.6,92.5,8.45,critical
2026-01-07 06:15:00,5.0,84.7,8.58,critical
2026-01-07 06:16:00,5.21,86.4,8.51,critical
2026-01-07 06:17:00,5.02,87.7,8.22,critical
2026-01-07 06:18:00,5.21,86.6,8.24,critical
2026-01-07 06:19:00,5.6,91.6,8.42,critical
2026-01-07 06:20:00,5.39,87.6,8.23,critical
2026-01-07 06:21:00,5.25,84.5,8.18,critical
2026-01-07 06:22:00,5.84,86.9,7.78,critical
2026-01-07 06:23:00,5.39,84.7,8.53,critical
2026-01-07 06:24:00,5.5,88.8,8.5,critical
2026-01-07 06:25:00,5.44,85.0,8.49,critical
2026-01-07 06:26:00,5.72,93.2,8.45,critical
2026-01-07 06:27:00,5.49,89.9,8.89,critical
2026-01-07 06:28:00,5.42,90.4,8.31,critical
2026-01-07 06:29:00,5.58,91.1,8.19,critical
2026-01-07 06:30:00,5.41,91.1,8.67,critical
2026-01-07 06:31:00,5.72,90.8,8.43,critical
2026-01-07 06:32:00,5.96,89.1,7.75,critical
2026-01-07 06:33:00,5.46,87.5,8.72,critical
2026-01-07 06:34:00,5.43,91.5,8.66,critical
2026-01-07 06:35:00,5.32,88.4,8.32,critical
2026-01-07 06:36:00,5.56,86.8,8.54,critical
2026-01-07 06:37:00,5.46,88.4,9.03,critical
2026-01-07 06:38:00,5.45,83.9,8.77,critical
2026-01-07 06:39:00,5.72,83.8,8.34,critical
2026-01-07 06:40:00,5.61,90.1,8.52,critical
2026-01-07 06:41:00,5.52,86.4,7.92,critical
2026-01-07 06:42:00,5.93,86.4,8.57,critical
2026-01-07 06:43:00,5.49,91.0,8.55,critical
2026-01-07 06:44:00,5.55,82.2,8.31,critical
2026-01-07 06:45:00,5.67,90.4,8.29,critical
2026-01-07 06:46:00,5.21,89.1,7.8,critical
2026-01-07 06:47:00,5.29,93.2,8.89,critical
2026-01-07 06:48:00,5.62,89.6,8.04,critical
2026-01-07 06:49:00,5.38,88.1,8.35,critical
2026-01-07 06:50:00,5.46,92.1,8.39,critical
2026-01-07 06:51:00,5.46,90.7,8.17,critical
2026-01-07 06:52:00,5.36,87.0,8.54,critical
2026-01-07 06:53:00,5.46,88.1,8.36,critical
2026-01-07 06:54:00,5.31,90.4,8.44,critical
2026-01-07 06:55:00,5.65,86.1,8.36,critical
2026-01-07 06:56:00,5.48,88.6,8.72,critical
2026-01-07 06:57:00,5.44,90.7,8.62,critical
2026-01-07 06:58:00,5.51,86.5,8.72,critical
2026-01-07 06:59:00,5.34,88.8,8.52,critical
2026-01-07 07:00:00,5.49,87.9,8.32,critical
2026-01-07 07:01:00,5.21,92.4,8.41,critical
2026-01-07 07:02:00,5.51,88.6,8.81,critical
2026-01-07 07:03:00,5.92,89.3,8.49,critical
2026-01-07 07:04:00,5.31,85.3,8.09,critical
2026-01-07 07:05:00,5.37,83.7,8.8,critical
2026-01-07 07:06:00,5.62,88.3,8.81,critical
2026-01-07 07:07:00,5.32,86.9,8.05,critical
2026-01-07 07:08:00,5.69,86.9,8.54,critical
2026-01-07 07:09:00,5.74,92.4,8.53,critical
2026-01-07 07:10:00,5.61,86.7,8.96,critical
2026-01-07 07:11:00,5.5,89.2,8.43,critical
2026-01-07 07:12:00,5.78,89.5,8.73,critical
2026-01-07 07:13:00,5.61,88.4,8.77,critical
2026-01-07 07:14:00,5.61,86.6,8.29,critical
2026-01-07 07:15:00,5.57,91.3,8.95,critical
2026-01-07 07:16:00,5.18,89.1,8.66,critical
2026-01-07 07:17:00,5.6,91.5,8.7,critical
2026-01-07 07:18:00,5.34,86.5,8.62,critical
2026-01-07 07:19:00,5.74,89.4,8.15,critical
2026-01-07 07:20:00,5.33,90.8,8.45,critical
2026-01-07 07:21:00,5.56,91.7,8.24,critical
2026-01-07 07:22:00,5.46,87.7,8.63,critical
2026-01-07 07:23:00,5.7,85.3,8.54,critical
2026-01-07 07:24:00,5.72,84.4,8.53,critical
2026-01-07 07:25:00,5.3,87.5,7.92,critical
2026-01-07 07:26:00,5.82,88.2,8.34,critical
2026-01-07 07:27:00,5.61,86.5,8.26,critical
2026-01-07 07:28:00,5.85,93.6,8.4,critical
2026-01-07 07:29:00,5.76,90.0,8.19,critical
2026-01-07 07:30:00,5.36,93.0,8.19,critical
2026-01-07 07:31:00,6.0,87.7,8.94,critical
2026-01-07 07:32:00,5.49,91.1,8.9,critical
2026-01-07 07:33:00,5.82,87.6,8.33,critical
2026-01-07 07:34:00,5.53,85.9,8.61,critical
2026-01-07 07:35:00,5.38,91.8,8.41,critical
2026-01-07 07:36:00,5.2,92.6,8.59,critical
2026-01-07 07:37:00,5.55,91.9,8.77,critical
2026-01-07 07:38:00,5.4,88.0,8.27,critical
2026-01-07 07:39:00,5.26,90.6,8.65,critical
2026-01-07 07:40:00,5.7,92.4,8.74,critical
2026-01-07 07:41:00,5.72,84.0,8.47,critical
2026-01-07 07:42:00,5.74,86.2,8.57,critical
2026-01-07 07:43:00,5.66,90.3,8.64,critical
2026-01-07 07:44:00,5.67,89.6,8.19,critical
2026-01-07 07:45:00,5.65,89.9,8.19,critical
2026-01-07 07:46:00,5.83,90.5,8.21,critical
2026-01-07 07:47:00,5.39,87.8,8.41,critical
2026-01-07 07:48:00,5.61,86.8,8.84,critical
2026-01-07 07:49:00,5.76,90.8,8.57,critical
2026-01-07 07:50:00,5.74,88.5,8.37,critical
2026-01-07 07:51:00,5.79,90.0,8.38,critical
2026-01-07 07:52:00,5.47,87.4,9.06,critical
2026-01-07 07:53:00,5.56,89.6,8.74,critical
2026-01-07 07:54:00,5.31,92.0,8.41,critical
2026-01-07 07:55:00,5.92,88.5,8.82,critical
2026-01-07 07:56:00,5.06,86.3,8.49,critical
2026-01-07 07:57:00,5.15,90.8,8.64,critical
2026-01-07 07:58:00,5.36,89.2,8.76,critical
2026-01-07 07:59:00,5.14,86.1,8.48,critical
2026-01-07 08:00:00,5.57,89.1,8.78,critical
2026-01-07 08:01:00,5.66,91.0,8.21,critical
2026-01-07 08:02:00,5.59,88.5,8.93,critical
2026-01-07 08:03:00,5.6,87.6,8.78,critical
2026-01-07 08:04:00,5.68,87.3,8.48,critical
2026-01-07 08:05:00,5.5,92.4,8.61,critical
2026-01-07 08:06:00,5.71,88.1,8.65,critical
2026-01-07 08:07:00,5.82,88.4,8.59,critical
2026-01-07 08:08:00,5.29,87.4,8.48,critical
2026-01-07 08:09:00,5.35,92.6,8.36,critical
2026-01-07 08:10:00,5.72,89.8,8.57,critical
2026-01-07 08:11:00,5.86,83.7,8.52,critical
2026-01-07 08:12:00,5.35,84.5,8.27,critical
2026-01-07 08:13:00,5.57,87.6,8.79,critical
2026-01-07 08:14:00,5.52,88.6,8.49,critical
2026-01-07 08:15:00,5.55,88.3,8.36,critical
2026-01-07 08:16:00,5.77,87.8,8.47,critical
2026-01-07 08:17:00,5.65,90.2,8.35,critical
2026-01-07 08:18:00,5.72,90.7,8.61,critical
2026-01-07 08:19:00,5.48,88.4,8.52,critical
2026-01-07 08:20:00,5.32,89.3,8.79,critical
2026-01-07 08:21:00,5.75,88.5,8.84,critical
2026-01-07 08:22:00,5.95,88.6,8.74,critical
2026-01-07 08:23:00,5.12,86.3,8.59,critical
2026-01-07 08:24:00,5.37,94.5,8.72,critical
2026-01-07 08:25:00,5.77,89.4,8.32,critical
2026-01-07 08:26:00,5.47,90.1,8.41,critical
2026-01-07 08:27:00,5.71,91.2,8.58,critical
2026-01-07 08:28:00,5.21,93.8,8.52,critical
2026-01-07 08:29:00,6.12,91.1,8.52,critical
2026-01-07 08:30:00,5.67,84.4,8.83,critical
2026-01-07 08:31:00,6.09,84.3,8.5,critical
2026-01-07 08:32:00,5.56,91.7,9.1,critical
2026-01-07 08:33:00,5.65,94.9,8.62,critical
2026-01-07 08:34:00,5.67,90.3,8.88,critical
2026-01-07 08:35:00,5.49,91.6,8.27,critical
2026-01-07 08:36:00,5.52,87.9,8.6,critical
2026-01-07 08:37:00,5.52,92.4,8.36,critical
2026-01-07 08:38:00,5.23,86.1,8.83,critical
2026-01-07 08:39:00,5.39,90.5,8.51,critical
2026-01-07 08:40:00,5.75,89.0,9.27,critical
2026-01-07 08:41:00,5.96,88.8,8.47,critical
2026-01-07 08:42:00,6.21,86.9,8.57,critical
2026-01-07 08:43:00,5.59,89.6,8.15,critical
2026-01-07 08:44:00,5.68,87.1,8.94,critical
2026-01-07 08:45:00,5.29,89.7,8.03,critical
2026-01-07 08:46:00,5.15,87.5,8.41,critical
2026-01-07 08:47:00,5.88,89.5,8.91,critical
2026-01-07 08:48:00,5.51,91.1,8.4,critical
2026-01-07 08:49:00,5.43,85.1,8.67,critical
2026-01-07 08:50:00,5.64,91.6,8.64,critical
2026-01-07 08:51:00,5.99,90.1,8.83,critical
2026-01-07 08:52:00,5.52,87.4,8.77,critical
2026-01-07 08:53:00,5.57,91.7,8.68,critical
2026-01-07 08:54:00,5.43,92.3,8.37,critical
2026-01-07 08:55:00,5.71,92.8,8.49,critical
2026-01-07 08:56:00,5.82,90.6,8.8,critical
2026-01-07 08:57:00,5.42,90.2,8.24,critical
2026-01-07 08:58:00,5.93,84.6,8.5,critical
2026-01-07 08:59:00,5.4,91.4,9.07,critical
2026-01-07 09:00:00,5.72,97.1,8.25,critical
2026-01-07 09:01:00,5.33,87.4,8.62,critical
2026-01-07 09:02:00,5.39,87.8,8.75,critical
2026-01-07 09:03:00,5.34,86.9,8.49,critical
2026-01-07 09:04:00,5.53,92.2,8.37,critical
2026-01-07 09:05:00,5.45,91.2,8.79,critical
2026-01-07 09:06:00,5.88,90.9,8.63,critical
2026-01-07 09:07:00,5.71,89.1,8.53,critical
2026-01-07 09:08:00,5.24,92.0,8.65,critical
2026-01-07 09:09:00,5.75,82.7,8.58,critical
2026-01-07 09:10:00,5.42,93.5,8.75,critical
2026-01-07 09:11:00,5.64,88.7,8.7,critical
2026-01-07 09:12:00,5.41,89.5,8.45,critical
2026-01-07 09:13:00,6.05,93.4,8.86,critical
2026-01-07 09:14:00,5.3,91.9,8.64,critical
2026-01-07 09:15:00,5.84,90.6,8.6,critical
2026-01-07 09:16:00,5.65,85.3,8.41,critical
2026-01-07 09:17:00,5.67,92.6,8.46,critical
2026-01-07 09:18:00,5.59,85.8,8.96,critical
2026-01-07 09:19:00,5.82,91.4,8.7,critical
2026-01-07 09:20:00,5.91,87.8,8.37,critical
2026-01-07 09:21:00,5.81,92.3,8.3,critical
2026-01-07 09:22:00,5.5,94.0,8.7,critical
2026-01-07 09:23:00,5.76,86.9,8.77,critical
2026-01-07 09:24:00,5.32,84.9,8.78,critical
2026-01-07 09:25:00,5.89,89.2,8.47,critical
2026-01-07 09:26:00,5.95,89.4,8.59,critical
2026-01-07 09:27:00,5.94,89.0,8.44,critical
2026-01-07 09:28:00,5.77,88.1,8.57,critical
2026-01-07 09:29:00,5.34,90.3,8.62,critical
2026-01-07 09:30:00,5.8,92.0,8.74,critical
2026-01-07 09:31:00,5.68,89.7,8.76,critical
2026-01-07 09:32:00,5.38,84.0,8.9,critical
2026-01-07 09:33:00,5.74,89.6,8.88,critical
2026-01-07 09:34:00,5.46,88.1,8.4,critical
2026-01-07 09:35:00,5.72,85.9,8.42,critical
2026-01-07 09:36:00,5.67,86.9,8.44,critical
2026-01-07 09:37:00,5.17,91.4,8.44,critical
2026-01-07 09:38:00,5.39,86.7,8.5,critical
2026-01-07 09:39:00,5.29,94.8,8.01,critical
2026-01-07 09:40:00,5.52,90.2,8.42,critical
2026-01-07 09:41:00,5.65,87.9,8.99,critical
2026-01-07 09:42:00,5.39,84.1,8.29,critical
2026-01-07 09:43:00,5.69,89.7,8.8,critical
2026-01-07 09:44:00,5.71,88.4,8.49,critical
2026-01-07 09:45:00,5.54,94.7,8.79,critical
2026-01-07 09:46:00,5.99,92.1,8.6,critical
2026-01-07 09:47:00,5.41,90.5,8.6,critical
2026-01-07 09:48:00,5.6,89.5,8.1,critical
2026-01-07 09:49:00,5.87,89.9,8.26,critical
2026-01-07 09:50:00,5.71,87.9,8.76,critical
2026-01-07 09:51:00,5.79,92.6,8.58,critical
2026-01-07 09:52:00,5.53,88.5,8.44,critical
2026-01-07 09:53:00,5.61,89.5,8.41,critical
2026-01-07 09:54:00,5.39,89.8,8.51,critical
2026-01-07 09:55:00,5.39,92.1,9.06,critical
2026-01-07 09:56:00,5.81,88.2,8.61,critical
2026-01-07 09:57:00,5.93,87.1,8.81,critical
2026-01-07 09:58:00,5.33,94.3,8.51,critical
2026-01-07 09:59:00,6.07,94.4,8.59,critical
2026-01-07 10:00:00,5.48,90.6,8.58,critical
2026-01-07 10:01:00,5.54,85.9,8.49,critical
2026-01-07 10:02:00,5.4,91.5,8.87,critical
2026-01-07 10:03:00,5.77,90.9,8.41,critical
2026-01-07 10:04:00,5.66,92.1,8.48,critical
2026-01-07 10:05:00,5.65,89.7,9.04,critical
2026-01-07 10:06:00,5.79,91.6,8.19,critical
2026-01-07 10:07:00,5.66,89.7,8.58,critical
2026-01-07 10:08:00,5.31,87.4,8.61,critical
2026-01-07 10:09:00,5.85,88.6,8.52,critical
2026-01-07 10:10:00,5.98,89.4,8.59,critical
2026-01-07 10:11:00,5.6,86.8,8.77,critical
2026-01-07 10:12:00,5.5,90.1,8.74,critical
2026-01-07 10:13:00,6.02,86.9,8.84,critical
2026-01-07 10:14:00,5.8,88.6,8.78,critical
2026-01-07 10:15:00,5.96,88.3,8.69,critical
2026-01-07 10:16:00,5.71,91.5,8.82,critical
2026-01-07 10:17:00,5.66,91.5,8.4,critical
2026-01-07 10:18:00,5.66,89.0,8.32,critical
2026-01-07 10:19:00,5.53,90.9,8.74,critical
2026-01-07 10:20:00,5.38,87.9,8.81,critical
2026-01-07 10:21:00,5.73,92.4,8.97,critical
2026-01-07 10:22:00,5.74,89.2,8.66,critical
2026-01-07 10:23:00,5.96,97.1,8.75,critical
2026-01-07 10:24:00,5.74,92.0,8.64,critical
2026-01-07 10:25:00,5.87,92.7,8.72,critical
2026-01-07 10:26:00,5.57,86.4,8.82,critical
2026-01-07 10:27:00,5.68,88.4,8.35,critical
2026-01-07 10:28:00,5.77,86.2,8.71,critical
2026-01-07 10:29:00,5.8,91.6,8.54,critical
2026-01-07 10:30:00,5.39,91.7,8.94,critical
2026-01-07 10:31:00,5.52,91.5,9.03,critical
2026-01-07 10:32:00,5.7,89.3,8.9,critical
2026-01-07 10:33:00,5.49,87.0,8.84,critical
2026-01-07 10:34:00,5.56,89.5,8.48,critical
2026-01-07 10:35:00,5.54,93.8,9.05,critical
2026-01-07 10:36:00,6.0,93.0,8.76,critical
2026-01-07 10:37:00,5.35,89.8,9.18,critical
2026-01-07 10:38:00,5.55,94.1,8.65,critical
2026-01-07 10:39:00,5.1,91.9,8.96,critical
2026-01-07 10:40:00,5.63,93.4,8.22,critical
2026-01-07 10:41:00,5.36,90.8,8.76,critical
2026-01-07 10:42:00,5.91,91.9,8.34,critical
2026-01-07 10:43:00,5.68,91.8,8.17,critical
2026-01-07 10:44:00,5.63,89.5,8.48,critical
2026-01-07 10:45:00,5.74,87.5,8.75,critical
2026-01-07 10:46:00,5.76,93.1,8.36,critical
2026-01-07 10:47:00,5.34,91.1,8.57,critical
2026-01-07 10:48:00,6.22,91.5,8.66,critical
2026-01-07 10:49:00,5.61,87.3,8.79,critical
2026-01-07 10:50:00,5.63,90.2,8.67,critical
2026-01-07 10:51:00,5.69,86.0,8.86,critical
2026-01-07 10:52:00,5.48,90.1,8.97,critical
2026-01-07 10:53:00,6.0,86.2,8.65,critical
2026-01-07 10:54:00,5.7,86.6,8.85,critical
2026-01-07 10:55:00,5.67,90.9,8.42,critical
2026-01-07 10:56:00,5.73,92.5,8.68,critical
2026-01-07 10:57:00,5.55,89.3,8.7,critical
2026-01-07 10:58:00,5.66,92.7,8.53,critical
2026-01-07 10:59:00,5.41,91.3,8.53,critical
2026-01-07 11:00:00,5.81,90.5,8.81,critical
2026-01-07 11:01:00,5.45,90.8,8.48,critical
2026-01-07 11:02:00,5.41,88.3,8.52,critical
2026-01-07 11:03:00,5.9,89.0,8.33,critical
2026-01-07 11:04:00,5.68,90.6,8.53,critical
2026-01-07 11:05:00,5.62,92.9,8.82,critical
2026-01-07 11:06:00,5.77,87.5,9.38,critical
2026-01-07 11:07:00,5.86,91.8,8.36,critical
2026-01-07 11:08:00,5.84,89.3,8.61,critical
2026-01-07 11:09:00,5.32,87.4,8.76,critical
2026-01-07 11:10:00,5.86,92.2,8.82,critical
2026-01-07 11:11:00,5.64,89.5,8.73,critical
2026-01-07 11:12:00,5.82,90.5,8.96,critical
2026-01-07 11:13:00,5.61,88.1,8.65,critical
2026-01-07 11:14:00,5.68,90.3,8.98,critical
2026-01-07 11:15:00,5.82,87.0,9.04,critical
2026-01-07 11:16:00,5.11,95.9,8.59,critical
2026-01-07 11:17:00,5.62,90.4,8.76,critical
2026-01-07 11:18:00,5.66,90.2,8.99,critical
2026-01-07 11:19:00,5.77,88.2,8.85,critical
2026-01-07 11:20:00,5.77,89.2,8.86,critical
2026-01-07 11:21:00,5.63,90.0,8.6,critical
2026-01-07 11:22:00,5.18,89.3,8.84,critical
2026-01-07 11:23:00,5.66,87.4,8.9,critical
2026-01-07 11:24:00,5.6,87.6,9.21,critical
2026-01-07 11:25:00,5.45,92.8,8.47,critical
2026-01-07 11:26:00,5.69,88.4,8.35,critical
2026-01-07 11:27:00,5.77,91.6,8.95,critical
2026-01-07 11:28:00,5.66,96.2,8.73,critical
2026-01-07 11:29:00,5.78,87.2,8.51,critical
2026-01-07 11:30:00,5.77,90.4,8.71,critical
2026-01-07 11:31:00,5.5,91.0,8.7,critical
2026-01-07 11:32:00,5.43,92.3,8.24,critical
2026-01-07 11:33:00,5.7,95.1,8.84,critical
2026-01-07 11:34:00,5.8,88.4,9.11,critical
2026-01-07 11:35:00,5.94,88.6,8.55,critical
2026-01-07 11:36:00,5.92,95.2,8.35,critical
2026-01-07 11:37:00,5.47,90.3,8.13,critical
2026-01-07 11:38:00,5.67,93.7,8.31,critical
2026-01-07 11:39:00,5.7,89.3,9.08,critical
2026-01-07 11:40:00,5.56,94.5,8.52,critical
2026-01-07 11:41:00,5.83,91.4,8.64,critical
2026-01-07 11:42:00,5.51,91.5,8.56,critical
2026-01-07 11:43:00,5.53,94.4,8.81,critical
2026-01-07 11:44:00,5.8,89.8,8.63,critical
2026-01-07 11:45:00,5.62,91.6,8.83,critical
2026-01-07 11:46:00,5.67,88.8,8.86,critical
2026-01-07 11:47:00,5.68,87.2,8.14,critical
2026-01-07 11:48:00,5.73,88.7,8.78,critical
2026-01-07 11:49:00,5.52,91.1,8.58,critical
2026-01-07 11:50:00,6.03,93.2,9.01,critical
2026-01-07 11:51:00,5.68,92.8,8.7,critical
2026-01-07 11:52:00,5.97,90.6,8.33,critical
2026-01-07 11:53:00,5.28,95.0,8.8,critical
2026-01-07 11:54:00,5.79,94.5,8.26,critical
2026-01-07 11:55:00,5.61,90.2,8.86,critical
2026-01-07 11:56:00,5.54,87.8,8.38,critical
2026-01-07 11:57:00,5.91,89.0,8.54,critical
2026-01-07 11:58:00,5.81,89.1,8.25,critical
2026-01-07 11:59:00,5.36,90.7,8.8,critical
2026-01-07 12:00:00,5.64,91.9,8.28,critical
2026-01-07 12:01:00,5.37,96.5,8.99,critical
2026-01-07 12:02:00,5.84,89.2,8.62,critical
2026-01-07 12:03:00,5.68,94.2,8.78,critical
2026-01-07 12:04:00,5.79,90.5,8.88,critical
2026-01-07 12:05:00,5.74,91.0,8.5,critical
2026-01-07 12:06:00,5.66,88.2,8.67,critical
2026-01-07 12:07:00,5.7,84.9,8.63,critical
2026-01-07 12:08:00,5.45,92.1,8.84,critical
2026-01-07 12:09:00,5.6,92.3,8.83,critical
2026-01-07 12:10:00,5.64,94.7,8.5,critical
2026-01-07 12:11:00,5.98,90.4,8.48,critical
2026-01-07 12:12:00,5.62,88.2,8.88,critical
2026-01-07 12:13:00,5.37,94.4,8.45,critical
2026-01-07 12:14:00,5.85,91.0,8.76,critical
2026-01-07 12:15:00,5.57,91.8,8.72,critical
2026-01-07 12:16:00,5.4,88.5,8.55,critical
2026-01-07 12:17:00,5.54,94.1,8.69,critical
2026-01-07 12:18:00,5.53,89.7,8.56,critical
2026-01-07 12:19:00,5.63,88.3,8.49,critical
2026-01-07 12:20:00,5.84,91.4,8.65,critical
2026-01-07 12:21:00,5.69,90.9,8.64,critical
2026-01-07 12:22:00,5.79,92.1,8.3,critical
2026-01-07 12:23:00,5.67,87.2,8.85,critical
2026-01-07 12:24:00,5.85,89.5,8.66,critical
2026-01-07 12:25:00,5.27,93.4,8.87,critical
2026-01-07 12:26:00,5.92,94.7,8.39,critical
2026-01-07 12:27:00,5.87,94.7,8.32,critical
2026-01-07 12:28:00,5.66,90.1,8.91,critical
2026-01-07 12:29:00,5.22,95.6,8.67,critical
2026-01-07 12:30:00,5.88,90.9,8.82,critical
2026-01-07 12:31:00,5.23,90.1,8.91,critical
2026-01-07 12:32:00,5.75,87.0,8.71,critical
2026-01-07 12:33:00,5.53,88.8,8.32,critical
2026-01-07 12:34:00,5.82,93.8,9.23,critical
2026-01-07 12:35:00,5.4,93.0,8.91,critical
2026-01-07 12:36:00,5.58,88.8,8.43,critical
2026-01-07 12:37:00,5.59,91.6,9.04,critical
2026-01-07 12:38:00,5.92,87.1,8.5,critical
2026-01-07 12:39:00,5.96,89.3,8.69,critical
2026-01-07 12:40:00,5.36,94.0,8.22,critical
2026-01-07 12:41:00,5.37,93.7,9.18,critical
2026-01-07 12:42:00,5.64,91.0,8.93,critical
2026-01-07 12:43:00,5.76,90.2,8.58,critical
2026-01-07 12:44:00,5.39,91.7,8.68,critical
2026-01-07 12:45:00,5.62,88.6,8.48,critical
2026-01-07 12:46:00,5.83,93.3,8.62,critical
2026-01-07 12:47:00,5.62,89.0,8.94,critical
2026-01-07 12:48:00,5.71,92.1,8.79,critical
2026-01-07 12:49:00,5.64,88.3,8.46,critical
2026-01-07 12:50:00,5.93,89.4,8.6,critical
2026-01-07 12:51:00,5.48,88.1,8.51,critical
2026-01-07 12:52:00,6.04,92.8,8.57,critical
2026-01-07 12:53:00,5.92,90.8,9.05,critical
2026-01-07 12:54:00,6.15,93.8,8.73,critical
2026-01-07 12:55:00,5.85,91.2,8.25,critical
2026-01-07 12:56:00,5.58,88.8,8.54,critical
2026-01-07 12:57:00,6.07,94.0,8.82,critical
2026-01-07 12:58:00,5.87,86.5,8.89,critical
2026-01-07 12:59:00,5.9,85.6,8.9,critical
2026-01-07 13:00:00,5.43,86.3,9.04,critical
2026-01-07 13:01:00,5.51,89.5,8.96,critical
2026-01-07 13:02:00,5.65,90.8,8.66,critical
2026-01-07 13:03:00,5.78,90.7,8.74,critical
2026-01-07 13:04:00,5.61,92.1,8.79,critical
2026-01-07 13:05:00,6.09,90.3,8.67,critical
2026-01-07 13:06:00,5.76,93.7,8.44,critical
2026-01-07 13:07:00,5.73,85.0,8.65,critical
2026-01-07 13:08:00,5.93,89.5,8.76,critical
2026-01-07 13:09:00,5.61,89.1,8.96,critical
2026-01-07 13:10:00,5.51,92.0,8.79,critical
2026-01-07 13:11:00,5.55,91.7,8.48,critical
2026-01-07 13:12:00,5.82,88.0,8.63,critical
2026-01-07 13:13:00,5.67,94.1,8.75,critical
2026-01-07 13:14:00,5.91,92.7,8.85,critical
2026-01-07 13:15:00,5.65,93.9,8.63,critical
2026-01-07 13:16:00,5.37,90.8,8.83,critical
2026-01-07 13:17:00,5.4,89.1,8.41,critical
2026-01-07 13:18:00,5.88,95.5,8.67,critical
2026-01-07 13:19:00,5.83,92.6,9.11,critical
2026-01-07 13:20:00,5.59,90.8,8.64,critical
2026-01-07 13:21:00,5.74,97.6,8.73,critical
2026-01-07 13:22:00,5.55,88.5,9.03,critical
2026-01-07 13:23:00,5.55,93.0,8.55,critical
2026-01-07 13:24:00,5.47,92.9,8.56,critical
2026-01-07 13:25:00,5.81,92.6,8.86,critical
2026-01-07 13:26:00,5.67,93.1,8.49,critical
2026-01-07 13:27:00,5.23,93.2,8.77,critical
2026-01-07 13:28:00,5.6,87.7,8.22,critical
2026-01-07 13:29:00,5.74,95.5,8.69,critical
2026-01-07 13:30:00,5.65,91.4,9.27,critical
2026-01-07 13:31:00,5.88,89.1,8.73,critical
2026-01-07 13:32:00,5.79,88.8,8.92,critical
2026-01-07 13:33:00,5.56,87.7,8.75,critical
2026-01-07 13:34:00,5.71,91.5,8.54,critical
2026-01-07 13:35:00,5.6,94.3,8.84,critical
2026-01-07 13:36:00,5.54,86.6,8.5,critical
2026-01-07 13:37:00,5.76,89.9,8.55,critical
2026-01-07 13:38:00,5.61,91.3,8.93,critical
2026-01-07 13:39:00,5.73,91.6,8.67,critical
2026-01-07 13:40:00,5.63,93.7,8.92,critical
2026-01-07 13:41:00,6.14,93.0,8.61,critical
2026-01-07 13:42:00,5.55,93.9,8.53,critical
2026-01-07 13:43:00,5.89,89.6,8.82,critical
2026-01-07 13:44:00,5.52,93.5,8.42,critical
2026-01-07 13:45:00,5.79,91.0,8.76,critical
2026-01-07 13:46:00,5.65,90.5,8.77,critical
2026-01-07 13:47:00,5.53,89.0,8.64,critical
2026-01-07 13:48:00,5.65,89.0,8.97,critical
2026-01-07 13:49:00,5.67,91.0,8.4,critical
2026-01-07 13:50:00,6.15,97.6,8.54,critical
2026-01-07 13:51:00,5.98,91.3,9.14,critical
2026-01-07 13:52:00,5.8,91.8,8.11,critical
2026-01-07 13:53:00,5.56,91.6,8.79,critical
2026-01-07 13:54:00,5.49,89.8,8.88,critical
2026-01-07 13:55:00,5.46,91.9,9.05,critical
2026-01-07 13:56:00,5.82,92.4,8.23,critical
2026-01-07 13:57:00,5.57,96.7,8.59,critical
2026-01-07 13:58:00,5.99,90.1,8.67,critical
2026-01-07 13:59:00,5.84,91.9,8.84,critical
2026-01-07 14:00:00,5.58,88.8,8.52,critical
2026-01-07 14:01:00,5.63,91.1,9.0,critical
2026-01-07 14:02:00,5.76,92.9,8.78,critical
2026-01-07 14:03:00,5.52,91.7,8.77,critical
2026-01-07 14:04:00,5.89,89.0,8.23,critical
2026-01-07 14:05:00,5.78,92.5,8.7,critical
2026-01-07 14:06:00,5.75,93.9,8.63,critical
2026-01-07 14:07:00,5.69,91.9,8.44,critical
2026-01-07 14:08:00,5.71,91.5,9.15,critical
2026-01-07 14:09:00,5.69,92.2,8.97,critical
2026-01-07 14:10:00,5.58,95.1,9.19,critical
2026-01-07 14:11:00,5.74,90.3,9.15,critical
2026-01-07 14:12:00,5.91,91.9,9.1,critical
2026-01-07 14:13:00,6.01,90.9,8.81,critical
2026-01-07 14:14:00,5.86,91.8,8.4,critical
2026-01-07 14:15:00,5.56,88.3,8.87,critical
2026-01-07 14:16:00,5.51,92.2,9.21,critical
2026-01-07 14:17:00,6.03,87.1,8.43,critical
2026-01-07 14:18:00,5.59,88.8,8.34,critical
2026-01-07 14:19:00,5.75,93.5,8.99,critical
2026-01-07 14:20:00,5.66,91.1,8.84,critical
2026-01-07 14:21:00,5.73,93.8,8.86,critical
2026-01-07 14:22:00,5.68,87.1,9.13,critical
2026-01-07 14:23:00,5.61,92.7,8.27,critical
2026-01-07 14:24:00,5.75,92.0,8.79,critical
2026-01-07 14:25:00,6.36,90.2,8.96,critical
2026-01-07 14:26:00,5.86,90.1,8.95,critical
2026-01-07 14:27:00,5.72,94.0,9.24,critical
2026-01-07 14:28:00,5.78,91.1,9.02,critical
2026-01-07 14:29:00,6.03,89.6,8.64,critical
2026-01-07 14:30:00,5.89,91.5,8.52,critical
2026-01-07 14:31:00,5.86,93.5,8.67,critical
2026-01-07 14:32:00,5.77,90.4,8.48,critical
2026-01-07 14:33:00,5.66,92.0,8.39,critical
2026-01-07 14:34:00,5.67,92.1,9.06,critical
2026-01-07 14:35:00,5.7,88.7,8.71,critical
2026-01-07 14:36:00,5.65,93.2,8.67,critical
2026-01-07 14:37:00,5.22,101.1,8.79,critical
2026-01-07 14:38:00,5.78,88.0,8.39,critical
2026-01-07 14:39:00,5.74,92.7,8.94,critical
2026-01-07 14:40:00,5.81,88.9,8.13,critical
2026-01-07 14:41:00,5.74,90.6,8.45,critical
2026-01-07 14:42:00,5.93,88.0,8.92,critical
2026-01-07 14:43:00,5.48,92.2,9.0,critical
2026-01-07 14:44:00,5.69,96.1,9.24,critical
2026-01-07 14:45:00,5.81,93.3,9.03,critical
2026-01-07 14:46:00,5.87,93.0,8.63,critical
2026-01-07 14:47:00,5.43,88.5,9.36,critical
2026-01-07 14:48:00,5.83,91.3,9.08,critical
2026-01-07 14:49:00,5.62,93.4,8.78,critical
2026-01-07 14:50:00,5.86,91.1,8.52,critical
2026-01-07 14:51:00,5.6,90.0,8.77,critical
2026-01-07 14:52:00,5.46,88.8,8.8,critical
2026-01-07 14:53:00,5.74,92.4,8.76,critical
2026-01-07 14:54:00,6.27,92.3,8.67,critical
2026-01-07 14:55:00,5.79,94.5,8.76,critical
2026-01-07 14:56:00,5.91,93.0,8.7,critical
2026-01-07 14:57:00,5.79,96.0,8.83,critical
2026-01-07 14:58:00,5.57,91.2,8.24,critical
2026-01-07 14:59:00,5.8,95.3,8.43,critical
2026-01-07 15:00:00,5.8,94.5,9.04,critical
2026-01-07 15:01:00,6.03,87.4,8.9,critical
2026-01-07 15:02:00,5.47,89.5,8.98,critical
2026-01-07 15:03:00,5.8,93.9,8.54,critical
2026-01-07 15:04:00,6.07,93.8,8.99,critical
2026-01-07 15:05:00,5.56,95.0,8.69,critical
2026-01-07 15:06:00,5.65,93.6,8.92,critical
2026-01-07 15:07:00,5.6,97.2,9.23,critical
2026-01-07 15:08:00,5.9,93.1,8.86,critical
2026-01-07 15:09:00,5.46,92.4,8.8,critical
2026-01-07 15:10:00,5.66,91.3,8.18,critical
2026-01-07 15:11:00,5.56,94.4,9.21,critical
2026-01-07 15:12:00,5.59,92.6,9.05,critical
2026-01-07 15:13:00,5.67,93.8,8.77,critical
2026-01-07 15:14:00,6.02,88.9,8.5,critical
2026-01-07 15:15:00,5.83,92.4,8.76,critical
2026-01-07 15:16:00,5.89,89.8,8.44,critical
2026-01-07 15:17:00,5.68,91.2,8.71,critical
2026-01-07 15:18:00,6.03,94.1,8.91,critical
2026-01-07 15:19:00,5.82,91.1,8.57,critical
2026-01-07 15:20:00,5.54,90.4,8.77,critical
2026-01-07 15:21:00,5.55,92.6,8.73,critical
2026-01-07 15:22:00,5.7,95.1,8.17,critical
2026-01-07 15:23:00,5.71,86.3,8.84,critical
2026-01-07 15:24:00,5.93,88.8,8.48,critical
2026-01-07 15:25:00,5.44,92.3,8.7,critical
2026-01-07 15:26:00,5.73,91.3,8.54,critical
2026-01-07 15:27:00,6.01,92.9,8.49,critical
2026-01-07 15:28:00,5.64,90.0,9.14,critical
2026-01-07 15:29:00,5.93,91.9,9.21,critical
2026-01-07 15:30:00,6.08,91.6,8.68,critical
2026-01-07 15:31:00,5.71,89.8,9.22,critical
2026-01-07 15:32:00,5.59,94.4,8.96,critical
2026-01-07 15:33:00,5.73,96.8,8.4,critical
2026-01-07 15:34:00,5.77,91.0,9.03,critical
2026-01-07 15:35:00,5.86,87.9,9.1,critical
2026-01-07 15:36:00,5.89,89.7,8.7,critical
2026-01-07 15:37:00,5.53,91.8,8.83,critical
2026-01-07 15:38:00,5.72,91.1,8.39,critical
2026-01-07 15:39:00,5.86,87.5,8.8,critical
2026-01-07 15:40:00,5.43,92.4,8.79,critical
2026-01-07 15:41:00,5.87,94.4,9.05,critical
2026-01-07 15:42:00,5.47,92.1,9.29,critical
2026-01-07 15:43:00,5.82,90.2,8.77,critical
2026-01-07 15:44:00,5.72,89.4,9.01,critical
2026-01-07 15:45:00,5.91,89.0,8.77,critical
2026-01-07 15:46:00,5.68,88.3,8.44,critical
2026-01-07 15:47:00,5.54,92.2,8.68,critical
2026-01-07 15:48:00,5.6,91.3,8.98,critical
2026-01-07 15:49:00,5.87,94.8,8.74,critical
2026-01-07 15:50:00,6.12,93.2,8.67,critical
2026-01-07 15:51:00,5.81,89.2,8.72,critical
2026-01-07 15:52:00,5.88,93.9,8.69,critical
2026-01-07 15:53:00,6.34,91.9,8.38,critical
2026-01-07 15:54:00,6.04,93.9,8.86,critical
2026-01-07 15:55:00,5.7,93.4,9.2,critical
2026-01-07 15:56:00,5.84,88.7,7.94,critical
2026-01-07 15:57:00,5.88,89.9,8.77,critical
2026-01-07 15:58:00,5.64,90.2,8.61,critical
2026-01-07 15:59:00,5.67,94.3,8.94,critical
2026-01-07 16:00:00,5.56,89.7,8.9,critical
2026-01-07 16:01:00,6.01,95.0,8.55,critical
2026-01-07 16:02:00,6.0,88.0,8.75,critical
2026-01-07 16:03:00,5.9,87.2,9.33,critical
2026-01-07 16:04:00,6.07,94.0,8.56,critical
2026-01-07 16:05:00,5.79,94.4,8.52,critical
2026-01-07 16:06:00,5.77,94.7,8.43,critical
2026-01-07 16:07:00,5.87,88.1,8.57,critical
2026-01-07 16:08:00,5.7,93.7,8.63,critical
2026-01-07 16:09:00,5.83,90.7,8.67,critical
2026-01-07 16:10:00,6.06,89.6,9.0,critical
2026-01-07 16:11:00,5.81,91.0,8.5,critical
2026-01-07 16:12:00,5.58,90.6,8.77,critical
2026-01-07 16:13:00,5.93,91.7,8.75,critical
2026-01-07 16:14:00,5.79,93.7,8.97,critical
2026-01-07 16:15:00,5.53,91.8,9.11,critical
2026-01-07 16:16:00,5.55,92.7,8.77,critical
2026-01-07 16:17:00,5.7,96.5,8.82,critical
2026-01-07 16:18:00,6.11,92.5,8.92,critical
2026-01-07 16:19:00,5.69,91.1,8.91,critical
2026-01-07 16:20:00,5.9,94.0,8.9,critical
2026-01-07 16:21:00,5.54,90.5,9.02,critical
2026-01-07 16:22:00,5.42,93.3,8.78,critical
2026-01-07 16:23:00,5.98,93.6,8.65,critical
2026-01-07 16:24:00,5.67,91.3,8.96,critical
2026-01-07 16:25:00,5.35,93.0,8.59,critical
2026-01-07 16:26:00,5.85,93.4,8.4,critical
2026-01-07 16:27:00,5.77,93.0,8.84,critical
2026-01-07 16:28:00,5.79,89.5,8.55,critical
2026-01-07 16:29:00,5.54,94.0,8.79,critical
2026-01-07 16:30:00,5.81,88.3,8.81,critical
2026-01-07 16:31:00,5.94,88.0,8.68,critical
2026-01-07 16:32:00,5.5,91.6,8.59,critical
2026-01-07 16:33:00,5.89,93.0,9.14,critical
2026-01-07 16:34:00,5.81,93.5,8.68,critical
2026-01-07 16:35:00,5.6,94.7,9.13,critical
2026-01-07 16:36:00,5.96,93.0,8.57,critical
2026-01-07 16:37:00,6.05,94.1,9.33,critical
2026-01-07 16:38:00,5.59,94.8,8.96,critical
2026-01-07 16:39:00,5.75,96.1,8.92,critical
2026-01-07 16:40:00,5.63,92.4,8.58,critical
2026-01-07 16:41:00,5.73,94.4,9.07,critical
2026-01-07 16:42:00,5.87,90.8,8.92,critical
2026-01-07 16:43:00,5.97,87.8,8.85,critical
2026-01-07 16:44:00,5.78,95.1,8.92,critical
2026-01-07 16:45:00,5.92,91.5,8.82,critical
2026-01-07 16:46:00,6.01,92.5,8.87,critical
2026-01-07 16:47:00,5.52,92.5,8.32,critical
2026-01-07 16:48:00,5.72,92.9,9.02,critical
2026-01-07 16:49:00,5.63,93.7,9.19,critical
2026-01-07 16:50:00,5.7,88.9,8.9,critical
2026-01-07 16:51:00,5.59,90.7,9.06,critical
2026-01-07 16:52:00,6.2,90.2,8.64,critical
2026-01-07 16:53:00,5.74,91.4,9.31,critical
2026-01-07 16:54:00,5.72,91.8,9.23,critical
2026-01-07 16:55:00,5.94,95.2,8.6,critical
2026-01-07 16:56:00,5.72,90.2,9.03,critical
2026-01-07 16:57:00,6.07,91.3,8.74,critical
2026-01-07 16:58:00,5.77,88.9,8.66,critical
2026-01-07 16:59:00,5.98,90.6,8.85,critical
2026-01-07 17:00:00,5.57,92.4,8.69,critical
2026-01-07 17:01:00,5.59,94.8,9.04,critical
2026-01-07 17:02:00,5.64,92.3,8.84,critical
2026-01-07 17:03:00,5.47,89.3,9.15,critical
2026-01-07 17:04:00,5.62,96.0,8.5,critical
2026-01-07 17:05:00,5.96,92.1,8.79,critical
2026-01-07 17:06:00,6.2,89.7,8.98,critical
2026-01-07 17:07:00,5.94,101.2,8.56,critical
2026-01-07 17:08:00,5.71,94.9,8.78,critical
2026-01-07 17:09:00,5.74,95.2,8.77,critical
2026-01-07 17:10:00,5.66,94.7,8.93,critical
2026-01-07 17:11:00,5.77,92.0,8.61,critical
2026-01-07 17:12:00,5.98,92.0,8.64,critical
2026-01-07 17:13:00,5.58,93.9,8.71,critical
2026-01-07 17:14:00,5.43,89.9,8.78,critical
2026-01-07 17:15:00,5.8,92.3,8.74,critical
2026-01-07 17:16:00,5.54,90.7,9.13,critical
2026-01-07 17:17:00,6.05,94.4,8.96,critical
2026-01-07 17:18:00,6.02,90.1,8.85,critical
2026-01-07 17:19:00,5.62,90.2,8.93,critical
2026-01-07 17:20:00,6.03,92.4,9.25,critical
2026-01-07 17:21:00,5.88,91.0,8.57,critical
2026-01-07 17:22:00,6.05,93.3,9.01,critical
2026-01-07 17:23:00,5.31,93.6,8.71,critical
2026-01-07 17:24:00,5.56,92.8,9.12,critical
2026-01-07 17:25:00,6.3,93.6,8.67,critical
2026-01-07 17:26:00,5.69,95.4,8.59,critical
2026-01-07 17:27:00,5.97,93.7,8.89,critical
2026-01-07 17:28:00,5.53,92.1,8.48,critical
2026-01-07 17:29:00,5.73,95.3,9.15,critical
2026-01-07 17:30:00,5.89,91.6,9.24,critical
2026-01-07 17:31:00,5.73,90.2,9.02,critical
2026-01-07 17:32:00,5.94,91.6,8.87,critical
2026-01-07 17:33:00,5.94,93.5,8.96,critical
2026-01-07 17:34:00,5.75,94.3,8.85,critical
2026-01-07 17:35:00,5.75,92.4,8.82,critical
2026-01-07 17:36:00,5.56,91.4,8.86,critical
2026-01-07 17:37:00,5.58,91.5,9.45,critical
2026-01-07 17:38:00,5.62,92.1,8.64,critical
2026-01-07 17:39:00,5.83,91.0,8.79,critical
2026-01-07 17:40:00,5.71,95.7,8.87,critical
2026-01-07 17:41:00,5.65,95.2,8.61,critical
2026-01-07 17:42:00,5.54,93.1,9.33,critical
2026-01-07 17:43:00,5.49,89.7,9.04,critical
2026-01-07 17:44:00,5.72,94.6,8.64,critical
2026-01-07 17:45:00,5.88,97.4,8.55,critical
2026-01-07 17:46:00,6.06,94.8,8.48,critical
2026-01-07 17:47:00,5.97,93.3,8.88,critical
2026-01-07 17:48:00,5.92,92.2,8.87,critical
2026-01-07 17:49:00,5.9,95.0,8.47,critical
2026-01-07 17:50:00,6.11,90.2,9.05,critical
2026-01-07 17:51:00,5.87,89.9,8.99,critical
2026-01-07 17:52:00,5.67,95.8,8.68,critical
2026-01-07 17:53:00,5.56,97.0,8.9,critical
2026-01-07 17:54:00,6.03,91.0,8.38,critical
2026-01-07 17:55:00,6.19,93.1,8.98,critical
2026-01-07 17:56:00,5.99,92.3,8.92,critical
2026-01-07 17:57:00,6.18,93.1,9.09,critical
2026-01-07 17:58:00,5.46,96.0,8.48,critical
2026-01-07 17:59:00,6.06,94.2,8.84,critical
2026-01-07 18:00:00,5.84,92.6,8.66,critical
2026-01-07 18:01:00,5.82,98.7,9.19,critical
2026-01-07 18:02:00,5.69,93.9,8.89,critical
2026-01-07 18:03:00,5.83,90.7,8.97,critical
2026-01-07 18:04:00,6.03,91.1,9.35,critical
2026-01-07 18:05:00,6.17,94.6,8.56,critical
2026-01-07 18:06:00,5.94,93.9,8.99,critical
2026-01-07 18:07:00,6.18,92.8,9.38,critical
2026-01-07 18:08:00,5.95,92.5,9.46,critical
2026-01-07 18:09:00,6.03,92.1,8.89,critical
2026-01-07 18:10:00,5.99,92.9,8.9,critical
2026-01-07 18:11:00,5.7,89.0,8.89,critical
2026-01-07 18:12:00,5.89,94.6,8.72,critical
2026-01-07 18:13:00,5.6,90.9,9.13,critical
2026-01-07 18:14:00,5.73,92.2,8.79,critical
2026-01-07 18:15:00,5.74,91.6,8.65,critical
2026-01-07 18:16:00,6.15,95.0,9.18,critical
2026-01-07 18:17:00,6.16,87.4,8.95,critical
2026-01-07 18:18:00,5.75,96.1,8.68,critical
2026-01-07 18:19:00,5.66,89.7,8.79,critical
2026-01-07 18:20:00,6.05,94.0,8.57,critical
2026-01-07 18:21:00,6.3,94.9,9.07,critical
2026-01-07 18:22:00,6.13,89.2,8.64,critical
2026-01-07 18:23:00,6.04,91.3,8.8,critical
2026-01-07 18:24:00,5.86,90.1,8.78,critical
2026-01-07 18:25:00,6.06,95.2,9.15,critical
2026-01-07 18:26:00,6.08,94.4,8.96,critical
2026-01-07 18:27:00,5.92,91.8,8.62,critical
2026-01-07 18:28:00,5.74,92.6,8.71,critical
2026-01-07 18:29:00,5.96,93.9,8.95,critical
2026-01-07 18:30:00,5.95,96.4,8.87,critical
2026-01-07 18:31:00,6.08,94.7,9.16,critical
2026-01-07 18:32:00,6.2,94.8,8.9,critical
2026-01-07 18:33:00,5.9,92.2,8.75,critical
2026-01-07 18:34:00,6.06,91.0,9.28,critical
2026-01-07 18:35:00,5.85,100.6,8.7,critical
2026-01-07 18:36:00,5.93,92.5,8.68,critical
2026-01-07 18:37:00,6.09,90.7,8.71,critical
2026-01-07 18:38:00,6.0,95.3,8.53,critical
2026-01-07 18:39:00,6.0,93.8,8.65,critical
2026-01-07 18:40:00,5.72,88.4,9.31,critical
2026-01-07 18:41:00,6.08,90.2,9.08,critical
2026-01-07 18:42:00,5.77,95.7,8.76,critical
2026-01-07 18:43:00,5.81,92.7,8.72,critical
2026-01-07 18:44:00,6.16,95.7,8.91,critical
2026-01-07 18:45:00,6.09,89.4,8.58,critical
2026-01-07 18:46:00,5.98,95.3,8.95,critical
2026-01-07 18:47:00,5.51,90.8,8.99,critical
2026-01-07 18:48:00,6.37,96.5,9.28,critical
2026-01-07 18:49:00,5.95,94.3,8.63,critical
2026-01-07 18:50:00,6.08,93.3,9.06,critical
2026-01-07 18:51:00,5.89,94.2,8.86,critical
2026-01-07 18:52:00,5.93,96.0,8.57,critical
2026-01-07 18:53:00,5.59,94.6,9.25,critical
2026-01-07 18:54:00,6.23,90.5,8.79,critical
2026-01-07 18:55:00,5.59,92.2,9.17,critical
2026-01-07 18:56:00,5.89,92.6,9.02,critical
2026-01-07 18:57:00,5.73,97.5,8.89,critical
2026-01-07 18:58:00,5.81,95.0,9.12,critical
2026-01-07 18:59:00,6.21,93.0,9.16,critical
2026-01-07 19:00:00,5.91,92.0,8.7,critical
2026-01-07 19:01:00,5.67,91.7,9.17,critical
2026-01-07 19:02:00,6.03,90.5,8.45,critical
2026-01-07 19:03:00,5.67,91.7,8.82,critical
2026-01-07 19:04:00,6.13,92.2,9.31,critical
2026-01-07 19:05:00,5.56,92.7,9.09,critical
2026-01-07 19:06:00,6.06,92.8,9.14,critical
2026-01-07 19:07:00,6.06,91.9,8.97,critical
2026-01-07 19:08:00,6.04,92.1,9.32,critical
2026-01-07 19:09:00,5.73,94.0,8.58,critical
2026-01-07 19:10:00,5.92,91.0,8.82,critical
2026-01-07 19:11:00,5.58,95.6,8.99,critical
2026-01-07 19:12:00,6.11,92.8,9.18,critical
2026-01-07 19:13:00,5.9,93.9,9.43,critical
2026-01-07 19:14:00,5.8,96.7,9.02,critical
2026-01-07 19:15:00,5.78,90.4,8.64,critical
2026-01-07 19:16:00,6.12,98.0,8.92,critical
2026-01-07 19:17:00,5.93,95.6,8.92,critical
2026-01-07 19:18:00,6.12,94.4,8.93,critical
2026-01-07 19:19:00,5.76,91.3,8.11,critical
2026-01-07 19:20:00,6.15,93.3,8.8,critical
2026-01-07 19:21:00,5.51,92.1,8.71,critical
2026-01-07 19:22:00,5.74,94.6,8.93,critical
2026-01-07 19:23:00,5.63,90.5,8.58,critical
2026-01-07 19:24:00,6.26,97.5,8.69,critical
2026-01-07 19:25:00,5.51,94.1,8.91,critical
2026-01-07 19:26:00,5.97,95.6,9.02,critical
2026-01-07 19:27:00,5.68,94.5,9.12,critical
2026-01-07 19:28:00,5.76,94.5,8.77,critical
2026-01-07 19:29:00,6.3,90.4,9.19,critical
2026-01-07 19:30:00,5.57,98.3,8.62,critical
2026-01-07 19:31:00,5.94,89.7,8.57,critical
2026-01-07 19:32:00,6.09,96.4,8.97,critical
2026-01-07 19:33:00,6.06,96.4,8.74,critical
2026-01-07 19:34:00,5.63,93.8,8.76,critical
2026-01-07 19:35:00,5.99,95.2,8.74,critical
2026-01-07 19:36:00,6.05,95.4,9.09,critical
2026-01-07 19:37:00,5.83,95.8,9.04,critical
2026-01-07 19:38:00,6.04,98.0,8.99,critical
2026-01-07 19:39:00,5.79,91.1,9.19,critical
2026-01-07 19:40:00,5.98,98.0,8.4,critical
2026-01-07 19:41:00,6.09,93.2,8.82,critical
2026-01-07 19:42:00,5.76,96.1,9.06,critical
2026-01-07 19:43:00,5.68,94.3,9.09,critical
2026-01-07 19:44:00,5.95,96.6,8.84,critical
2026-01-07 19:45:00,5.46,94.3,8.96,critical
2026-01-07 19:46:00,5.98,96.6,8.43,critical
2026-01-07 19:47:00,5.87,91.6,8.61,critical
2026-01-07 19:48:00,5.9,95.6,8.99,critical
2026-01-07 19:49:00,5.78,93.5,9.15,critical
2026-01-07 19:50:00,6.05,92.5,8.76,critical
2026-01-07 19:51:00,5.57,92.8,8.48,critical
2026-01-07 19:52:00,6.33,91.8,9.19,critical
2026-01-07 19:53:00,6.28,94.5,8.89,critical
2026-01-07 19:54:00,5.65,92.7,9.32,critical
2026-01-07 19:55:00,5.99,94.0,9.25,critical
2026-01-07 19:56:00,6.06,93.6,8.97,critical
2026-01-07 19:57:00,5.77,92.5,8.87,critical
2026-01-07 19:58:00,6.03,90.8,8.94,critical
2026-01-07 19:59:00,5.84,91.7,8.82,critical
2026-01-07 20:00:00,5.46,92.1,8.65,critical
2026-01-07 20:01:00,5.87,88.3,8.97,critical
2026-01-07 20:02:00,6.1,93.7,9.05,critical
2026-01-07 20:03:00,5.82,90.1,8.92,critical
2026-01-07 20:04:00,6.06,90.7,8.81,critical
2026-01-07 20:05:00,5.87,101.1,8.98,critical
2026-01-07 20:06:00,5.54,88.6,9.11,critical
2026-01-07 20:07:00,6.42,93.3,8.84,critical
2026-01-07 20:08:00,6.01,92.0,8.29,critical
2026-01-07 20:09:00,6.13,92.5,9.19,critical
2026-01-07 20:10:00,5.77,94.3,9.14,critical
2026-01-07 20:11:00,6.14,94.6,8.97,critical
2026-01-07 20:12:00,6.05,95.2,8.6,critical
2026-01-07 20:13:00,5.67,88.8,9.12,critical
2026-01-07 20:14:00,5.85,96.1,9.03,critical
2026-01-07 20:15:00,5.73,93.8,8.81,critical
2026-01-07 20:16:00,5.81,96.4,9.56,critical
2026-01-07 20:17:00,6.15,94.0,9.24,critical
2026-01-07 20:18:00,6.27,90.6,9.24,critical
2026-01-07 20:19:00,6.08,97.1,9.13,critical
2026-01-07 20:20:00,5.88,99.2,9.02,critical
2026-01-07 20:21:00,5.84,95.4,9.17,critical
2026-01-07 20:22:00,5.95,95.1,8.95,critical
2026-01-07 20:23:00,5.8,92.1,8.58,critical
2026-01-07 20:24:00,6.24,93.6,8.08,critical
2026-01-07 20:25:00,6.01,95.1,8.47,critical
2026-01-07 20:26:00,5.77,91.9,8.75,critical
2026-01-07 20:27:00,6.18,93.8,8.83,critical
2026-01-07 20:28:00,6.16,95.4,8.5,critical
2026-01-07 20:29:00,5.81,95.0,8.7,critical
2026-01-07 20:30:00,6.34,94.4,8.75,critical
2026-01-07 20:31:00,5.71,96.5,8.77,critical
2026-01-07 20:32:00,6.01,91.3,8.95,critical
2026-01-07 20:33:00,5.81,93.4,8.74,critical
2026-01-07 20:34:00,6.14,93.0,8.9,critical
2026-01-07 20:35:00,5.92,98.2,9.16,critical
2026-01-07 20:36:00,6.1,90.3,8.77,critical
2026-01-07 20:37:00,6.18,91.3,8.96,critical
2026-01-07 20:38:00,5.73,91.8,9.36,critical
2026-01-07 20:39:00,6.08,96.7,9.14,critical
2026-01-07 20:40:00,5.91,92.5,8.84,critical
2026-01-07 20:41:00,5.9,98.7,8.61,critical
2026-01-07 20:42:00,5.83,92.0,9.21,critical
2026-01-07 20:43:00,6.31,95.0,9.04,critical
2026-01-07 20:44:00,5.96,95.3,9.14,critical
2026-01-07 20:45:00,6.03,95.5,9.14,critical
2026-01-07 20:46:00,5.59,94.3,9.02,critical
2026-01-07 20:47:00,6.03,93.8,8.98,critical
2026-01-07 20:48:00,5.8,89.8,9.19,critical
2026-01-07 20:49:00,5.72,93.9,8.76,critical
2026-01-07 20:50:00,6.26,94.1,8.87,critical
2026-01-07 20:51:00,6.1,99.7,9.05,critical
2026-01-07 20:52:00,5.87,96.0,8.55,critical
2026-01-07 20:53:00,5.96,99.3,8.99,critical
2026-01-07 20:54:00,5.97,94.4,8.85,critical
2026-01-07 20:55:00,6.01,96.3,8.87,critical
2026-01-07 20:56:00,5.45,95.5,9.48,critical
2026-01-07 20:57:00,5.87,90.7,9.12,critical
2026-01-07 20:58:00,6.3,95.7,9.38,critical
2026-01-07 20:59:00,6.11,96.1,8.82,critical
2026-01-07 21:00:00,6.01,94.3,8.93,critical
2026-01-07 21:01:00,5.9,94.9,8.63,critical
2026-01-07 21:02:00,6.11,92.2,8.89,critical
2026-01-07 21:03:00,6.02,92.1,8.46,critical
2026-01-07 21:04:00,5.88,90.8,9.13,critical
2026-01-07 21:05:00,5.72,98.1,8.95,critical
2026-01-07 21:06:00,5.97,89.4,8.99,critical
2026-01-07 21:07:00,5.94,91.2,8.98,critical
2026-01-07 21:08:00,5.87,93.9,8.96,critical
2026-01-07 21:09:00,5.86,95.0,8.93,critical
2026-01-07 21:10:00,6.05,93.1,8.69,critical
2026-01-07 21:11:00,5.81,98.0,9.19,critical
2026-01-07 21:12:00,6.2,97.6,8.84,critical
2026-01-07 21:13:00,6.02,94.6,9.12,critical
2026-01-07 21:14:00,5.9,94.7,8.98,critical
2026-01-07 21:15:00,6.06,96.1,8.98,critical
2026-01-07 21:16:00,5.98,95.0,9.37,critical
2026-01-07 21:17:00,5.61,92.0,9.13,critical
2026-01-07 21:18:00,6.01,95.1,9.13,critical
2026-01-07 21:19:00,6.0,93.1,9.12,critical
2026-01-07 21:20:00,5.96,93.4,9.13,critical
2026-01-07 21:21:00,6.09,95.0,9.39,critical
2026-01-07 21:22:00,6.23,97.0,9.6,critical
2026-01-07 21:23:00,5.93,93.3,9.18,critical
2026-01-07 21:24:00,5.91,94.5,8.72,critical
2026-01-07 21:25:00,6.08,90.8,8.94,critical
2026-01-07 21:26:00,5.96,93.4,8.52,critical
2026-01-07 21:27:00,5.61,92.7,9.1,critical
2026-01-07 21:28:00,6.02,94.5,8.74,critical
2026-01-07 21:29:00,6.03,90.0,8.37,critical
2026-01-07 21:30:00,5.92,93.2,9.22,critical
2026-01-07 21:31:00,6.0,98.7,8.83,critical
2026-01-07 21:32:00,6.06,93.9,9.31,critical
2026-01-07 21:33:00,5.93,96.7,8.7,critical
2026-01-07 21:34:00,5.88,94.4,9.28,critical
2026-01-07 21:35:00,5.53,93.8,8.88,critical
2026-01-07 21:36:00,5.55,93.4,8.58,critical
2026-01-07 21:37:00,5.5,93.9,8.89,critical
2026-01-07 21:38:00,5.92,95.2,8.75,critical
2026-01-07 21:39:00,6.33,94.5,9.29,critical
2026-01-07 21:40:00,5.63,92.5,9.14,critical
2026-01-07 21:41:00,5.93,91.9,8.51,critical
2026-01-07 21:42:00,6.12,96.3,9.03,critical
2026-01-07 21:43:00,5.87,91.9,8.96,critical
2026-01-07 21:44:00,5.71,92.8,9.29,critical
2026-01-07 21:45:00,5.6,96.3,9.35,critical
2026-01-07 21:46:00,6.14,95.7,8.86,critical
2026-01-07 21:47:00,5.84,89.0,8.98,critical
2026-01-07 21:48:00,5.89,92.9,8.97,critical
2026-01-07 21:49:00,5.99,93.1,9.38,critical
2026-01-07 21:50:00,6.12,96.9,8.95,critical
2026-01-07 21:51:00,6.08,92.4,9.14,critical
2026-01-07 21:52:00,5.94,92.1,8.97,critical
2026-01-07 21:53:00,5.92,100.5,9.09,critical
2026-01-07 21:54:00,6.29,97.5,8.99,critical
2026-01-07 21:55:00,5.89,90.4,8.76,critical
2026-01-07 21:56:00,6.11,94.0,9.07,critical
2026-01-07 21:57:00,5.57,95.9,9.25,critical
2026-01-07 21:58:00,5.62,95.7,9.32,critical
2026-01-07 21:59:00,6.32,93.5,9.17,critical
2026-01-07 22:00:00,6.27,95.7,9.3,critical
2026-01-07 22:01:00,5.97,95.7,8.83,critical
2026-01-07 22:02:00,5.95,95.8,8.81,critical
2026-01-07 22:03:00,5.94,96.7,9.5,critical
2026-01-07 22:04:00,5.57,99.7,8.92,critical
2026-01-07 22:05:00,6.18,97.7,9.37,critical
2026-01-07 22:06:00,5.84,94.2,8.97,critical
2026-01-07 22:07:00,5.91,98.1,8.96,critical
2026-01-07 22:08:00,5.66,93.2,8.59,critical
2026-01-07 22:09:00,5.94,96.5,8.82,critical
2026-01-07 22:10:00,5.9,94.1,9.02,critical
2026-01-07 22:11:00,6.09,96.8,9.55,critical
2026-01-07 22:12:00,6.01,96.7,8.59,critical
2026-01-07 22:13:00,5.91,94.2,8.73,critical
2026-01-07 22:14:00,5.88,94.6,8.86,critical
2026-01-07 22:15:00,6.5,96.1,9.49,critical
2026-01-07 22:16:00,6.29,93.3,9.0,critical
2026-01-07 22:17:00,5.9,94.5,8.74,critical
2026-01-07 22:18:00,5.9,95.8,9.07,critical
2026-01-07 22:19:00,6.04,94.7,9.21,critical
2026-01-07 22:20:00,5.94,98.4,8.53,critical
2026-01-07 22:21:00,6.12,96.1,8.82,critical
2026-01-07 22:22:00,5.92,96.1,9.22,critical
2026-01-07 22:23:00,5.64,96.5,8.88,critical
2026-01-07 22:24:00,6.22,90.3,9.6,critical
2026-01-07 22:25:00,5.82,98.5,8.98,critical
2026-01-07 22:26:00,5.83,95.6,9.25,critical
2026-01-07 22:27:00,5.68,96.7,8.99,critical
2026-01-07 22:28:00,6.11,95.0,8.85,critical
2026-01-07 22:29:00,5.77,96.6,9.16,critical
2026-01-07 22:30:00,6.13,96.0,9.23,critical
2026-01-07 22:31:00,6.28,90.3,8.41,critical
2026-01-07 22:32:00,6.34,91.6,8.72,critical
2026-01-07 22:33:00,5.94,90.8,8.9,critical
2026-01-07 22:34:00,5.81,94.4,9.07,critical
2026-01-07 22:35:00,5.93,94.0,9.06,critical
2026-01-07 22:36:00,6.21,99.0,8.94,critical
2026-01-07 22:37:00,6.36,97.2,8.69,critical
2026-01-07 22:38:00,5.75,93.6,9.36,critical
2026-01-07 22:39:00,5.9,90.3,8.94,critical
